<?xml version="1.0" encoding="UTF-8"?>
<jcr:root xmlns:sling="http://sling.apache.org/jcr/sling/1.0" xmlns:cq="http://www.day.com/jcr/cq/1.0" xmlns:jcr="http://www.jcp.org/jcr/1.0"
    jcr:primaryType="cq:Tag"
    jcr:title="Financing and Promotions"
    sling:resourceType="cq/tagging/components/tag"
    category="Networking Solutions"
    conceptId="1428309"
    externalLaunchDate="2004-02-25 00:00:00 PST"
    lastModifiedDate="2013-06-09 10:51:30 PST"
    lifeCycle="obsolete"
    mdfId="278850397"
    metaClass="Solution Class"
    name="Financing and Promotions"
    synonym="[Financing Options,Business Solutions for Small &amp; Medium Business]">
    <Workforce_x0020_Optimization/>
    <Web_x0020_Marketing/>
    <Web_x0020_Communication/>
    <Supply-Chain_x0020_Management/>
    <Manufacturing_x0020__x0026__x0020_Distribution/>
    <E-Procurement/>
    <Financial_x0020_Management/>
    <E-Learning/>
    <Linksys_x0020_to_x0020_Cisco_x0020_Trade-Up_x0020_Program/>
    <Customer_x0020_Care/>
    <Salesforce_x0020_Automation/>
    <E-Commerce/>
    <Web_x0020_Foundation/>
</jcr:root>
