<?xml version="1.0" encoding="UTF-8"?>
<jcr:root xmlns:cq="http://www.day.com/jcr/cq/1.0" xmlns:jcr="http://www.jcp.org/jcr/1.0" xmlns:rep="internal"
    jcr:mixinTypes="[rep:AccessControllable]"
    jcr:primaryType="cq:Page">
    <jcr:content/>
    <universal-small-cell-9000-series/>
    <wap371-wireless-ac-n-dual-radio-access-point-single-point-setup/>
    <desert_sands_unified_school/>
    <whitepaper_landing_page/>
    <rush_university/>
    <_x0038_02-11n/>
    <embracing-mobility-trends-video/>
    <athens_airport/>
    <_x0038_0211n_testing_results/>
    <el_paso/>
    <enterprise_mobility_partner/>
    <miami_childrens_hospital/>
    <vcu/>
    <universal-small-cell-ran-management-system/>
    <quantum-services-bus/>
    <wireless-unified-communication/>
    <universal-small-cell-5416/>
    <universal-small-cell-5030/>
    <universal-small-cell-3331/>
    <aironet-700w-series/>
    <enterprise-mobility-services-platform/>
    <quantum-services-platform/>
    <aironet-702w-access-point/>
    <wap351-wireless-n-dual-radio-access-point-4-ports-switch/>
    <wap131-wireless-n-dual-radio-access-point/>
    <aironet-2700i-access-point/>
    <aironet-2700e-access-point/>
    <universal-small-cell-9330/>
    <erickson-living/>
    <wap351-wireless-n-dual-band-access-point-4-ports-switch/>
    <rockwell-stratix-5100-wapak9/>
    <rockwell-stratix-5100-wapek9/>
    <rockwell-stratix-5100-wapck9/>
    <rockwell-stratix-5100-wapzk9/>
    <product-listing-old/>
    <service-listing-old/>
    <solution-listing-old/>
    <comparison/>
    <purchase-considerations/>
    <customer-case-study/>
    <additional-resources/>
    <buyers-guide/>
    <doc/>
    <benefit/>
    <partner-old/>
    <partner-ordering-resources/>
    <partner-sales-and-marketing-old/>
    <partner-training-and-specialization-old/>
    <technology-old/>
    <itp-40-series-ip-transfer-points/>
    <_x0037_600-gateway-gprs-support-node/>
    <ip-transfer-point/>
    <mobile-office-net-software/>
    <wd4110-web-pad-software/>
    <content-services-gateway/>
    <packet-data-serving-node/>
    <wireless-network-management-software-suite/>
    <_x0037_600-mobile-wireless-home-agent/>
    <mobile-client/>
    <network-service-director/>
    <_x0037_600-wireless-security-gateway/>
    <adcontrol/>
    <wt2700-wireless-suite/>
    <gp10-series-gsm-ports/>
    <aironet-340-series/>
    <aironet-350-series/>
    <aironet-1200-series/>
    <aironet-1100-series/>
    <aironet-1130-ag-series/>
    <aironet-1230-ag-series/>
    <aironet-1000-series/>
    <aironet-1240-ag-series/>
    <aironet-1250-series/>
    <small-business-wireless-access-points/>
    <aironet-1140-series/>
    <small-business-ap500-series-wireless-access-points/>
    <aironet-1260-series/>
    <aironet-3500-series/>
    <aironet-1040-series/>
    <aironet-600-series-officeextend-access-point/>
    <aironet-3600-series/>
    <small-business-100-series-wireless-access-points/>
    <small-business-300-series-wireless-access-points/>
    <small-business-500-series-wireless-access-points/>
    <aironet-2600-series/>
    <aironet-1600-series/>
    <aironet-700-series/>
    <aironet-2700-series-access-point/>
    <aironet-1400-series/>
    <aironet-1300-series/>
    <aironet-340-series-workgroup-bridges/>
    <aironet-340-series-ethernet-bridges/>
    <aironet-350-series-bridges/>
    <aironet-1500-series/>
    <aironet-1520-series/>
    <aironet-1550-series/>
    <aironet-1530-series/>
    <_x0033_g-wireless-wan/>
    <aironet-wireless-lan-client-adapters/>
    <aironet-wireless-lan-client-adapters-tools-systems-administrators/>
    <secure-services-client/>
    <small-business-wireless-adapters/>
    <aironet-antennas-accessories/>
    <small-business-wireless-antennas/>
    <_x0035_00-series-wireless-express-access-points/>
    <_x0035_00-series-wireless-express-mobility-controllers/>
    <spectrum-expert/>
    <broadband-wireless-gateway/>
    <bwx-8300-series-broadband-wireless-access-system/>
    <bwx-2300-series-broadband-wireless-access-system/>
    <bwx-100-series-modems/>
    <bwx-element-management-system/>
    <bwx-200-series-modems/>
    <bwx-300-series-modems/>
    <bwx-8400-series-broadband-wireless-access-system/>
    <mobility-services-engine/>
    <context-aware-software/>
    <adaptive-wireless-ips-software/>
    <mobile-intelligent-roaming-software/>
    <mobility-services-engine-virtual-appliance/>
    <quantum/>
    <quantum-policy-suite-mobile/>
    <quantum-policy-suite-wi-fi/>
    <quantum-policy-suite-bng/>
    <aironet-cb20a-wireless-lan-client-adapter-tools/>
    <aironet-cb21ag-pi21ag-wireless-lan-client-adapter-tools/>
    <aironet-802-11a-b-g-cardbus-wireless-lan-client-adapter-tools/>
    <wmp200-wireless-g-business-pci-adapter-rangebooster/>
    <wpc200-wireless-g-business-notebook-adapter-rangebooster/>
    <wpc4400n-wireless-n-business-notebook-adapter/>
    <wusb200-wireless-g-business-usb-network-adapter-rangebooster/>
    <hga7s-highgain-antenna-r-sma-connectors/>
    <hga9n-highgain-omni-directional-antenna-n-type-connectors/>
    <_x0035_21-wireless-express-access-point/>
    <_x0035_26-wireless-express-mobility-controller/>
    <spectrum-expert-wi-fi/>
    <bwx-8305-basestation/>
    <bwx-8305-basestation-antenna/>
    <bwx-8326-basestation-combiner/>
    <bwx-8303-basestation-timing-system/>
    <bwx-2305-basestation/>
    <bwx-2305-basestation-antenna/>
    <bwx-110-desktop-modem/>
    <bwx-120-pcmcia-modem/>
    <bwx-210-desktop-modem/>
    <bwx-350-usb-modem/>
    <bwx-360-outdoor-wimax-modem/>
    <_x0033_350-mobility-services-engine/>
    <_x0033_310-mobility-services-engine/>
    <_x0033_355-mobility-services-engine/>
    <asr-5000-series/>
    <converged-services-platform/>
    <asn-access-service-network-gateway/>
    <epdg-evolved-packet-data-gateway/>
    <ggsn-gateway-gprs-support-node/>
    <mme-mobility-management-entity/>
    <pdsn-ha-packet-data-serving-node-home-agent/>
    <pgw-packet-data-network-gateway/>
    <asr-5000-small-cell-gateway/>
    <asr-5000-session-control-manager/>
    <sgsn-serving-gprs-support-node/>
    <sgw-serving-gateway/>
    <mobile-service-edge-gateway/>
    <asr-5000-element-management-system/>
    <intracer/>
    <mobility-unified-reporting-system/>
    <enhanced-charging-service/>
    <network-traffic-optimization/>
    <peer-to-peer/>
    <content-filtering/>
    <subscriber-firewall/>
    <nat-network-address-translation/>
    <_x0033_g-femtocell/>
    <_x0033_g-small-cell/>
    <wap4410n-wireless-n-access-point-poe-advanced-security/>
    <wet200-wireless-g-business-ethernet-bridge/>
    <wap54gp-wireless-access-point/>
    <wap54gpe-wireless-access-point/>
    <wap-320-wireless-n-access-point-poe-advanced-security/>
    <wap-320e-wireless-n-exterior-access-point-poe-advanced-security/>
    <aironet-1140-access-point/>
    <ap541n-wireless-access-point/>
    <aironet-1260-access-point/>
    <aironet-3500i-access-point/>
    <aironet-3500e-access-point/>
    <aironet-3500p-access-point/>
    <aironet-1040-series-access-point/>
    <aironet-602-officeextend-access-point/>
    <aironet-3600e-access-point/>
    <aironet-3600i-access-point/>
    <wap121-wireless-n-access-point-single-point-setup/>
    <wap321-wireless-n-selectable-band-access-point-single-point-setup/>
    <wap551-wireless-n-single-radio-selectable-band-access-point/>
    <wap561-wireless-n-dual-radio-selectable-band-access-point/>
    <aironet-2600i-access-point/>
    <aironet-2600e-access-point/>
    <aironet-1600e-access-point/>
    <aironet-1600i-access-point/>
    <aironet-702i-access-point/>
    <aironet-1400-wireless-bridge/>
    <aironet-1310-access-point-bridge/>
    <aironet-340-workgroup-bridge/>
    <aironet-340-ethernet-bridges/>
    <aironet-1500-series-outdoor-mesh-access-point/>
    <aironet-1510-lightweight-outdoor-mesh-access-point/>
    <aironet-1505-lightweight-outdoor-mesh-access-point/>
    <aironet-1522-lightweight-outdoor-mesh-access-point/>
    <aironet-1524-lightweight-outdoor-mesh-access-point/>
    <aironet-1552-outdoor-access-point/>
    <aironet-1552s-outdoor-access-point/>
    <aironet-1530e-outdoor-access-point/>
    <aironet-1530i-outdoor-access-point/>
    <_x0034_100-series-wireless-lan-controllers/>
    <_x0032_000-series-wireless-lan-controllers/>
    <_x0034_400-series-wireless-lan-controllers/>
    <_x0032_100-series-wireless-lan-controllers/>
    <_x0035_500-series-wireless-controllers/>
    <_x0032_500-series-wireless-controllers/>
    <flex-7500-series-wireless-controllers/>
    <_x0035_700-series-wireless-lan-controllers/>
    <_x0038_500-series-wireless-controllers/>
    <virtual-wireless-controller/>
    <catalyst-3750-series-integrated-wireless-lan-controllers/>
    <wireless-controller-software-sre/>
    <aironet-340-wireless-pc-card-adapter/>
    <aironet-340-wireless-pci-lmc-adapter/>
    <aironet-350-wireless-lan-client-adapter/>
    <aironet-5-ghz-54-mbps-wireless-lan-client-adapter-cb20a/>
    <aironet-802-11a-b-g-cardbus-wireless-lan-client-adapter-cb21ag/>
    <aironet-802-11a-b-g-pci-wireless-lan-client-adapter-pi21ag/>
    <aironet-350-mini-pci-wireless-lan-client-adapter/>
    <aironet-350-wireless-lan-client-adapter-tools/>
    <aironet-340-wireless-lan-client-adapter-tools/>
    <ggsn-release-4-0/>
    <ggsn-release-5-0/>
    <ggsn-release-6-0/>
    <ggsn-release-7-0/>
    <content-services-gateway-2nd-generation/>
    <content-services-gateway-1st-generation/>
    <packet-data-serving-node-release-3-0/>
    <network-service-director-ac-1-0/>
    <network-service-director-sd-1-0/>
    <ubr-odd-duplexer/>
    <wt2750-multipoint-broadband-wireless-system/>
    <wt2772-paa-wireless-transverter/>
    <wireless-control-system/>
    <wireless-location-appliance/>
    <wireless-control-system-navigator/>
    <prime-network-control-system-series-appliances/>
    <prime-network-control-system/>
    <aironet-340-access-points/>
    <aironet-340-access-point-captured-antenna/>
    <aironet-340-access-point-rp-tnc/>
    <aironet-350-access-points/>
    <aironet-350-workgroup-bridges/>
    <aironet-350-wireless-bridge/>
    <aironet-1200-access-point/>
    <aironet-1100-series-access-point/>
    <aironet-1130-ag-access-point/>
    <aironet-1230-ag-access-point/>
    <aironet-1000-series-lightweight-access-point/>
    <aironet-1240-ag-access-point/>
    <aironet-1250-series-access-point/>
    <wap200-wireless-g-access-point-poe-rangebooster/>
    <wap2000-wireless-g-access-point-poe/>
    <wap200e-wireless-g-exterior-access-point-poe/>
    <wap4400n-wireless-n-access-point-poe/>
    <_x0034_402-wireless-lan-controller/>
    <_x0034_404-wireless-lan-controller/>
    <_x0032_106-wireless-lan-controller/>
    <_x0032_112-wireless-lan-controller/>
    <_x0032_125-wireless-lan-controller/>
    <_x0035_508-wireless-controller/>
    <_x0032_504-wireless-controller/>
    <flex-7510-wireless-controller/>
    <_x0035_760-wireless-lan-controller/>
    <_x0038_510-wireless-controller/>
    <catalyst-3750g-integrated-wireless-lan-controller/>
    <asr-5000/>
    <asr-5500/>
    <packet-data-interworking-function-pdif/>
    <packet-data-gateway-pdg/>
    <tunnel-terminating-gateway-ttg/>
    <mobility-unified-reporting/>
    <mobility-unified-reporting-analytics/>
    <_x0033_g-femtocell-model/>
    <wireless-control-system-version-1-0/>
    <wireless-control-system-version-4-0/>
    <_x0032_700-series-wireless-location-appliance/>
    <prime-network-control-system-appliance/>
    <prime-network-control-system-1-0/>
    <prime-network-control-system-1-1/>
    <_x0034_100-series-wireless-lan-controller/>
    <_x0032_000-series-wireless-lan-controller/>
    <aironet-1552wu-outdoor-access-point/>
    <_x0033_g-small-cell-module-cisco-aironet/>
    <wap-320e-wireless-n-exterior-access-point-_xfffd_-poe-advanced-security/>
    <wireless-lan-controller/>
    <mobility-express/>
    <broadband-wireless-access/>
    <access-points/>
    <outdoor-wireless/>
    <eos-eol-policy/>
    <universal-small-cell-7000-series/>
    <connected-mobile-experiences/>
    <universal-small-cell-5000-series/>
    <universal-small-cell-3000-series/>
    <universal-small-cell-7734/>
    <itp-1602e-c-access-point/>
    <itp-2602i-c-access-point/>
    <itp-2602e-c-access-point/>
    <ap801-integrated-access-point/>
    <ap802-integrated-access-point/>
    <itp-1600-series-access-point/>
    <itp-2600-series-access-point/>
    <itp-1602i-c-access-point/>
    <quantum-abstraction-suite/>
    <quantum-son-suite/>
    <_x0038_00-1900-series-isr-integrated-access-points/>
    <eos-eol-listing/>
    <universal-small-cell-5310/>
    <aironet-3700-series/>
    <wireless_for_service_providers/>
    <russian_schools/>
    <brunel/>
    <bowdoin/>
    <eastlake_community_church/>
    <copenhagen_airport/>
    <mgm_resorts_international/>
    <cs_johnson_schools/>
    <student_demand/>
    <kent_school/>
    <cleanair/>
    <networking_solutions_products_genericcontent0900aecd8060c7be/>
    <university_college_lillebaelt/>
    <barrick/>
    <utica/>
    <avc_wireless/>
    <Technische/>
    <louisville/>
    <uni_of_colorado/>
    <wireless_for_enterprise/>
    <hoganas/>
    <school_district_enhances/>
    <aironet-3700p-access-point/>
    <aironet-3700i-access-point/>
    <universal-small-cell-hms-simulator/>
    <universal-small-cell-trace-tool/>
    <universal-small-cell-7330/>
    <aironet-3700e-access-point/>
    <eap-plug-ins-windows/>
    <wireless-lan-controller-software/>
    <meraki-cloud-managed-wireless-lan/>
    <aironet-1570-series/>
    <aironet-1700-series-access-points/>
    <aironet-701e-access-point/>
    <meraki-mr66/>
    <meraki-mr62/>
    <meraki-mr18/>
    <meraki-mr26/>
    <meraki-mr34/>
    <meraki-mr12/>
    <aironet-1700i-access-points/>
    <universal-small-cell-3330/>
    <compatible-extensions/>
    <aironet-1572ec-outdoor-access-point/>
    <aironet-1572eac-outdoor-access-point/>
    <aironet-1572ic-outdoor-access-point/>
    <_x0038_540-series-wireless-controllers/>
    <_x0035_520-series-wireless-controllers/>
    <_x0035_520-wireless-controller/>
    <_x0038_540-wireless-controller/>
    <universal-small-cell-8000-series/>
    <mobility-iq/>
    <universal-small-cell-8088/>
    <universal-small-cell-8088v/>
    <universal-small-cell-8338/>
    <universal-small-cell-8838/>
    <universal-small-cell-8438/>
    <universal-small-cell-8738/>
    <universal-small-cell-8718/>
    <universal-small-cell-8050-enterprise-management-system/>
    <access-policy-server/>
    <aironet-1850-series-access-points/>
    <houston-methodist/>
    <south-island-school/>
    <aironet-1850i-access-points/>
    <aironet-1850e-access-points/>
    <asr-5700/>
    <wap150-wireless-ac-n-dual-radio-access-point-poe/>
    <wap571-wireless-ac-n-premium-dual-radio-access-point-poe/>
    <wap361-wireless-ac-n-dual-radio-wall-plate-access-point-poe/>
    <wap571e-wireless-ac-n-premium-dual-radio-outdoor-access-point/>
    <dammam/>
    <wireless-case-study-hyatt/>
    <mindtree/>
    <cisco-live-milan/>
    <omaha-world-herald/>
    <brunel-university/>
    <ons-foundation/>
    <airprovision/>
    <industrial-wireless-3700-series/>
    <industrial-wireless-3702-access-point/>
    <aironet-1830-series-access-points/>
    <universal-small-cell-6000-series/>
    <aironet-1830i-access-points/>
    <wireless-mobile-application/>
    <aironet-1850/>
    <aironet-1830/>
    <north-west-redwater/>
    <services-platform-service-providers/>
    <services-bus-service-providers/>
    <policy-suite-bng/>
    <policy-suite-wi-fi/>
    <policy-suite-mobile/>
    <son-suite/>
    <mobility-express-partner-announcement/>
    <ap803-integrated-access-point/>
    <_x0033_365-mobility-services-engine/>
    <aironet-1560-series/>
    <enterprise-mobility-services-platform-1-0/>
    <enterprise-mobility-services-platform-2-0/>
    <mobility-unified-reporting-analytics-system/>
    <aironet-1562e-outdoor-access-point/>
    <aironet-1562i-outdoor-access-point/>
    <aironet-1562ps-outdoor-access-point/>
    <aironet-1562d-outdoor-access-point/>
    <index/>
    <service-listing/>
    <solution-listing/>
    <product-listing/>
    <technology/>
    <partner/>
    <partner-sales-and-marketing/>
    <partner-training-and-specialization/>
    <index-old/>
    <aironet-2800-series-access-points/>
    <aironet-3800-series-access-points/>
    <aironet-2800e-access-point/>
    <aironet-2800i-access-point/>
    <aironet-3800i-access-points/>
    <aironet-3800e-access-points/>
    <aironet-3800p-access-point/>
    <aironet-1810w-series-access-points/>
    <aironet-1810-series-officeextend-access-points/>
    <rep:policy/>
</jcr:root>
