<?xml version="1.0" encoding="UTF-8"?>
<jcr:root xmlns:cq="http://www.day.com/jcr/cq/1.0" xmlns:jcr="http://www.jcp.org/jcr/1.0"
    jcr:primaryType="cq:Page">
    <jcr:content/>
    <industrial-security-appliance-isa/>
    <industrial-security-appliance-3000/>
    <risk-compliance/>
    <asa-5506h-x-firepower-services/>
    <managed-services/>
    <advisory-services/>
    <index-new/>
    <integration-services/>
    <asa-5508-x-firepower-services/>
    <asa-5516-x-firepower-services/>
    <secure-access-control-system-5-7/>
    <secure-access-control-system-5-8/>
    <firepower-9000-series/>
    <firepower-9300-security-appliance/>
    <secure-network-server-sns-3400-series/>
    <secure-network-server-sns-3495-appliance/>
    <secure-network-server-sns-3415-appliance/>
    <isa-3000-4c-industrial-security-appliance/>
    <isa-3000-2c2f-industrial-security-appliance/>
    <sas-ioe/>
    <sas-risk-compliance/>
    <sas-threat-management/>
    <registered-envelope-service/>
    <zixgateway-cisco-technology/>
    <security-manager-4-9/>
    <partner-responsive/>
    <partner-announcements/>
    <identity-services-engine-express/>
    <cloud-access-security/>
    <firesight-management-center-2000/>
    <cyber-security-thought-leadership/>
    <amp-threat-grid-5500-appliance/>
    <amp-threat-grid-5000-appliance/>
    <airport-romania/>
    <content-security-management-virtual-appliance/>
    <asa-5506-x-firepower-services/>
    <amp-virtual/>
    <amp-threat-grid-appliances/>
    <nac-appliance-4-9-5/>
    <cyber-threat-defense-1-0/>
    <cyber-threat-defense-2-0/>
    <beachbody-llc/>
    <advanced-malware-protection/>
    <firepower-appliance-7050/>
    <firesight-management-center-4000/>
    <security-intelligence/>
    <talos/>
    <molina-healthcare/>
    <amp-threat-grid-cloud/>
    <amp-threat-grid-_x2013_-appliances/>
    <firepower-appliance-8370/>
    <firepower-appliance-8350/>
    <firepower-appliance-7125/>
    <firepower-appliance-8360/>
    <firepower-appliance-7115/>
    <firepower-appliance-8390/>
    <ngips/>
    <sourcefire-defense-center/>
    <sourcefire-virtual-defense-center/>
    <sourcefire-virtual-3d-sensor/>
    <sourcefire-3d-sensor/>
    <meraki-cloud-managed-mdm/>
    <meraki-cloud-managed-security-appliances/>
    <security-attack-after/>
    <better-together/>
    <during-attack/>
    <index/>
    <product-listing/>
    <service-listing/>
    <solution-listing/>
    <comparison/>
    <purchase-considerations/>
    <customer-case-study/>
    <additional-resources/>
    <buyers-guide/>
    <partner-ecosystem/>
    <benefit/>
    <partner/>
    <partner-ordering-resources/>
    <partner-sales-and-marketing/>
    <partner-training-and-specialization/>
    <technology/>
    <scanner/>
    <ids-host-sensors/>
    <security-agent/>
    <global-roaming-server-software/>
    <secure-user-registration-tool/>
    <authentication-agent/>
    <secure-access-control-server-unix/>
    <identity-services-engine/>
    <incident-control-system/>
    <multinet/>
    <ciscoworks-vpn-security-management-solution/>
    <ciscoworks-vpn-monitor/>
    <ciscoworks-access-control-list-manager/>
    <ciscoworks-management-center-ips-sensors/>
    <ciscoworks-monitoring-center-security/>
    <ciscoworks-management-center-firewalls/>
    <ciscoworks-auto-update-server-software/>
    <ciscoworks-management-center-vpn-routers/>
    <ciscoworks-security-information-management-solution/>
    <ciscoworks-management-center-cisco-security-agents/>
    <ciscoworks-monitoring-center-performance/>
    <security-auditor/>
    <security-manager/>
    <content-security-management-appliance/>
    <prime-security-manager/>
    <firerunner/>
    <virtual-network-computing/>
    <secure-desktop/>
    <hostscan/>
    <spam-virus-blocker/>
    <email-security-appliance/>
    <cloud-email-security/>
    <email-encryption/>
    <web-security-appliance/>
    <scan-safe-web-security/>
    <cloud-web-security/>
    <web-security-virtual-appliance/>
    <nac-manager-server/>
    <small-business-isa500-series-integrated-security-appliances/>
    <router-security/>
    <ios-intrusion-prevention-system-ips/>
    <ios-network-address-translation-nat/>
    <ios-network-foundation-protection-nfp/>
    <ios-content-filtering/>
    <ios-flexible-packet-matching-fpm/>
    <ios-intrusion-prevention-system-feature-software/>
    <automated-ios-protection-solution/>
    <ios-intrusion-prevention-system-signatures-cisco-configuration-professional/>
    <email-security-appliance-c370d/>
    <email-security-appliance-c370/>
    <email-security-appliance-c650/>
    <email-security-appliance-c670/>
    <email-security-appliance-x1050/>
    <email-security-appliance-x1070/>
    <email-security-appliance-c170/>
    <email-security-appliance-c160/>
    <email-security-appliance-c150/>
    <hybrid-email-security/>
    <managed-email-security/>
    <email-encryption-appliance/>
    <web-security-appliance-s160/>
    <web-security-appliance-s360/>
    <web-security-appliance-s660/>
    <web-security-appliance-s370/>
    <web-security-appliance-s670/>
    <web-security-appliance-s170/>
    <scansafe-secure-mobility/>
    <scansafe-web-filtering/>
    <scansafe-web-security/>
    <scansafe-wi-fi-hotspot-security/>
    <isa550w-integrated-security-appliance/>
    <isa570-integrated-security-appliance/>
    <isa570w-integrated-security-appliance/>
    <isa550-integrated-security-appliance/>
    <ciscoworks-security-information-management-solution-3-3/>
    <ciscoworks-security-information-management-solution-3-4/>
    <ciscoworks-management-center-cisco-security-agents-4-0/>
    <ciscoworks-monitoring-center-performance-2-0/>
    <secure-policy-manager/>
    <security-monitoring-analysis-response-system/>
    <ciscoworks-incident-resolution-management/>
    <ciscoworks-monitoring-network-admission-control/>
    <ciscoworks-security-portal/>
    <ciscoworks-vulnerability-correlation/>
    <ciscoworks-rules-based-correlation/>
    <security-auditor-1-0/>
    <security-manager-3-0/>
    <security-manager-3-1/>
    <security-manager-3-2/>
    <security-manager-3-3/>
    <security-manager-4-0/>
    <security-manager-4-1/>
    <security-manager-4-2/>
    <security-manager-4-3/>
    <security-manager-4-4/>
    <content-security-management-appliance-m1070/>
    <content-security-management-appliance-m670/>
    <content-security-management-appliance-m160/>
    <content-security-management-appliance-m170/>
    <prime-security-manager-9-0/>
    <secure-vpn-client/>
    <vpn-3000-client/>
    <vpn-5000-client/>
    <vpn-cvc-pro/>
    <vpn-client/>
    <intraport-vpn-server-software/>
    <vpn-3002-hardware-clients/>
    <easy-vpn/>
    <ssl-vpn-client/>
    <anyconnect-vpn-client/>
    <vpn-client-tools/>
    <anyconnect-secure-mobility-client/>
    <vpn-3000-series-concentrators/>
    <vpn-5000-series-concentrators/>
    <vpn-5000-series-concentrator-software/>
    <_x0037_100-series-vpn-routers/>
    <ios-sslvpn/>
    <dynamic-multipoint-vpn-dmvpn/>
    <ios-easy-vpn/>
    <group-encrypted-transport-vpn/>
    <flexvpn/>
    <traffic-anomaly-detectors/>
    <guard-ddos-mitigation-appliances/>
    <ddos-multidevice-management-system/>
    <asa-content-security-control/>
    <small-business-sa500-series-security-appliances/>
    <protectlink-security/>
    <trend-micro-protectlink/>
    <nac-appliance-clean-access/>
    <nac-profiler/>
    <nac-legacy-software/>
    <nac-guest-server/>
    <intrusion-prevention-system/>
    <ips-4200-series-sensors/>
    <netranger-sensor/>
    <ips-4300-series-sensors/>
    <ips-4500-series-sensors/>
    <ids-unix-director/>
    <threat-response/>
    <network-traffic-analyst/>
    <ips-manager-express/>
    <ips-device-manager/>
    <ciscoworks-vpn-security-management-solution-1-0/>
    <ciscoworks-vpn-security-management-solution-2-0/>
    <ciscoworks-vpn-security-management-solution-2-1/>
    <ciscoworks-vpn-security-management-solution-2-2/>
    <ciscoworks-vpn-security-management-solution-2-3/>
    <ciscoworks-vpn-monitor-v1-2/>
    <ciscoworks-vpn-monitor-v1-0/>
    <ciscoworks-vpn-monitor-v1-1/>
    <ciscoworks-access-control-list-manager-1-0/>
    <ciscoworks-access-control-list-manager-1-1/>
    <ciscoworks-access-control-list-manager-1-2/>
    <ciscoworks-access-control-list-manager-1-3/>
    <ciscoworks-access-control-list-manager-1-4/>
    <ciscoworks-access-control-list-manager-1-5/>
    <ciscoworks-access-control-list-manager-1-6/>
    <ciscoworks-management-center-ids-sensors-1-0/>
    <ciscoworks-management-center-ids-sensors-1-2/>
    <ciscoworks-management-center-ids-sensors-1-1/>
    <ciscoworks-management-center-ids-sensors-2-0/>
    <ciscoworks-management-center-ips-sensors-2-1/>
    <ciscoworks-management-center-ips-sensors-2-2/>
    <ciscoworks-monitoring-center-security-1-0/>
    <ciscoworks-monitoring-center-security-1-2/>
    <ciscoworks-monitoring-center-security-1-1/>
    <ciscoworks-monitoring-center-security-2-0/>
    <ciscoworks-monitoring-center-security-2-1/>
    <ciscoworks-monitoring-center-security-2-2/>
    <ciscoworks-management-center-pix-firewalls-1-0/>
    <ciscoworks-management-center-firewalls-1-1-2/>
    <ciscoworks-management-center-firewalls-1-2/>
    <ciscoworks-management-center-firewalls-1-3/>
    <ciscoworks-auto-update-server-software-1-0/>
    <ciscoworks-auto-update-server-software-1-1/>
    <ciscoworks-auto-update-server-software-1-3/>
    <ciscoworks-management-center-vpn-routers-1-0/>
    <ciscoworks-management-center-vpn-routers-1-1/>
    <ciscoworks-management-center-vpn-routers-1-2/>
    <ciscoworks-management-center-vpn-routers-1-3/>
    <ciscoworks-security-information-management-solution-3-1/>
    <_x0031_160-security-information-management-solution-engine/>
    <ciscoworks-security-information-management-solution-3-2/>
    <ciscoworks-security-information-management-solution-3-1-2/>
    <ciscoworks-universal-agent/>
    <security-agent-version-5-0/>
    <security-agent-version-5-1/>
    <security-agent-version-4-5/>
    <security-agent-version-4-0/>
    <security-agent-version-3-2/>
    <security-agent-version-5-2/>
    <security-agent-version-6-0/>
    <security-agent-version-6-0-1/>
    <centri-firewall/>
    <pix-500-series-security-appliances/>
    <pix-firewall-software/>
    <compatible-intraguard-firewall-series/>
    <asa-5500-series-next-generation-firewalls/>
    <asa-1000v-cloud-firewall/>
    <asa-next-generation-firewall-services/>
    <adaptive-security-appliance-asa-software/>
    <ios-firewall/>
    <pix-device-manager/>
    <adaptive-security-device-manager/>
    <asdm-jar-file/>
    <secure-user-registration-tool-2-0/>
    <secure-user-registration-tool-2-5/>
    <secure-user-registration-tool-2-0-8/>
    <secure-acs-v2-3-unix/>
    <secure-acs-v2-2-3-unix/>
    <secure-acs-v2-2-2-unix/>
    <secure-acs-v2-1-2-unix/>
    <secure-acs-v1-0-unix/>
    <secure-acs-v2-1-unix/>
    <secure-acs-v2-3-5-unix/>
    <secure-acs-v2-3-5-1-unix/>
    <secure-acs-v2-3-2-unix/>
    <secure-acs-v2-3-6-unix/>
    <secure-acs-v2-3-6-2-unix/>
    <identity-services-engine-ise-3300-series-appliances/>
    <identity-services-engine-virtual-appliance/>
    <identity-services-engine-software/>
    <secure-access-control-server-windows/>
    <secure-access-control-server-solution-engine/>
    <policy-administration-point/>
    <policy-decision-point/>
    <policy-enforcement-point/>
    <secure-access-control-system/>
    <trust-agent/>
    <_x0037_160-vpn-router/>
    <traffic-anomaly-detector-xt-5600a/>
    <traffic-anomaly-detector-sp-5700/>
    <traffic-anomaly-detector-xt-5600b/>
    <guard-xt-5650a/>
    <guard-xt-5650b/>
    <ddos-multidevice-manager-1-0/>
    <sa520-security-appliance/>
    <sa520w-security-appliance/>
    <sa540-security-appliance/>
    <sa530-security-appliance/>
    <protectlink-gateway/>
    <protectlink-endpoint/>
    <protectlink-web/>
    <adaptive-control-technology/>
    <security-monitoring-analysis-response-system-6-1/>
    <ciscoworks-incident-resolution-management-1-0/>
    <ciscoworks-monitoring-network-admission-control-3-2/>
    <ciscoworks-security-portal-1-0/>
    <ciscoworks-vulnerability-correlation-1-0/>
    <ciscoworks-rules-based-correlation-1-0/>
    <vpn-3000-client-v2-5/>
    <vpn-5000-client-v5-0/>
    <vpn-5000-client-v5-1/>
    <vpn-client-windows-v3-0/>
    <vpn-client-windows-v3-1/>
    <vpn-client-linux-v3-0/>
    <vpn-client-v3-7/>
    <vpn-client-windows-v3-6/>
    <vpn-client-v3-6/>
    <vpn-client-v3-5/>
    <vpn-client-v4-0/>
    <vpn-client-v4-6/>
    <vpn-client-v4-x/>
    <vpn-client-v5-x/>
    <vpn-client-fips/>
    <vpn-3002-hardware-client/>
    <ssl-vpn-client-v1-0-1/>
    <ssl-vpn-client-v1-0-2/>
    <ssl-vpn-client-v1-x/>
    <anyconnect-secure-mobility-client-v2-x/>
    <vpn-3005-concentrator/>
    <vpn-3015-concentrator/>
    <vpn-3030-concentrator/>
    <vpn-3060-concentrator/>
    <vpn-3080-concentrator/>
    <vpn-3020-concentrator/>
    <vpn-5002-concentrator/>
    <vpn-5008-concentrator/>
    <vpn-5001-concentrator/>
    <vpn-5000-software-v6-0/>
    <vpn-cvc-pro-v1-2/>
    <vpn-5000-software-v5-2/>
    <_x0037_120-router/>
    <_x0037_140-router/>
    <clean-access-3-3/>
    <clean-access-3-4/>
    <clean-access-3-5/>
    <nac-guest-server-1-0/>
    <nac-guest-server-1-1/>
    <nac-guest-server-2-0/>
    <nac-guest-server-2-1/>
    <ids-sensor-software-version-2-2/>
    <ids-management-software/>
    <ids-sensor-software-version-3-1/>
    <network-based-intrusion-detection-system/>
    <ids-sensor-software-version-4-0/>
    <ids-sensor-software-version-3-0/>
    <ids-sensor-software-version-4-1/>
    <ips-sensor-software-version-5-0/>
    <ids-sensor-software-version-2-5/>
    <ids-sensor-software-version-2-1/>
    <ips-sensor-software-version-5-1/>
    <ips-sensor-software-version-6-0/>
    <ips-sensor-software-version-6-1/>
    <ips-sensor-software-version-6-2/>
    <ips-sensor-software-version-7-0/>
    <ips-sensor-software-version-7-1/>
    <ips-sensor-software-version-7-2/>
    <ids-4210-sensor/>
    <ids-4230-sensor/>
    <ids-4220-sensor/>
    <ids-4235-sensor/>
    <ids-4250-sensor/>
    <ids-4250-xl-sensor/>
    <ids-4215-sensor/>
    <ips-4240-sensor/>
    <ips-4255-sensor/>
    <ips-4260-sensor/>
    <ips-4270-20-sensor/>
    <ips-4250-sx-sensor/>
    <ips-4270-sensor/>
    <ips-4345-sensor/>
    <ips-4360-sensor/>
    <ips-4510-sensor/>
    <ips-4520-sensor/>
    <secure-policy-manager-2-3/>
    <secure-policy-manager-3-0/>
    <secure-policy-manager-3-1/>
    <security-monitoring-analysis-response-system-3-2/>
    <security-monitoring-analysis-response-system-3-3/>
    <security-monitoring-analysis-response-system-3-4/>
    <security-monitoring-analysis-response-system-4-1/>
    <security-monitoring-analysis-response-system-4-2/>
    <security-monitoring-analysis-response-system-4-3/>
    <security-monitoring-analysis-response-system-5-2/>
    <security-monitoring-analysis-response-system-5-3/>
    <security-monitoring-analysis-response-system-6-0/>
    <secure-acs-3-1-windows/>
    <secure-acs-3-2-windows/>
    <secure-acs-3-3-windows/>
    <secure-acs-4-0-windows/>
    <secure-acs-4-1-windows/>
    <secure-acs-4-2-windows/>
    <secure-access-control-server-solution-engine-3-2/>
    <_x0031_111-cisco-secure-access-control-server-solution-engine/>
    <secure-access-control-server-solution-engine-3-3/>
    <secure-access-control-server-solution-engine-4-0/>
    <secure-access-control-server-solution-engine-4-1/>
    <_x0031_112-cisco-secure-access-control-solution-engine/>
    <_x0031_113-cisco-secure-access-control-solution-engine/>
    <secure-access-control-server-solution-engine-4-2/>
    <secure-access-control-system-5-0/>
    <secure-access-control-system-5-1/>
    <secure-access-control-system-5-2/>
    <secure-access-control-system-5-4/>
    <secure-access-control-system-5-3/>
    <nac-appliance-4-0/>
    <nac-appliance-3-6/>
    <nac-appliance-4-1-0/>
    <nac-appliance-4-1-1/>
    <nac-appliance-4-1-2/>
    <nac-appliance-4-1-3/>
    <nac-appliance-4-5/>
    <nac-appliance-4-1-6/>
    <nac-appliance-4-1-7/>
    <nac-appliance-4-1-8/>
    <nac-appliance-4-7/>
    <nac-appliance-4-5-1/>
    <nac-appliance-4-6/>
    <nac-appliance-4-1/>
    <nac-appliance-4-7-1/>
    <nac-appliance-4-7-2/>
    <nac-appliance-4-8/>
    <nac-appliance-4-9/>
    <nac-appliance-4-7-0/>
    <nac-appliance-4-7-3/>
    <nac-appliance-4-8-1/>
    <nac-appliance-4-8-0/>
    <nac-appliance-3315/>
    <nac-appliance-3355/>
    <nac-appliance-3395/>
    <nac-appliance-3310/>
    <nac-appliance-3350/>
    <nac-appliance-3390/>
    <nac-appliance-3140/>
    <nac-appliance-4-7-4/>
    <nac-appliance-4-8-2/>
    <nac-appliance-4-10/>
    <nac-appliance-4-7-5/>
    <nac-appliance-4-8-3/>
    <nac-appliance-4-8-4/>
    <nac-appliance-4-9-1/>
    <nac-appliance-4-9-2/>
    <nac-appliance-4-9-3/>
    <nac-profiler-2-1-7/>
    <nac-profiler-2-1-8/>
    <nac-profiler-2-1/>
    <nac-profiler-3-0/>
    <nac-profiler-3-1-0/>
    <nac-profiler-3-1-1/>
    <clean-access-3-2/>
    <centri-firewall-patches/>
    <pix-506-firewall/>
    <pix-515-firewall/>
    <pix-520-firewall/>
    <pix-525-security-appliance/>
    <pix-535-security-appliance/>
    <pix-501-security-appliance/>
    <pix-515e-security-appliance/>
    <pix-506e-security-appliance/>
    <pix-firewall-software-version-3-0/>
    <pix-firewall-software-version-4-0/>
    <pix-firewall-software-version-4-1/>
    <pix-firewall-software-version-4-2/>
    <pix-firewall-software-version-4-3/>
    <pix-firewall-software-version-4-4/>
    <pix-firewall-software-version-5-0/>
    <pix-firewall-software-version-5-1/>
    <pix-firewall-software-version-5-2/>
    <pix-firewall-software-version-5-3/>
    <pix-firewall-software-version-6-0/>
    <pix-firewall-software-version-6-1/>
    <pix-firewall-software-version-6-2/>
    <pix-firewall-software-version-6-3/>
    <pix-firewall-software-version-2-7/>
    <pix-firewall-software-version-7-0/>
    <pix-firewall-software-7-1/>
    <pix-firewall-software-7-2/>
    <pix-firewall-software-version-8-0/>
    <asa-5510-adaptive-security-appliance/>
    <asa-5520-adaptive-security-appliance/>
    <asa-5540-adaptive-security-appliance/>
    <asa-5550-adaptive-security-appliance/>
    <asa-5505-adaptive-security-appliance/>
    <asa-5580-adaptive-security-appliance/>
    <asa-5585-x-adaptive-security-appliance/>
    <asa-5585-x-adaptive-security-appliance-no-payload-encryption/>
    <asa-nexus-1000v-series-switch/>
    <asa-5512-x-adaptive-security-appliance/>
    <asa-5515-x-adaptive-security-appliance/>
    <asa-5525-x-adaptive-security-appliance/>
    <asa-5545-x-adaptive-security-appliance/>
    <asa-5555-x-adaptive-security-appliance/>
    <asa-5512-x-adaptive-security-appliance-no-payload-encryption/>
    <asa-5515-x-adaptive-security-appliance-no-payload-encryption/>
    <asa-5525-x-adaptive-security-appliance-no-payload-encryption/>
    <asa-5545-x-adaptive-security-appliance-no-payload-encryption/>
    <asa-5555-x-adaptive-security-appliance-no-payload-encryption/>
    <identity-services-engine-3355-appliance/>
    <identity-services-engine-3315-appliance/>
    <identity-services-engine-3395-appliance/>
    <secure-acs-3-0-windows/>
    <email-security-virtual-appliance/>
    <policy-management/>
    <vpn-endpoint-security-clients/>
    <web-security/>
    <intrusion-prevention-system-ips/>
    <email-security/>
    <firewalls/>
    <security-management/>
    <videos/>
    <eos-eol-policy/>
    <email-security-appliance-c380/>
    <email-security-appliance-c680/>
    <ips-sensor-software-version-7-3/>
    <virtual-adaptive-security-appliance-firewall/>
    <secure-access-control-system-5-5/>
    <eos-eol-listing/>
    <learn_yourway/>
    <byod/>
    <networking_solutions_products_genericcontent0900aecd8058815a/>
    <annual_security_report/>
    <atm_manufacturer_network/>
    <customer_case_studies/>
    <networking_solutions_products_genericcontent0900aecd80678fb4/>
    <improving_school_byod_security/>
    <securex_files/>
    <security_connections/>
    <security-manager-4-5/>
    <securex_promo/>
    <security_tech_go/>
    <secure_branch/>
    <ponemon_institute/>
    <leadership_awards/>
    <product_generic_webcast_sharepoint_security/>
    <sio_togo/>
    <nac-appliance-4-9-4/>
    <security-manager-4-6/>
    <defense-center/>
    <defense-center-virtual-appliance/>
    <firepower-7000-series-appliances/>
    <firepower-8000-series-appliances/>
    <ngips-virtual-appliance/>
    <amp-firepower-software-license/>
    <amp-appliances/>
    <amp-appliance-8150/>
    <amp-network-virtual-appliance/>
    <ssl-appliances/>
    <fireamp-endpoints/>
    <fireamp-mobile/>
    <fireamp-mac/>
    <fireamp-private-cloud-virtual-appliance/>
    <defense-center-750/>
    <defense-center-1500/>
    <defense-center-3500/>
    <firepower-appliance-7010/>
    <firepower-appliance-7020/>
    <firepower-appliance-7030/>
    <firepower-appliance-7110/>
    <firepower-appliance-7120/>
    <firepower-appliance-8120/>
    <firepower-appliance-8130/>
    <firepower-appliance-8140/>
    <firepower-appliance-8250/>
    <firepower-appliance-8260/>
    <firepower-appliance-8270/>
    <firepower-appliance-8290/>
    <ssl-appliance-1500/>
    <ssl-appliance-2000/>
    <ssl-appliance-8200/>
    <amp-appliance-7150/>
    <fireamp-pc/>
    <asa-firepower-services/>
    <asa-5585-x-firepower-ssp-60/>
    <asa-5585-x-firepower-ssp-40/>
    <asa-5585-x-firepower-ssp-20/>
    <asa-5585-x-firepower-ssp-10/>
    <asa-5555-x-firepower-services/>
    <asa-5545-x-firepower-services/>
    <asa-5525-x-firepower-services/>
    <asa-5515-x-firepower-services/>
    <asa-5512-x-firepower-services/>
    <test-page/>
    <sourcefire-legacy-products/>
    <ngips-blue-coat-x-series/>
    <security-manager-4-7/>
    <service-collateral/>
    <sourcefire-3d9900-sensor/>
    <sourcefire-3d6500-sensor/>
    <sourcefire-defense-center-1000-chassis/>
    <sourcefire-defense-center-3000-chassis/>
    <sourcefire-defense-center-500-chassis/>
    <sourcefire-3d500-sensor/>
    <sourcefire-3d1000-sensor/>
    <sourcefire-3d2500-sensor/>
    <sourcefire-3d2100-sensor/>
    <sourcefire-3d2000-sensor/>
    <sourcefire-3d3500-sensor/>
    <sourcefire-3d4500-sensor/>
    <meraki-mx60/>
    <meraki-mx60w/>
    <meraki-mx80/>
    <meraki-mx100/>
    <meraki-mx400/>
    <meraki-mx600/>
    <meraki-z1/>
    <fireamp-public-cloud-console/>
    <anyconnect-secure-mobility-client-v3-x/>
    <anyconnect-secure-mobility-client-v4-x/>
    <secure-access-control-system-5-6/>
    <cyber-threat-defense/>
    <department-of-education/>
    <security-manager-4-8/>
    <asa-5506w-x-firepower-services/>
    <content-security-management-appliance-m680/>
    <content-security-management-appliance-m380/>
    <web-security-appliance-s680/>
    <web-security-appliance-s380/>
    <firesight-management-center/>
    <web-security-appliance-s390/>
    <web-security-appliance-s690/>
    <email-security-appliance-c190/>
    <email-security-appliance-c390/>
    <email-security-appliance-c690/>
    <web-security-appliance-s190/>
    <content-security-management-appliance-m690/>
    <content-security-management-appliance-m390/>
    <content-security-management-appliance-m190/>
    <security-in-the-digital-age/>
    <secure-access-control-system-5-8-1/>
</jcr:root>
