<?xml version="1.0" encoding="UTF-8"?>
<jcr:root xmlns:cq="http://www.day.com/jcr/cq/1.0" xmlns:jcr="http://www.jcp.org/jcr/1.0" xmlns:rep="internal"
    jcr:mixinTypes="[rep:AccessControllable]"
    jcr:primaryType="cq:Page">
    <jcr:content/>
    <network-convergence-system-6000-series-routers/>
    <asr-901-6cz-fs-a-router/>
    <asr-901-6cz-fs-d-router/>
    <small-business-quickvpn/>
    <application_visibility_control/>
    <networking_solutions_products_genericcontent0900aecd80601f7e/>
    <networking_solutions_products_genericcontent0900aecd805819f5/>
    <enterprise/>
    <quick_vpn/>
    <cloud_connectors/>
    <networking_solutions_products_genericcontent0900aecd80601f65/>
    <forrester-video/>
    <networking_solutions_products_genericcontent0900aecd803abfde/>
    <special-offer-isrg2/>
    <_x0035_00-series-wpan-industrial-routers/>
    <index-old/>
    <product-listing-old/>
    <service-listing-old/>
    <solution-listing-old/>
    <comparison/>
    <purchase-considerations/>
    <customer-case-study/>
    <additional-resources/>
    <buyers-guide/>
    <doc/>
    <benefit/>
    <partner-old/>
    <partner-ordering-resources/>
    <partner-sales-and-marketing-old/>
    <partner-training-and-specialization-old/>
    <technology/>
    <_x0036_400-series-broadband-aggregators/>
    <_x0031_000-series-routers/>
    <_x0031_100-series-routers/>
    <_x0031_400-series-routers/>
    <_x0031_600-series-routers/>
    <_x0031_700-series-modular-access-routers/>
    <_x0032_000-series-routers/>
    <_x0032_500-series-routers/>
    <_x0032_600-series-multiservice-platforms/>
    <_x0033_000-series-routers/>
    <_x0033_200-series-rugged-integrated-services-routers-isr/>
    <_x0033_600-series-multiservice-platforms/>
    <_x0036_00-series-dsl-customer-premises-equipment-routers/>
    <_x0037_00-series-isdn-access-routers/>
    <_x0037_000-series-routers/>
    <_x0038_00-series-routers/>
    <ags-plus-routers/>
    <mc3810-multiservice-access-concentrators/>
    <ciscopro-cpa-900-series-routers/>
    <_x0037_400-series-routers/>
    <_x0033_700-series-multiservice-access-routers/>
    <igs-router-series/>
    <compatible-risc-router-series/>
    <compatible-micro-router-series/>
    <_x0034_000-series-routers/>
    <_x0032_800-series-integrated-services-routers-isr/>
    <_x0031_800-series-integrated-services-routers-isr/>
    <_x0033_800-series-integrated-services-routers-isr/>
    <_x0032_900-series-integrated-services-routers-isr/>
    <_x0033_900-series-integrated-services-routers-isr/>
    <_x0031_900-series-integrated-services-routers-isr/>
    <_x0034_400-series-integrated-services-routers-isr/>
    <rockwell-stratix-5900-series-routers/>
    <soho-70-series-routers/>
    <soho-90-series-secure-broadband-routers/>
    <sb-100-series-small-business-routers/>
    <sr-500-series-secure-routers/>
    <small-business-rv-series-routers/>
    <small-business-srp500-series-services-ready-platforms/>
    <_x0037_200-series-routers/>
    <_x0037_500-series-routers/>
    <_x0037_600-series-routers/>
    <_x0037_300-series-routers/>
    <asr-1000-series-aggregation-services-routers/>
    <mwr-1900-mobile-wireless-routers/>
    <mwr-2900-series-mobile-wireless-routers/>
    <_x0035_900-series-embedded-services-routers/>
    <carrier-routing-system/>
    <_x0031_2000-series-routers/>
    <_x0031_0000-series-routers/>
    <_x0031_0700-series-routers/>
    <xr-12000-series-router/>
    <asr-9000-series-aggregation-services-routers/>
    <asr-903-series-aggregation-services-routers/>
    <asr-901-series-aggregation-services-routers/>
    <asr-901-10g-series-aggregation-services-routers/>
    <asr-921-series-aggregation-services-routers/>
    <asr-941-series-aggregation-services-routers/>
    <asr-901s-series-aggregation-services-routers/>
    <power-supplies/>
    <application-extension-platform/>
    <_x0032_000-series-connected-grid-routers/>
    <_x0031_000-series-connected-grid-routers/>
    <cloud-services-router-1000v-series/>
    <mate-collector/>
    <mate-design/>
    <mate-live/>
    <asr-901-4c-f-d-router/>
    <asr-901-6cz-f-d-router/>
    <asr-901-6cz-ft-d-router/>
    <asr-901-6cz-f-a-router/>
    <asr-901-6cz-ft-a-router/>
    <asr-921-24sz-m-m-router/>
    <asr-901s-4sg-f-d-router/>
    <asr-901s-3sg-f-d-router/>
    <asr-901s-2sg-f-d-router/>
    <asr-901s-3sg-f-ah-router/>
    <asr-901s-2sg-f-ah-router/>
    <rps-300-redundant-power-system/>
    <rps-600-redundant-power-system/>
    <domestic-ac-input-power-supplies/>
    <domestic-dc-input-power-supplies/>
    <international-ac-input-power-supplies/>
    <international-dc-input-power-supplies/>
    <application-extension-platform-version-1-1/>
    <application-extension-platform-version-1-5/>
    <application-extension-platform-sre/>
    <application-extension-platform-version-1-6/>
    <_x0032_010-connected-grid-router/>
    <_x0031_240-connected-grid-router/>
    <_x0031_120-connected-grid-router/>
    <cloud-services-router-1000v/>
    <_x0037_606-s-router/>
    <_x0037_603-s-router/>
    <_x0037_304-router/>
    <_x0037_301-router/>
    <asr-1002-router/>
    <asr-1004-router/>
    <asr-1006-router/>
    <asr-1002-fixed-router/>
    <asr-1013-router/>
    <asr-1001-router/>
    <asr-1002-x-router/>
    <_x0031_900-mobile-wireless-edge-router/>
    <mwr-1941-dc-mobile-wireless-edge-router/>
    <mwr-1941-dc-a-mobile-wireless-edge-router/>
    <mwr-1951-dc-mobile-wireless-edge-router/>
    <mwr-2941-dc-mobile-wireless-router/>
    <_x0035_940-embedded-services-router/>
    <_x0035_915-embedded-service-router/>
    <_x0035_921-embedded-services-router/>
    <_x0035_930-embedded-services-router/>
    <crs-1-16-slot-line-card-chassis/>
    <crs-1-multishelf-system/>
    <crs-1-16-slot-single-shelf-system/>
    <crs-1-line-card-chassis-dual/>
    <crs-1-line-card-chassis-multi/>
    <crs-1-8-slot-single-shelf-system/>
    <crs-1-8-slot-line-card-chassis/>
    <crs-1-fabric-card-chassis/>
    <crs-1-4-slot-single-shelf-system/>
    <crs-3-16-slot-single-shelf-system/>
    <crs-3-8-slot-single-shelf-system/>
    <crs-3-4-slot-single-shelf-system/>
    <crs-3-multishelf-system/>
    <crs-line-card-chassis-enhanced/>
    <_x0031_2008-router/>
    <_x0031_2012-router/>
    <_x0031_2016-router/>
    <_x0031_2410-router/>
    <_x0031_2416-router/>
    <_x0031_2406-router/>
    <_x0031_2404-router/>
    <_x0031_2816-router/>
    <_x0031_2810-router/>
    <_x0031_2010-router/>
    <_x0031_2006-router/>
    <_x0031_2004-router/>
    <_x0031_0008-router/>
    <_x0031_0005-router/>
    <_x0031_0720-router/>
    <xr-12404-router/>
    <xr-12406-router/>
    <xr-12410-router/>
    <xr-12416-router/>
    <asr-9010-router/>
    <asr-9006-router/>
    <asr-9922-router/>
    <asr-9001-router/>
    <asr-903-router/>
    <asr-901-12c-f-d-router/>
    <asr-901-12c-ft-d-router/>
    <asr-901-4c-ft-d-router/>
    <_x0034_451-x-integrated-services-router-isr/>
    <_x0034_452-integrated-services-router-isr/>
    <rockwell-stratix-5900/>
    <soho-77-adsl-router/>
    <soho-77-h-adsl-router/>
    <soho-71-broadband-router/>
    <soho-76-adsl-router/>
    <soho-78-g-shdsl-router/>
    <soho-91-ethernet-broadband-router/>
    <soho-97-adsl-broadband-router/>
    <soho-96-adsl-over-isdn-secure-broadband-routers/>
    <sb-101-secure-broadband-router/>
    <sb-106-secure-adsl-over-isdn-router/>
    <sb-107-secure-adsl-router/>
    <sr-520-secure-router/>
    <sr-520-t1-secure-router/>
    <rv016-multi-wan-vpn-router/>
    <rv042-dual-wan-vpn-router/>
    <rv082-dual-wan-vpn-router/>
    <rvl200-4-port-ssl-ipsec-vpn-router/>
    <rvs4000-4-port-gigabit-security-router-vpn/>
    <wrv210-wireless-g-vpn-router-rangebooster/>
    <wrv200-wireless-g-vpn-router-rangebooster/>
    <wrvs4400n-wireless-n-gigabit-security-router-vpn-v2-0/>
    <wrvs4400n-wireless-n-gigabit-security-router-vpn-v1-0-v1-1/>
    <qvpn50-vpn-software/>
    <qvpnwrv-vpn-software/>
    <rt042-broadband-router/>
    <rtp300-broadband-router/>
    <wrv54g-wireless-router/>
    <rv120w-wireless-n-vpn-firewall/>
    <rv220w-wireless-network-security-firewall/>
    <rv110w-wireless-n-vpn-firewall/>
    <rv180-vpn-router/>
    <rv180w-wireless-n-multifunction-vpn-router/>
    <rv320-dual-gigabit-wan-vpn-router/>
    <rv325-dual-gigabit-wan-vpn-router/>
    <rv042g-dual-gigabit-wan-vpn-router/>
    <rv215w-wireless-n-vpn-router/>
    <cvr100w-wireless-n-vpn-router/>
    <small-business-srp520-models/>
    <small-business-srp540-models/>
    <small-business-srp520-u-models/>
    <_x0037_202-router/>
    <_x0037_204-router/>
    <_x0037_204vxr-router/>
    <_x0037_206-router/>
    <_x0037_206vxr-router/>
    <_x0037_201-router/>
    <_x0037_505-router/>
    <_x0037_507-router/>
    <_x0037_513-router/>
    <_x0037_576-router/>
    <_x0037_507-mx-router/>
    <_x0037_513-mx-router/>
    <_x0037_609-router/>
    <_x0037_603-router/>
    <_x0037_606-router/>
    <_x0037_613-router/>
    <osr-7609-router/>
    <_x0037_604-router/>
    <_x0037_609-s-router/>
    <c897vaw-integrated-services-router-isr/>
    <c897va-integrated-services-router-isr/>
    <c896va-integrated-services-router-isr/>
    <_x0038_80-voice-integrated-services-router-isr/>
    <c888ea-integrated-services-router-isr/>
    <_x0038_12-3g-integrated-services-router-isr/>
    <_x0038_12-cifi-integrated-services-router-isr/>
    <_x0038_81-3g-dual-radio-802-11n-wifi-integrated-services-router-isr/>
    <_x0038_87vagw-3g-dual-radio-802-11n-wifi-integrated-services-router-isr/>
    <_x0038_19-hardened-dual-radio-802-11n-wifi-integrated-services-router-isr/>
    <_x0038_19-hardened-3g-dual-radio-802-11n-wifi-integrated-services-router-isr/>
    <_x0038_81-3g-integrated-services-router-isr/>
    <_x0038_86vag-3g-integrated-services-router-isr/>
    <_x0038_87vag-3g-integrated-services-router-isr/>
    <_x0038_87vamg-3g-integrated-services-router-isr/>
    <_x0038_88eg-3g-integrated-services-router-isr/>
    <_x0038_60vae-w-integrated-services-router-isr/>
    <mc3810-v-access-concentrator/>
    <mc3810-v3-access-concentrator/>
    <_x0037_401-application-specific-router/>
    <_x0033_725-multiservice-access-router/>
    <_x0033_745-multiservice-access-router/>
    <_x0034_000m-router/>
    <_x0034_500m-router/>
    <_x0034_700m-router/>
    <_x0032_821-integrated-services-router-isr/>
    <_x0032_811-integrated-services-router-isr/>
    <_x0032_851-integrated-services-router-isr/>
    <_x0032_801-integrated-services-router-isr/>
    <_x0031_841-integrated-services-router-isr/>
    <_x0031_812-integrated-services-router-isr/>
    <_x0031_801-integrated-services-router-isr/>
    <_x0031_802-integrated-services-router-isr/>
    <_x0031_803-integrated-services-router-isr/>
    <_x0031_811-integrated-services-router-isr/>
    <_x0031_861-integrated-services-router-isr/>
    <_x0031_805-integrated-services-router-isr/>
    <_x0031_861e-integrated-services-router-isr/>
    <_x0033_845-integrated-services-router-isr/>
    <_x0033_825-integrated-services-router-isr/>
    <_x0033_845-ran-o-integrated-services-router-isr/>
    <_x0033_825-ip-ran-integrated-services-router-isr/>
    <_x0033_845-novpn-integrated-services-router-isr/>
    <_x0033_825-novpn-integrated-services-router-isr/>
    <_x0032_901-integrated-services-router-isr/>
    <_x0032_911-integrated-services-router-isr/>
    <_x0032_921-integrated-services-router-isr/>
    <_x0032_951-integrated-services-router-isr/>
    <_x0033_925-integrated-services-router-isr/>
    <_x0033_945-integrated-services-router-isr/>
    <_x0033_925e-integrated-services-router-isr/>
    <_x0033_945e-integrated-services-router-isr/>
    <_x0031_941-integrated-services-router-isr/>
    <_x0031_941w-integrated-services-router-isr/>
    <_x0031_921-integrated-services-router-isr/>
    <_x0031_905-serial-integrated-services-router-isr/>
    <_x0031_906c-integrated-services-router-isr/>
    <_x0034_442-integrated-services-router-isr/>
    <_x0034_441-x-integrated-services-router-isr/>
    <_x0038_04-idsl-router/>
    <_x0038_51-integrated-services-router-isr/>
    <_x0038_57-integrated-services-router-isr/>
    <_x0038_71-integrated-services-router-isr/>
    <_x0038_76-integrated-services-router-isr/>
    <_x0038_77-integrated-services-router-isr/>
    <_x0038_78-integrated-services-router-isr/>
    <_x0038_15-integrated-services-router-isr/>
    <_x0038_61-integrated-services-router-isr/>
    <_x0038_81-integrated-services-router-isr/>
    <_x0038_67-integrated-services-router-isr/>
    <_x0038_86-integrated-services-router-isr/>
    <_x0038_87-integrated-services-router-isr/>
    <_x0038_88-integrated-services-router-isr/>
    <_x0038_61w-integrated-services-router-isr/>
    <_x0038_81w-integrated-services-router-isr/>
    <_x0038_88w-integrated-services-router-isr/>
    <_x0038_81srst-integrated-services-router-isr/>
    <_x0038_88srst-integrated-services-router-isr/>
    <_x0038_81srstw-integrated-services-router-isr/>
    <_x0038_88srstw-integrated-services-router-isr/>
    <_x0038_87w-integrated-services-router-isr/>
    <_x0038_86w-integrated-services-router-isr/>
    <_x0038_80-3g-integrated-services-router-isr/>
    <_x0038_91-integrated-services-router-isr/>
    <_x0038_92-integrated-services-router-isr/>
    <_x0038_91w-integrated-services-router-isr/>
    <_x0038_92w-integrated-services-router-isr/>
    <_x0038_87v-integrated-services-router-isr/>
    <_x0038_88e-integrated-services-router-isr/>
    <_x0038_87va-integrated-services-router-isr/>
    <_x0038_86va-integrated-services-router-isr/>
    <_x0038_87va-m-integrated-services-router-isr/>
    <_x0038_86va-w-integrated-services-router-isr/>
    <_x0038_19-integrated-services-router-isr/>
    <_x0038_87va-w-integrated-services-router-isr/>
    <c881w-integrated-services-router-isr/>
    <_x0038_19-non-hardened-integrated-services-router-isr/>
    <_x0038_19-hardened-integrated-services-router-isr/>
    <_x0038_87vam-w-integrated-services-router-isr/>
    <_x0038_81-cube-integrated-services-router-isr/>
    <_x0038_86va-cube-integrated-services-router-isr/>
    <_x0038_87va-cube-integrated-services-router-isr/>
    <_x0038_88-cube-integrated-services-router-isr/>
    <_x0038_88e-cube-integrated-services-router-isr/>
    <_x0038_92f-cube-integrated-services-router-isr/>
    <_x0038_80g-integrated-services-router-isr/>
    <_x0038_66vae-integrated-services-router-isr/>
    <_x0038_67vae-integrated-services-router-isr/>
    <c892fsp-integrated-services-router-isr/>
    <c898ea-integrated-services-router-isr/>
    <c897vam-w-integrated-services-router-isr/>
    <c897va-m-integrated-services-router-isr/>
    <_x0032_519-router/>
    <_x0032_509-router/>
    <_x0032_511-router/>
    <_x0032_610-multiservice-platform/>
    <_x0032_611-multiservice-platform/>
    <_x0032_612-multiservice-platform/>
    <_x0032_613-multiservice-platform/>
    <_x0032_620-multiservice-platform/>
    <_x0032_621-multiservice-platform/>
    <_x0032_650-multiservice-platform/>
    <_x0032_651-multiservice-platform/>
    <_x0032_691-multiservice-platform/>
    <_x0032_611xm-multiservice-router/>
    <_x0032_620xm-multiservice-router/>
    <_x0032_621xm-multiservice-router/>
    <_x0032_650xm-multiservice-router/>
    <_x0032_651xm-multiservice-router/>
    <_x0032_610xm-multiservice-router/>
    <_x0033_100-series-routers/>
    <_x0033_230-rugged-integrated-services-router-isr/>
    <_x0033_220-rugged-integrated-services-router-isr/>
    <_x0033_270-rugged-integrated-services-router-isr/>
    <_x0033_250-rugged-integrated-services-router-isr/>
    <_x0033_620-multiservice-platform/>
    <_x0033_640-multiservice-platform/>
    <_x0033_660-multiservice-platform/>
    <_x0033_661-multiservice-platform/>
    <_x0033_662-telco-versatile-dcn-access-platform/>
    <_x0033_631central-office-access-router/>
    <_x0033_640a-multiservice-platform/>
    <_x0036_73-sdsl-dsl-router/>
    <_x0036_75-adsl-router/>
    <_x0036_76-adsl-router/>
    <_x0036_77-adsl-router/>
    <_x0036_78-adsl-router/>
    <_x0037_50-isdn-access-router/>
    <_x0037_60-isdn-access-router/>
    <_x0037_61-isdn-access-router/>
    <_x0037_62-isdn-access-router/>
    <_x0037_70-isdn-access-router/>
    <_x0037_72-isdn-access-router/>
    <_x0037_75-isdn-access-router/>
    <_x0037_76-isdn-access-router/>
    <_x0037_000-router/>
    <_x0037_010-router/>
    <_x0038_02-isdn-router/>
    <_x0038_03-isdn-router/>
    <_x0038_04-isdn-router/>
    <_x0038_05-serial-router/>
    <_x0038_26-adsl-router/>
    <_x0038_27-adsl-router/>
    <_x0038_27-4v-adsl-router/>
    <_x0038_06-broadband-router/>
    <_x0038_28-g-shdsl-router/>
    <_x0038_27-h-adsl-router/>
    <_x0038_01-isdn-router/>
    <_x0038_11-isdn-router/>
    <_x0038_13-isdn-router/>
    <_x0038_31-ethernet-broadband-router/>
    <_x0038_37-adsl-broadband-router/>
    <_x0038_36-adsl-over-isdn-broadband-router/>
    <_x0038_02-idsl-router/>
    <_x0036_400-broadband-aggregator/>
    <_x0031_002-router/>
    <_x0031_003-router/>
    <_x0031_004-router/>
    <_x0031_005-router/>
    <_x0031_001-router/>
    <_x0031_401-router/>
    <_x0031_417-router/>
    <_x0031_601-router/>
    <_x0031_602-router/>
    <_x0031_603-router/>
    <_x0031_604-router/>
    <_x0031_605-router/>
    <_x0031_601r-router/>
    <_x0031_602r-router/>
    <_x0031_603r-router/>
    <_x0031_604r-router/>
    <_x0031_605r-router/>
    <_x0031_720-modular-access-router/>
    <_x0031_750-modular-access-router/>
    <_x0031_751-modular-access-router/>
    <_x0031_710-security-access-router/>
    <_x0031_760-modular-access-router/>
    <_x0031_721-modular-access-router/>
    <_x0031_701-adsl-security-access-router/>
    <_x0031_711-security-access-router/>
    <_x0031_712-security-access-router/>
    <_x0031_751-v-modular-access-router/>
    <_x0031_760-v-modular-access-router/>
    <_x0032_501-router/>
    <_x0032_502-router/>
    <_x0032_503-router/>
    <_x0032_504-router/>
    <_x0032_505-router/>
    <_x0032_507-router/>
    <_x0032_513-router/>
    <_x0032_514-router/>
    <_x0032_515-router/>
    <_x0032_516-router/>
    <_x0032_520-router/>
    <_x0032_521-router/>
    <_x0032_522-router/>
    <_x0032_523-router/>
    <_x0032_524-router/>
    <_x0032_525-router/>
    <_x0032_517-router/>
    <_x0032_518-router/>
    <asr-1001-x-router/>
    <ncs-6008-8-slot-chassis/>
    <eos-eol-policy/>
    <branch-routers/>
    <cloud-connectors/>
    <asr-9912-router/>
    <_x0032_050-series-cache-engine/>
    <_x0034_400-content-router/>
    <_x0034_400-series-content-routers/>
    <_x0034_430-content-router/>
    <_x0034_450-content-router/>
    <_x0034_600-series-content-distribution-manager/>
    <_x0034_602-content-multicast-server/>
    <_x0034_610-content-multicast-server/>
    <_x0034_630-content-distribution-manager/>
    <_x0034_650-content-distribution-manager/>
    <_x0034_670-content-distribution-manager/>
    <_x0035_00-series-cache-engines/>
    <_x0035_00-series-content-engines/>
    <_x0035_05-cache-engine/>
    <_x0035_07-av-content-engine/>
    <_x0035_07-content-engine/>
    <_x0035_10-content-engine/>
    <_x0035_11-content-engine/>
    <_x0035_50-cache-engine/>
    <_x0035_60-content-engine/>
    <_x0035_65-content-engine/>
    <_x0035_66-content-engine/>
    <_x0035_70-cache-engine/>
    <_x0035_90-cache-engine/>
    <_x0035_90-content-engine/>
    <_x0037_305-content-engine/>
    <_x0037_300-series-content-engines/>
    <_x0037_306-content-engine/>
    <_x0037_320-content-engine/>
    <_x0037_325-content-engine/>
    <_x0037_326-content-engine/>
    <acns-software-version-4-0-3/>
    <acns-software-version-4-1-1/>
    <windows-server-on-waas/>
    <wide-area-virtualization-engines/>
    <wide-area-file-services-software-wafs/>
    <wide-area-application-services-waas-software-version-4-0-x/>
    <wide-area-application-services-waas-software-version-4-0-9/>
    <wide-area-application-services-waas-software-version-4-0-7/>
    <acns-software-version-4-1-3/>
    <wide-area-application-services-waas-software/>
    <acns-software-version-4-2/>
    <acns-software-version-4-2-11/>
    <acns-software-version-4-2-7/>
    <acns-software-version-4-2-9/>
    <wide-area-application-services-waas-mobile/>
    <acns-software-version-5-0/>
    <acns-software-version-5-0-7/>
    <acns-software-version-5-0-3/>
    <acns-software-version-5-0-5/>
    <acns-software-version-5-0-9/>
    <acns-software-version-5-2/>
    <acns-software-version-5-3/>
    <acns-software-version-5-1/>
    <wide-area-application-services-waas-express/>
    <acns-software-version-5-4/>
    <acns-software-version-5-5/>
    <wide-area-application-services-waas-appliances/>
    <application-content-networking-system-acns-software/>
    <cache-software/>
    <wide-area-application-services/>
    <wave-8541-wide-area-virtualization-engine/>
    <cache-software-release-2-3/>
    <cache-software-release-2-2/>
    <wave-7571-wide-area-virtualization-engine/>
    <cache-software-release-2-5/>
    <cache-software-release-3-0/>
    <cache-software-release-2-4-0/>
    <wave-7541-wide-area-virtualization-engine/>
    <wave-694-wide-area-virtualization-engine/>
    <cache-software-release-3-1/>
    <content-optimization-engine/>
    <enterprise-cdn-2-0/>
    <enterprise-cdn-2-1/>
    <enterprise-cdn-3-0/>
    <fe-511-file-engine/>
    <file-engine-series-appliances-fe/>
    <internet-cdn/>
    <ip-tv-3400-series-video-servers/>
    <ip-tv-3411-control-server/>
    <ip-tv-3412-control-server/>
    <ip-tv-3415-video-starter-system/>
    <ip-tv-3417-video-starter-system/>
    <ip-tv-3422-broadcast-server/>
    <ip-tv-3423-broadcast-server/>
    <ip-tv-3424-broadcast-server/>
    <ip-tv-3425-broadcast-server/>
    <ip-tv-3426-broadcast-server/>
    <ip-tv-3427-broadcast-server/>
    <ip-tv-3431-archive-server/>
    <ip-tv-3432-archive-server/>
    <ip-tv-3441-broadcast-server/>
    <ip-tv-3442-broadcast-server/>
    <ip-tv-software/>
    <ip-tv-software-version-2-0/>
    <ip-tv-software-version-3-0/>
    <ip-tv-software-version-3-1/>
    <ip-tv-software-version-3-2/>
    <ip-tv-software-version-3-4-20-0/>
    <ip-tv-software-version-3-4/>
    <ip-tv-software-version-3-5/>
    <ip-tv-software-version-4-0/>
    <ip-tv-software-version-5-1/>
    <ip-tv-software-version-5-2/>
    <ip-tv-software-version-5-3/>
    <localdirector-410/>
    <localdirector-416/>
    <localdirector-417/>
    <localdirector-417g/>
    <localdirector-420/>
    <localdirector-430/>
    <micro-webserver-100/>
    <localdirector-software/>
    <micro-webserver-200/>
    <micro-webservers/>
    <storage-array-12/>
    <storage-array-6/>
    <storage-array-7340/>
    <storage-array-7-14/>
    <storage-arrays/>
    <transport-performance-optimization/>
    <transport-performance-optimization-version-2-0/>
    <virtual-wide-area-application-services-vwaas/>
    <wae-512-wide-area-application-engine/>
    <wae-511-wide-area-application-engines/>
    <wae-611-wide-area-application-engine/>
    <wae-612-wide-area-application-engine/>
    <wae-7326-wide-area-application-engine/>
    <wafs-software-release-3-0/>
    <enterprise-cdn-software/>
    <localdirector-400-series/>
    <c881-integrated-services-router-isr/>
    <c891fw-integrated-services-router-isr/>
    <c891f-integrated-services-routers-isr/>
    <c888-integrated-services-router-isr/>
    <c886vaj-integrated-services-routers-isr/>
    <c886va-integrated-services-routers-isr/>
    <c887va-integrated-services-routers-isr/>
    <itp-3221-router/>
    <crs-x-8-slot-single-shelf-system/>
    <crs-x-multishelf-system/>
    <rv315w-broadband-wireless-vpn-router/>
    <asr-920-series-aggregation-services-router/>
    <asr-920-router/>
    <itp-1000-series-routers/>
    <itp-2200-series-routers/>
    <itp-3200-series-routers/>
    <itp-3201-router/>
    <itp-3211-router/>
    <itp-2241w-router/>
    <itp-2221-router/>
    <itp-1091f-router/>
    <itp-2241-router/>
    <itp-1081-router/>
    <c887vam-integrated-series-routers/>
    <_x0034_351-integrated-services-router-isr/>
    <asr-902-router/>
    <_x0034_300-series-integrated-services-routers-isr/>
    <_x0034_200-series-integrated-services-routers-isr/>
    <rv130-vpn-router/>
    <rv130w-wireless-n-multifunction-vpn-router/>
    <eos-eol-listing/>
    <service-provider-infrastructure-software/>
    <cloud_connectors_awareness/>
    <application-networking-services/>
    <isrg2_management_capabilities_app/>
    <networking_solutions_products_unified_wan_services_platforms/>
    <avc_control/>
    <networking_solutions_products_genericcontent0900aecd806caba2/>
    <_x0034_331-integrated-services-router-isr/>
    <crs-x-16-slot-single-shelf-system/>
    <asr-9904-router/>
    <enterprise-value-network-400-series-routers/>
    <_x0034_100-series-integrated-services-routers-isr/>
    <_x0038_87vam-w-integrated-services-router/>
    <rv315w-wireless-n-vpn-router/>
    <c881-integrated-services-router/>
    <c887va-integrated-services-routers/>
    <c886va-integrated-services-routers/>
    <c886vaj-integrated-services-routers/>
    <c891f-integrated-services-routers/>
    <c891fw-integrated-services-router/>
    <_x0034_14r-evn-router/>
    <_x0039_00-series-industrial-routers/>
    <_x0038_90vab-integrated-services-router-isr-vdsl2-bonding/>
    <_x0038_19-non-hardened-secure-multi-mode-4g-lte-m2m-isr-router/>
    <_x0038_81-secure-fast-ethernet-multi-mode-4g-lte-isr-router/>
    <c899-secure-gigabit-ethernet-multi-mode-4g-lte-router/>
    <_x0038_98-secure-g-shdsl-efm-atm-multi-mode-4g-lte-isr-router/>
    <wan-automation-engine/>
    <_x0038_97-multi-mode-vdsl2-adsl2-plus-pots-annex-m-multi-mode-4g-lte-router/>
    <_x0038_87-multi-mode-vdsl2-asdl2-plus-pots-multi-mode-4g-lte-router/>
    <_x0038_97-multi-mode-vdsl2-adsl2-plus-pots-multi-mode-4g-lte-router/>
    <_x0038_96-multi-mode-vdsl2-adsl2-plus-isdn-multi-mode-4g-lte-router/>
    <_x0034_452-integrated-services-router/>
    <_x0034_432-integrated-services-router/>
    <c888-integrated-services-router/>
    <_x0034_351-integrated-services-router/>
    <_x0034_321-integrated-services-router/>
    <_x0031_981-integrated-services-router-isr/>
    <_x0034_18r-evn-router/>
    <_x0039_00-series-integrated-services-routers-isr/>
    <_x0039_10-industrial-router/>
    <ios-xrv-router/>
    <_x0038_91-24x-integrated-services-router-isr/>
    <services-collateral/>
    <asr-907-router/>
    <_x0034_000-series-integrated-services-routers-isr/>
    <ir509-wpan-industrial-router/>
    <_x0035_29-wpan-industrial-router/>
    <_x0038_00m-integrated-services-router-isr/>
    <health-sparq/>
    <_x0038_00m-8-port-lan-integrated-services-router-isr/>
    <_x0038_00m-4-port-lan-integrated-services-router-isr/>
    <asr-1009-x-router/>
    <asr-1006-x-router/>
    <c891fj-integrated-services-router-isr/>
    <c867vaej-integrated-services-router-isr/>
    <_x0038_00-series-industrial-routers/>
    <_x0038_29-industrial-router/>
    <_x0038_09-industrial-router/>
    <rv134w-vdsl2-wireless-ac-vpn-router/>
    <rv132w-adsl2-plus-wireless-n-vpn-router/>
    <_x0032_911-t-integrated-services-router-isr/>
    <rv340-dual-gigabit-wan-vpn-router/>
    <_x0038_80-integrated-services-routers-isr/>
    <_x0038_10-integrated-services-routers-isr/>
    <_x0038_60-integrated-services-routers-isr/>
    <_x0038_90-integrated-services-routers-isr/>
    <rv345-dual-gigabit-wan-vpn-router/>
    <wae-automation/>
    <wae-planning/>
    <asr-1002-hx-router/>
    <asr-920-24sz-im-router/>
    <asr-920-12sz-im-router/>
    <asr-920-24sz-m-router/>
    <asr-920-24tz-m-router/>
    <asr-920-4sz-d-router/>
    <asr-920-10sz-pd-router/>
    <asr-920-4sz-a-router/>
    <asr-920-12cz-a-router/>
    <asr-920-12cz-d-router/>
    <asr-1001-hx-router/>
    <ios-xrv-9000-router/>
    <rv340w-dual-gigabit-wan-wireless-ac-vpn-router/>
    <rv345p-dual-gigabit-wan-poe-vpn-router/>
    <webcasts-old/>
    <rv320-dual-gigabit-wan-vpn-router-wf/>
    <rv325-dual-gigabit-wan-vpn-router-wf/>
    <index/>
    <product-listing/>
    <solution-listing/>
    <service-listing/>
    <webcasts/>
    <partner/>
    <partner-sales-and-marketing/>
    <partner-training-and-specialization/>
    <network-convergence-system-5000-series/>
    <network-convergence-system-5500-series/>
    <network-convergence-system-5001/>
    <network-convergence-system-5002/>
    <network-convergence-system-5508/>
    <network-convergence-system-5011/>
    <test/>
    <index-responsive/>
    <ff-test/>
    <rep:policy/>
</jcr:root>
