<?xml version="1.0" encoding="UTF-8"?>
<jcr:root xmlns:cq="http://www.day.com/jcr/cq/1.0" xmlns:jcr="http://www.jcp.org/jcr/1.0"
    jcr:primaryType="cq:Page">
    <jcr:content/>
    <index-old/>
    <product-listing-old/>
    <service-listing-old/>
    <solution-listing-old/>
    <comparison/>
    <purchase-considerations/>
    <customer-case-study/>
    <additional-resources/>
    <buyers-guide/>
    <benefit/>
    <partner-old/>
    <partner-ordering-resources/>
    <partner-sales-and-marketing-old/>
    <partner-training-and-specialization-old/>
    <technology/>
    <_x0031_500-series-micro-hubs/>
    <_x0031_538-series-10-100-micro-hubs/>
    <workgroup-concentrators/>
    <hp-10baset-hubs/>
    <catalyst-1200-software/>
    <catalyst-1600-software/>
    <catalyst-1700-software/>
    <catalyst-1800-software/>
    <catalyst-1900-software/>
    <catalyst-2100-software/>
    <catalyst-2600-software/>
    <catalyst-2800-software/>
    <catalyst-2820-software/>
    <catalyst-2900-software/>
    <catalyst-2900xl-software/>
    <catalyst-2948g-13-software/>
    <catalyst-2950-software/>
    <catalyst-3000-software/>
    <catalyst-3500xl-software/>
    <catalyst-3550-software/>
    <catalyst-3900-software/>
    <catalyst-4000-software/>
    <catalyst-4232-software/>
    <catalyst-4840g-software/>
    <catalyst-4908g-l3-software/>
    <catalyst-5000-software/>
    <catalyst-6000-software/>
    <catalyst-6000-ids-module-software/>
    <catalyst-8510c-software/>
    <catalyst-8510m-software/>
    <catalyst-8540c-software/>
    <catalyst-8540m-software/>
    <fasthub-200-software/>
    <fasthub-300-software/>
    <fasthub-400m-software/>
    <fddi-cddi-adapter-software/>
    <lan-switch-software/>
    <microhub-1503-software/>
    <microhub-1516-software/>
    <microhub-1538m-software/>
    <microswitch-1548m-software/>
    <ciscopro-workgroup-etherswitch-software/>
    <ciscopro-workgroup-fasthub-software/>
    <ciscopro-workgroup-switch-software/>
    <content-flow-monitor-software/>
    <fddi-cddi-concentrator-software/>
    <integration-utility-adapter-web-site-software/>
    <kalpana-lan-software/>
    <fastpad/>
    <igx-8400-series-switches/>
    <vco-4k-open-programmable-switches/>
    <_x0038_110-series-broadband-network-termination-units/>
    <_x0036_00-series-modems/>
    <_x0036_000-series-ip-dsl-switches/>
    <_x0036_100-series-ip-dsl-switches/>
    <_x0036_200-series-ip-dsl-switches/>
    <catalyst-1200-series-switches/>
    <catalyst-1600-series-switches/>
    <catalyst-1700-series-switches/>
    <catalyst-1800-series-switches/>
    <catalyst-1900-series-switches/>
    <catalyst-2100-series-switches/>
    <catalyst-2600-series-switches/>
    <catalyst-2800-series-switches/>
    <catalyst-2900-series-switches/>
    <catalyst-2900-xl-series-switches/>
    <catalyst-3000-series-switches/>
    <catalyst-3550-series-switches/>
    <catalyst-3500-xl-series-switches/>
    <catalyst-3900-series-switches/>
    <catalyst-4000-series-switches/>
    <catalyst-g-l3-series-switches/>
    <catalyst-5000-series-switches/>
    <catalyst-5500-series-switches/>
    <catalyst-6000-series-switches/>
    <_x0031_548-series-micro-switches/>
    <kalpana-series-etherswitches/>
    <_x0031_420-etherswitch/>
    <_x0031_220-etherswitch-series/>
    <catalyst-4200-series-switches/>
    <catalyst-2950-series-switches/>
    <catalyst-4500-series-switches/>
    <catalyst-3750-series-switches/>
    <catalyst-2970-series-switches/>
    <catalyst-2940-series-switches/>
    <catalyst-8500-series-campus-switch-routers/>
    <catalyst-3560-series-switches/>
    <catalyst-2960-series-switches/>
    <catalyst-2955-series-switches/>
    <catalyst-3750-e-series-switches/>
    <catalyst-3560-e-series-switches/>
    <redundant-power-systems/>
    <catalyst-2918-series-switches/>
    <catalyst-2975-series-switches/>
    <catalyst-2350-series-switches/>
    <catalyst-3560-x-series-switches/>
    <catalyst-3750-x-series-switches/>
    <catalyst-2360-series-switches/>
    <catalyst-2928-series-switches/>
    <edge-300-series/>
    <catalyst-2960-s-series-switches/>
    <catalyst-2960-sf-series-switches/>
    <catalyst-3850-series-switches/>
    <catalyst-2960-x-series-switches/>
    <catalyst-2960-plus-series-switches/>
    <catalyst-2960-xr-series-switches/>
    <catalyst-3650-series-switches/>
    <e340-series/>
    <catalyst-2900-series-lre-xl-switches/>
    <_x0035_00-series-lre-cpe-devices/>
    <lre-48-series-pots-splitters/>
    <catalyst-2950-lre-series-switches/>
    <cluster-management-suite-cms-software/>
    <catalyst-8500-series-multiservice-switch-routers/>
    <lightstream-atm-switches/>
    <sfs-7000-series-infiniband-server-switches/>
    <sfs-3000-series-multifabric-server-switches/>
    <sfs-high-performance-infiniband-subnet-manager/>
    <sfs-3500-series-multifabric-server-switches/>
    <infiniband-host-channel-adapters/>
    <fabric-analysis-correlation-toolkit/>
    <catalyst-3750-metro-series-switches/>
    <me-3400-series-ethernet-access-switches/>
    <me-2400-series-ethernet-access-switches/>
    <me-4500-series-ethernet-switches/>
    <me-3400e-series-ethernet-access-switches/>
    <small-business-gigabit-sp-switches/>
    <me-3600x-series-ethernet-access-switches/>
    <me-2600x-series-ethernet-access-switches/>
    <blade-switches-hp/>
    <switch-modules-ibm/>
    <blade-switches-dell/>
    <blade-switches-fsc/>
    <nexus-7000-series-switches/>
    <nexus-5000-series-switches/>
    <nexus-2000-series-fabric-extenders/>
    <rdma-accelerated-buffers-software/>
    <datagram-acceleration-layer-software/>
    <nexus-4000-series-switches/>
    <nexus-3000-series-switches/>
    <nexus-6000-series-switches/>
    <industrial-ethernet-3000-series-switches/>
    <rockwell-stratix-8000-series-switches/>
    <industrial-ethernet-3010-series-switches/>
    <industrial-ethernet-2000-series-switches/>
    <rockwell-stratix-5700-series-switches/>
    <embedded-service-2020-series-switches/>
    <catalyst-6500-series-switches/>
    <catalyst-6800-series-switches/>
    <catalyst-4900-series-switches/>
    <catalyst-6500-virtual-switching-system-1440/>
    <catalyst-4500-x-series-switches/>
    <catalyst-express-500-series-switches/>
    <catalyst-express-520-series-switches/>
    <small-business-stackable-managed-switches/>
    <small-business-smart-switches/>
    <small-business-unmanaged-switches/>
    <small-business-esw500-series-switches/>
    <small-business-100-series-unmanaged-switches/>
    <small-business-300-series-managed-switches/>
    <small-business-200-series-smart-switches/>
    <small-business-500-series-stackable-managed-switches/>
    <small-business-90-series-unmanaged-switches/>
    <esw2-series-advanced-switches/>
    <ms200x-series-ethernet-access-switch/>
    <energywise-technology/>
    <me-6500-series-ethernet-switches/>
    <me-4900-series-ethernet-switches/>
    <me-3800x-series-carrier-ethernet-switch-routers/>
    <_x0032_500-series-connected-grid-switches/>
    <industrial-ethernet-2000u-series-switches/>
    <catalyst-2960-c-series-switches/>
    <catalyst-3560-c-series-switches/>
    <nexus-1000v-switch-vmware-vsphere/>
    <nexus-1000v-intercloud/>
    <nexus-1000v-switch-microsoft-hyper-v/>
    <me-6524-gs-ethernet-switch/>
    <me-6524-gt-ethernet-switch/>
    <me-4924-10ge-switch/>
    <me-3800x-24fs-m-switch-router/>
    <cgs-2520-24tc-connected-grid-switch/>
    <cgs-2520-16s-8pc-connected-grid-switch/>
    <cgs-1000-4t-g-b-connected-grid-switch/>
    <cgs-1000-4ts-gb-connected-grid-switch/>
    <cgs-1000-8tc-g-e-connected-grid-switch/>
    <cgs-1000-16tc-g-e-connected-grid-switch/>
    <cgs-1000-16tc-g-x-connected-grid-switch/>
    <cgs-1000-16tc-gpe-connected-grid-switch/>
    <catalyst-2960cpd-8pt-l-switch/>
    <catalyst-2960cpd-8tt-l-switch/>
    <catalyst-2960cg-8tc-l-compact-switch/>
    <catalyst-2960c-8tc-l-switch/>
    <catalyst-2960c-8tc-s-switch/>
    <catalyst-2960c-8pc-l-switch/>
    <catalyst-2960c-12pc-l-switch/>
    <catalyst-3560cg-8pc-s-compact-switch/>
    <catalyst-3560cg-8tc-s-compact-switch/>
    <catalyst-3560cpd-8pt-s-compact-switch/>
    <catalyst-3560c-8pc-s-switch/>
    <catalyst-3560c-12pc-s-switch/>
    <nexus-1000v-switch/>
    <virtual-security-gateway/>
    <nexus-1100-series-cloud-services-platforms/>
    <sg300-10pp-10-port-gigabit-poe-managed-switch/>
    <sg300-10mpp-10-port-gigabit-max-poe-managed-switch/>
    <sg300-28sfp-28-port-gigabit-sfp-managed-switch/>
    <sf300-24pp-24-port-10-100-poe-managed-switch-gig-uplinks/>
    <sf300-48pp-48-port-10-100-poe-managed-switch-gig-uplinks/>
    <sg300-28pp-28-port-gigabit-poe-managed-switch/>
    <sg200-08-8-port-gigabit-smart-switch/>
    <sg200-08p-8-port-gigabit-poe-smart-switch/>
    <sf200e-24-24-port-10-100-smart-switch-2-combo-gigabit-sfp-ports/>
    <sf200e-24p-24-port-10-100-smart-switch-2-combo-gigabit-sfp-ports-poe/>
    <sf200e-48-48-port-10-100-smart-switch-2-combo-gigabit-sfp-ports/>
    <sf200e-48p-48-port-10-100-smart-switch-2-combo-gigabit-sfp-ports-poe/>
    <sg200-26-26-port-gigabit-smart-switch/>
    <sg200-26p-26-port-gigabit-poe-smart-switch/>
    <sg200-50-50-port-gigabit-smart-switch/>
    <sg200-50p-50-port-gigabit-poe-smart-switch/>
    <sf200-24-24-port-10-100-smart-switch/>
    <sf200-24p-24-port-10-100-poe-smart-switch/>
    <sf200-48-48-port-10-100-smart-switch/>
    <sf200-48p-48-port-10-100-poe-smart-switch/>
    <sg200-18-18-port-gigabit-smart-switch/>
    <sg200-10fp-10-port-poe-smart-switch/>
    <sg200-50fp-50-port-gigabit-full-poe-smart-switch/>
    <sg200-26fp-26-port-gigabit-full-poe-smart-switch/>
    <sf200-24fp-24-port-10-100-full-poe-smart-switch/>
    <sf500-24-24-port-10-100-stackable-managed-switch/>
    <sf500-48-48-port-10-100-stackable-managed-switch/>
    <sf500-24p-24-port-10-100-poe-stackable-managed-switch/>
    <sf500-48p-48p-port-10-100-poe-stackable-managed-switch/>
    <sg500-28-28-port-gigabit-stackable-managed-switch/>
    <sg500-28p-28-port-gigabit-poe-stackable-managed-switch/>
    <sg500-52-52-port-gigabit-stackable-managed-switch/>
    <sg500-52p-52-port-gigabit-poe-stackable-managed-switch/>
    <sg500x-24-24-port-gigabit-4-port-10-gigabit-stackable-managed-switch/>
    <sg500x-24p-24-port-gigabit-poe-4-port-10-gigabit-stackable-managed-switch/>
    <sg500x-48-48-port-gigabit-4-port-10-gigabit-stackable-managed-switch/>
    <sg500x-48p-48-port-gigabit-poe-4-port-10-gigabit-stackable-managed-switch/>
    <sg500xg-8f8t-16-port-10-gigabit-stackable-managed-switch/>
    <sg500-28pp-28-port-gigabit-max-poe-plus-stackable-managed-switch/>
    <sg500-52pp-52-port-gigabit-max-poe-plus-stackable-managed-switch/>
    <sg500-28mpp-28-port-gigabit-max-poe-plus-stackable-managed-switch/>
    <sg500-52mp-52-port-gigabit-max-poe-plus-stackable-managed-switch/>
    <sg500x-24mpp-24-port-gig-plus-4-10-gig-max-poe-plus-switch/>
    <sg500x-48mpp-48-port-gig-plus-4-10-gig-max-poe-plus-switch/>
    <sf500-24mp-24-port-10-100-max-poe-plus-stackable-managed-switch/>
    <sf500-48mp-48-port-10-100-max-poe-plus-stackable-managed-switch/>
    <sf90d-05-5-port-10-100-desktop-switch/>
    <sf90d-08-8-port-10-100-desktop-switch/>
    <sf90d-16-16-port-10-100-desktop-switch/>
    <sf90-24-24-port-10-100-switch/>
    <sg90d-05-5-port-gigabit-desktop-switch/>
    <sg90d-08-8-port-gigabit-desktop-switch/>
    <sg90d-08-m12-8-port-gigabit-desktop-switch-multipack-12/>
    <sg92-16-16-port-gigabit-desktop-switch/>
    <sg92-24-compact-24-port-gigabit-switch/>
    <sf90d-08-m30-8-port-10-100-desktop-switch-multipack-30/>
    <esw2-350g-52dc-advanced-managed-switch/>
    <esw2-550x-48dc-advanced-managed-switch/>
    <esw2-350g-52-advanced-managed-switch/>
    <esw2-550x-48-advanced-managed-switch/>
    <ms200x-24-24-port-10-100-ethernet-access-switch/>
    <ms200x-24s-24-port-10-100-ethernet-access-switch/>
    <ms200x-24p-24-port-10-100-poe-ethernet-access-switch/>
    <energywise-orchestrator/>
    <slm248g4ps-48-port-10-100-4-port-gigabit-smart-switch-poe/>
    <slm248g4s-48-port-10-100-4-port-gigabit-smart-switch-rct/>
    <slm248p-48-port-10-100-2-port-gigabit-smart-switch-sfps-poe/>
    <slm224g2-24-port-10-100-smart-switch-2-combo-gigabit-sfp-ports/>
    <sd2005-5-port-10-100-1000-gigabit-switch/>
    <sd205-5-port-10-100-switch/>
    <sd2008-8-port-10-100-1000-gigabit-switch/>
    <sd208-8-port-10-100-switch/>
    <sd216-16-port-10-100-desktop-switch/>
    <sr2016-16-port-10-100-1000-gigabit-switch/>
    <sr216-16-port-10-100-rack-mountable-switch/>
    <sr2024-24-port-10-100-1000-gigabit-switch/>
    <sr2024c-compact-24-port-10-100-1000-gigabit-switch/>
    <sr224-24-port-10-100-switch-13-inch-chassis/>
    <sr224g-24-port-10-100-2-port-gigabit-switch-2-minigbic/>
    <sr224r-24-port-10-100-switch-19-inch-chassis/>
    <sd208p-8-port-10-100-switch-poe-qos/>
    <sg-100d-08-8-port-gigabit-switch/>
    <esw520-24-port-10-100-switch/>
    <esw520-24-port-10-100-poe-switch/>
    <esw520-48-port-10-100-switch/>
    <esw520-48-port-10-100-poe-switch/>
    <esw540-24-port-10-100-1000-switch/>
    <esw540-24-port-10-100-1000-poe-switch/>
    <esw540-48-port-10-100-1000-switch/>
    <esw520-8-port-10-100-poe-switch/>
    <esw540-8-port-10-100-1000-poe-switch/>
    <sf100d-05-5-port-desktop-10-100-switch/>
    <sf100d-08-8-port-desktop-10-100-switch/>
    <sf100d-16-16-port-desktop-10-100-switch/>
    <sf100-16-16-port-10-100-switch/>
    <sf100-24-24-port-10-100-switch/>
    <sf102-24-24-port-10-100-switch/>
    <sg100d-08-8-port-desktop-gigabit-switch/>
    <sg100-16-16-port-gigabit-switch/>
    <sg100-24-24-port-gigabit-switch/>
    <sg102-24-compact-24-port-gigabit-switch/>
    <sf100d-08p-8-port-10-100-poe-desktop-switch/>
    <sf100d-16p-16-port-10-100-poe-desktop-switch/>
    <sg100d-05-5-port-gigabit-desktop-switch/>
    <sg100d-08p-8-port-poe-gigabit-desktop-switch/>
    <sg300-10-10-port-gigabit-managed-switch/>
    <sg300-10mp-10-port-gigabit-max-poe-managed-switch/>
    <sg300-10p-10-port-gigabit-poe-managed-switch/>
    <sg300-20-20-port-gigabit-managed-switch/>
    <sg300-28-28-port-gigabit-managed-switch/>
    <sg300-28p-28-port-gigabit-poe-managed-switch/>
    <sg300-52-52-port-gigabit-managed-switch/>
    <sf300-08-8-port-10-100-managed-switch/>
    <sf302-08-8-port-10-100-managed-switch-gigabit-uplinks/>
    <sf302-08mp-8-port-10-100-max-poe-managed-switch-gigabit-uplinks/>
    <sf302-08p-8-port-10-100-poe-managed-switch-gigabit-uplinks/>
    <sf300-24-24-port-10-100-managed-switch-gigabit-uplinks/>
    <sf300-24p-24-port-10-100-poe-managed-switch-gigabit-uplinks/>
    <sf300-48-48-port-10-100-managed-switch-gigabit-uplinks/>
    <sf300-48p-48-port-10-100-poe-managed-switch-gigabit-uplinks/>
    <sg300-52dc-52-port-gigabit-managed-switch/>
    <sg300-10sfp-10-port-gigabit-managed-sfp-switch/>
    <sg300-52p-52-port-gigabit-poe-managed-switch/>
    <sg300-52mp-52-port-gigabit-max-poe-managed-switch/>
    <sg300-28mp-28-port-gigabit-max-poe-managed-switch/>
    <sf300-24mp-24-port-10-100-max-poe-managed-switch/>
    <sf302-08pp-8-port-10-100-poe-managed-switch/>
    <sf302-08mpp-8-port-10-100-max-poe-plus-managed-switch/>
    <catalyst-6800ia-switch/>
    <catalyst-6880-x-switch/>
    <catalyst-6807-xl-switch/>
    <catalyst-4948-switch/>
    <catalyst-4948-10-gigabit-ethernet-switch/>
    <catalyst-4900m-switch/>
    <catalyst-4928-10-gigabit-ethernet-switch/>
    <catalyst-4948e-ethernet-switch/>
    <catalyst-4948e-f-ethernet-switch/>
    <catalyst-4500x-16-sfp-switch/>
    <catalyst-4500x-f-16-sfp-switch/>
    <catalyst-4500x-32-sfp-switch/>
    <catalyst-4500x-f-32-sfp-switch/>
    <catalyst-4500x-24-sfp-switch/>
    <catalyst-4500x-40-sfp-switch/>
    <catalyst-express-500-24tt-switch/>
    <catalyst-express-500-24lc-switch/>
    <catalyst-express-500-24pc-switch/>
    <catalyst-express-500g-12tc-switch/>
    <catalyst-express-520-8pc-switch/>
    <catalyst-express-520-24tt-switch/>
    <catalyst-express-520-24lc-switch/>
    <catalyst-express-520-24pc-switch/>
    <catalyst-express-520g-24tc-switch/>
    <sfe1000p-8-port-10-100-ethernet-switch-poe-fanless/>
    <sfe2010-48-port-10-100-ethernet-switch/>
    <sfe2010p-48-port-10-100-ethernet-switch-poe/>
    <srw2008-8-port-gigabit-switch-webview/>
    <srw2008mp-8-port-gigabit-switch-webview-max-poe/>
    <srw2008p-8-port-gigabit-switch-webview-poe/>
    <srw208-8-port-10-100-ethernet-switch-webview/>
    <srw208g-8-port-10-100-ethernet-switch-webview-expn-slots/>
    <srw208l-8-port-10-100-ethernet-switch-webview-lx-uplink/>
    <srw208mp-8-port-10-100-ethernet-switch-webview-max-poe/>
    <srw208p-8-port-10-100-ethernet-switch-webview-poe/>
    <srw2016-16-port-gigabit-switch-webview/>
    <sfe2000-24-port-10-100-ethernet-switch/>
    <sfe2000p-24-port-10-100-ethernet-switch-poe/>
    <sge2000-24-port-gigabit-switch/>
    <sge2000p-24-port-gigabit-switch-poe/>
    <sge2010-48-port-gigabit-switch/>
    <sge2010p-48-port-gigabit-switch-poe/>
    <srw224g4-24-port-10-100-4-port-gigabit-switch-webview/>
    <srw224g4p-24-port-10-100-4-port-gigabit-switch-webview-poe/>
    <srw224p-24-port-10-100-2-port-gigabit-switch-webview-poe/>
    <srw2024-24-port-gigabit-switch-webview/>
    <srw2024p-24-port-gigabit-switch-webview-poe/>
    <srw2048-48-port-gigabit-switch-webview/>
    <srw248g4-48-port-10-100-4-port-gigabit-switch-webview/>
    <srw248g4p-48-port-10-100-4-port-gigabit-switch-webview-poe/>
    <srw224g4-24-port-10-100-4-port-gigabit-switch-webview-v1-0/>
    <srw248g4-48-port-10-100-4-port-gigabit-switch-webview-v1-0/>
    <srw2016-16-port-gigabit-switch-webview-v1-0/>
    <srw2024-24-port-gigabit-switch-webview-v1-0/>
    <srw224-managed-switch/>
    <slm2005-5-port-gigabit-smart-switch-pd-ac-power/>
    <slm2008-8-port-gigabit-smart-switch-pd-ac-power/>
    <slm2024-24-port-gigabit-smart-switch-sfps/>
    <slm224g-24-port-10-100-2-port-gigabit-smart-switch-sfps/>
    <slm224g4ps-24-port-10-100-4-port-gigabit-smart-switch-poe/>
    <slm224g4s-24-port-10-100-4-port-gigabit-smart-switch-rct/>
    <slm224p-24-port-10-100-2-port-gigabit-smart-switch-sfps-poe/>
    <slm2048-48-port-gigabit-smart-switch-sfps/>
    <slm248g-48-port-10-100-2-port-gigabit-smart-switch-sfps/>
    <nexus-3064-switch/>
    <nexus-3048-switch/>
    <nexus-3016-switch/>
    <nexus-3548-switch/>
    <nexus-3064-t-switch/>
    <nexus-6004-switch/>
    <nexus-6001-switch/>
    <ie-3000-4tc-industrial-ethernet-switch/>
    <ie-3000-8tc-industrial-ethernet-switch/>
    <rockwell-stratix-ms06t/>
    <rockwell-stratix-ms10t/>
    <ie-3010-24tc-industrial-ethernet-switch/>
    <ie-3010-16s-8pc-industrial-ethernet-switch/>
    <ie-2000-4ts-industrial-ethernet-switch/>
    <ie-2000-4t-industrial-ethernet-switch/>
    <ie-2000-4ts-g-industrial-ethernet-switch/>
    <ie-2000-4t-g-industrial-ethernet-switch/>
    <ie-2000-8tc-industrial-ethernet-switch/>
    <ie-2000-8tc-g-industrial-ethernet-switch/>
    <ie-2000-8tc-g-e-industrial-ethernet-switch/>
    <ie-2000-8tc-g-n-industrial-ethernet-switch/>
    <ie-2000-16tc-industrial-ethernet-switch/>
    <ie-2000-16tc-g-industrial-ethernet-switch/>
    <ie-2000-16tc-g-e-industrial-ethernet-switch/>
    <ie-2000-16tc-g-x-industrial-ethernet-switch/>
    <ie-2000-16tc-g-n-industrial-ethernet-switch/>
    <ie-2000-16ptc-g-industrial-ethernet-switch/>
    <rockwell-stratix-bms06s/>
    <rockwell-stratix-bms06t/>
    <rockwell-stratix-bms06sg/>
    <rockwell-stratix-bms06tg/>
    <rockwell-stratix-bms10c/>
    <rockwell-stratix-bms10cg/>
    <rockwell-stratix-bms10cgp/>
    <rockwell-stratix-bms10cgn/>
    <rockwell-stratix-bms20c/>
    <rockwell-stratix-bms20cgl/>
    <rockwell-stratix-bms20cgp/>
    <rockwell-stratix-bms20cgpk/>
    <rockwell-stratix-bms20cgn/>
    <rockwell-stratix-bms12t4e2cg/>
    <embedded-service-2020-ncp-switch/>
    <embedded-service-2020-con-switch/>
    <embedded-service-2020-24tc-ncp-switch/>
    <embedded-service-2020-24tc-con-switch/>
    <embedded-service-2020-24tc-ncp-b-switch/>
    <embedded-service-2020-con-b-switch/>
    <embedded-service-2020-ncp-b-switch/>
    <embedded-service-2020-24tc-con-b-switch/>
    <catalyst-6506-switch/>
    <catalyst-6509-switch/>
    <catalyst-6509-neb-switch/>
    <catalyst-6513-switch/>
    <catalyst-6503-switch/>
    <catalyst-6509-neb-a-switch/>
    <catalyst-6509-e-switch/>
    <catalyst-6506-e-switch/>
    <catalyst-6503-e-switch/>
    <catalyst-6504-e-switch/>
    <catalyst-6509-v-e-switch/>
    <catalyst-6513-e-switch/>
    <catalyst-6500-borderless-services-node/>
    <ddr-host-channel-adapter/>
    <infiniband-host-channel-adapter/>
    <linux-ofed/>
    <catalyst-3750-metro-24-ac-switch/>
    <catalyst-3750-metro-24-dc-switch/>
    <me-3400-24ts-a-switch/>
    <me-3400-24ts-d-switch/>
    <me-3400g-12cs-a-switch/>
    <me-3400g-12cs-d-switch/>
    <me-3400g-2cs-a-switch/>
    <me-3400-24fs-a-switch/>
    <me-2400-24ts-a-switch/>
    <me-2400-24ts-d-switch/>
    <me-3400e-24ts-m-switch/>
    <me-3400eg-12cs-m-switch/>
    <me-3400eg-2cs-a-switch/>
    <sps208g-8-port-10-100-2-port-gigabit-sp-switch/>
    <sps224g4-24-port-10-100-4-port-gigabit-sp-switch/>
    <sps2024-24-port-gigabit-sp-switch/>
    <me-3600x-24ts-m-switch/>
    <me-3600x-24fs-m-switch/>
    <me-3600x-24cx-m-switch/>
    <me-2600x-44fa-d-k9-switch/>
    <me-2600x-44fe-d-k9-switch/>
    <me-2600x-44fa-a-k9-switch/>
    <catalyst-blade-switch-3020-hp/>
    <catalyst-blade-switch-3120-hp/>
    <catalyst-switch-module-3110-ibm-bladecenter/>
    <catalyst-switch-module-3012-ibm-bladecenter/>
    <catalyst-blade-switch-3030-dell/>
    <catalyst-blade-switch-3130-dell-m1000e/>
    <catalyst-blade-switch-3032-dell-m1000e/>
    <catalyst-blade-switch-3040-fsc/>
    <sfs-solution-ibm-bladecenter-h/>
    <sfs-solution-hp-c-class-bladesystem/>
    <sfs-solution-dell/>
    <nexus-7000-10-slot-switch/>
    <nexus-7000-18-slot-switch/>
    <nexus-7000-9-slot-switch/>
    <nexus-7000-4-slot-switch/>
    <nexus-7700-10-slot-switch/>
    <nexus-7700-18-slot-switch/>
    <nexus-5020-switch/>
    <nexus-5010-switch/>
    <nexus-5548p-switch/>
    <nexus-5596up-switch/>
    <nexus-5548up-switch/>
    <nexus-5596t-switch/>
    <nexus-2148t-fabric-extender/>
    <nexus-2232pp-10ge-fabric-extender/>
    <nexus-2248tp-ge-fabric-extender/>
    <nexus-2224tp-ge-fabric-extender/>
    <nexus-2232tm-10ge-fabric-extender/>
    <nexus-b22-blade-fabric-extender/>
    <nexus-2248tp-e-fabric-extender/>
    <nexus-2248pq-10ge-fabric-extender/>
    <nexus-2232tm-e-10ge-fabric-extender/>
    <nexus-4001i-switch-module-ibm-bladecenter/>
    <catalyst-3650-48fs-l-switch/>
    <catalyst-3650-24ts-s-switch/>
    <catalyst-3650-48ts-s-switch/>
    <catalyst-3650-24ps-s-switch/>
    <catalyst-3650-48ps-s-switch/>
    <catalyst-3650-48fs-s-switch/>
    <catalyst-3650-24ts-e-switch/>
    <catalyst-3650-48ts-e-switch/>
    <catalyst-3650-24ps-e-switch/>
    <catalyst-3650-48ps-e-switch/>
    <catalyst-3650-48fs-e-switch/>
    <catalyst-3650-24td-l-switch/>
    <catalyst-3650-48td-l-switch/>
    <catalyst-3650-24pd-l-switch/>
    <catalyst-3650-48pd-l-switch/>
    <catalyst-3650-48fd-l-switch/>
    <catalyst-3650-24td-s-switch/>
    <catalyst-3650-48td-s-switch/>
    <catalyst-3650-24pd-s-switch/>
    <catalyst-3650-48pd-s-switch/>
    <catalyst-3650-48fd-s-switch/>
    <catalyst-3650-24td-e-switch/>
    <catalyst-3650-48td-e-switch/>
    <catalyst-3650-24pd-e-switch/>
    <catalyst-3650-48pd-e-switch/>
    <catalyst-3650-48fd-e-switch/>
    <catalyst-3650-48fq-l-switch/>
    <catalyst-3650-48pq-l-switch/>
    <catalyst-3650-48tq-l-switch/>
    <catalyst-3650-48fq-s-switch/>
    <catalyst-3650-48pq-s-switch/>
    <catalyst-3650-48tq-s-switch/>
    <catalyst-3650-48fq-e-switch/>
    <catalyst-3650-48pq-e-switch/>
    <catalyst-3650-48tq-e-switch/>
    <edge-340-connected-platform/>
    <edge-340-connected-platform-wireless-model/>
    <catalyst-2912-lre-xl-switch/>
    <catalyst-2924-lre-xl-switch/>
    <_x0035_75-lre-cpe-device/>
    <_x0035_85-lre-cpe-device/>
    <_x0035_76-lre-cpe-device/>
    <lre-48-pots-splitter/>
    <catalyst-2950-8-lre-switch/>
    <catalyst-2950-24-lre-switch/>
    <catalyst-2950-lre-997-switch/>
    <cluster-management-suite-plugin/>
    <catalyst-8510-msr-switch/>
    <catalyst-8540-msr-switch/>
    <lightstream-1010-atm-switches/>
    <lightstream-2020-atm-switches/>
    <lightstream-100-series-switch/>
    <sfs-7000-infiniband-server-switch/>
    <sfs-7008-infiniband-server-switch/>
    <sfs-7012p-infiniband-server-switch/>
    <sfs-7024p-infiniband-server-switch/>
    <sfs-7000d-infiniband-server-switch/>
    <sfs-7012d-infiniband-server-switch/>
    <sfs-7024d-infiniband-server-switch/>
    <sfs-7000p-infiniband-server-switch/>
    <sfs-7008p-infiniband-server-switch/>
    <sfs-3001-multifabric-server-switch/>
    <sfs-3012-multifabric-server-switch/>
    <sfs-3504-multifabric-server-switch/>
    <catalyst-3850-48u-l-switch/>
    <catalyst-3850-24t-s-switch/>
    <catalyst-3850-48t-s-switch/>
    <catalyst-3850-24p-s-switch/>
    <catalyst-3850-48p-s-switch/>
    <catalyst-3850-48f-s-switch/>
    <catalyst-3850-24u-s-switch/>
    <catalyst-3850-48u-s-switch/>
    <catalyst-3850-24t-e-switch/>
    <catalyst-3850-48t-e-switch/>
    <catalyst-3850-24p-e-switch/>
    <catalyst-3850-48p-e-switch/>
    <catalyst-3850-48f-e-switch/>
    <catalyst-3850-24u-e-switch/>
    <catalyst-3850-48u-e-switch/>
    <catalyst-3850-24pw-s-bundle/>
    <catalyst-3850-48pw-s-bundle/>
    <catalyst-2960x-24ts-ll-switch/>
    <catalyst-2960x-48ts-ll-switch/>
    <catalyst-2960x-24ps-l-switch/>
    <catalyst-2960x-24ts-l-switch/>
    <catalyst-2960x-24psq-l-cool-switch/>
    <catalyst-2960x-48ts-l-switch/>
    <catalyst-2960x-48lps-l-switch/>
    <catalyst-2960x-48fps-l-switch/>
    <catalyst-2960x-24td-l-switch/>
    <catalyst-2960x-24pd-l-switch/>
    <catalyst-2960x-48td-l-switch/>
    <catalyst-2960x-48lpd-l-switch/>
    <catalyst-2960x-48fpd-l-switch/>
    <catalyst-2960-plus-48pst-l-switch/>
    <catalyst-2960-plus-24pc-l-switch/>
    <catalyst-2960-plus-24lc-l-switch/>
    <catalyst-2960-plus-48tc-l-switch/>
    <catalyst-2960-plus-24tc-l-switch/>
    <catalyst-2960-plus-48pst-s-switch/>
    <catalyst-2960-plus-24pc-s-switch/>
    <catalyst-2960-plus-24lc-s-switch/>
    <catalyst-2960-plus-48tc-s-switch/>
    <catalyst-2960-plus-24tc-s-switch/>
    <catalyst-2960xr-24pd-l-switch/>
    <catalyst-2960xr-24ts-l-switch/>
    <catalyst-2960xr-48ts-l-switch/>
    <catalyst-2960xr-24ps-l-switch/>
    <catalyst-2960xr-48lps-l-switch/>
    <catalyst-2960xr-48fps-l-switch/>
    <catalyst-2960xr-24td-l-switch/>
    <catalyst-2960xr-48td-l-switch/>
    <catalyst-2960xr-48lpd-l-switch/>
    <catalyst-2960xr-48fpd-l-switch/>
    <catalyst-2960xr-24ts-i-switch/>
    <catalyst-2960xr-48ts-i-switch/>
    <catalyst-2960xr-24ps-i-switch/>
    <catalyst-2960xr-48lps-i-switch/>
    <catalyst-2960xr-48fps-i-switch/>
    <catalyst-2960xr-24td-i-switch/>
    <catalyst-2960xr-48td-i-switch/>
    <catalyst-2960xr-24pd-i-switch/>
    <catalyst-2960xr-48lpd-i-switch/>
    <catalyst-2960xr-48fpd-i-switch/>
    <catalyst-3650-24ts-l-switch/>
    <catalyst-3650-48ts-l-switch/>
    <catalyst-3650-24ps-l-switch/>
    <catalyst-3650-48ps-l-switch/>
    <catalyst-3560x-24p-l-switch/>
    <catalyst-3560x-48p-l-switch/>
    <catalyst-3560x-48pf-l-switch/>
    <catalyst-3560x-24t-s-switch/>
    <catalyst-3560x-48t-s-switch/>
    <catalyst-3560x-24p-s-switch/>
    <catalyst-3560x-48p-s-switch/>
    <catalyst-3560x-48pf-s-switch/>
    <catalyst-3560x-24u-l-switch/>
    <catalyst-3560x-24u-s-switch/>
    <catalyst-3560x-24u-e-switch/>
    <catalyst-3560x-48u-l-switch/>
    <catalyst-3560x-48u-s-switch/>
    <catalyst-3560x-48u-e-switch/>
    <catalyst-3560x-24t-e-switch/>
    <catalyst-3560x-48t-e-switch/>
    <catalyst-3560x-24p-e-switch/>
    <catalyst-3560x-48p-e-switch/>
    <catalyst-3560x-48pf-e-switch/>
    <catalyst-3750x-48t-l-switch/>
    <catalyst-3750x-24t-l-switch/>
    <catalyst-3750x-24p-l-switch/>
    <catalyst-3750x-48p-l-switch/>
    <catalyst-3750x-48pf-l-switch/>
    <catalyst-3750x-24t-s-switch/>
    <catalyst-3750x-48t-s-switch/>
    <catalyst-3750x-24p-s-switch/>
    <catalyst-3750x-48p-s-switch/>
    <catalyst-3750x-48pf-s-switch/>
    <catalyst-3k-x-fan-module/>
    <catalyst-3750x-24s-s-switch/>
    <catalyst-3750x-24s-e-switch/>
    <catalyst-3750x-12s-s-switch/>
    <catalyst-3750x-12s-e-switch/>
    <catalyst-3750x-24u-l-switch/>
    <catalyst-3750x-24u-s-switch/>
    <catalyst-3750x-24u-e-switch/>
    <catalyst-3750x-48u-s-switch/>
    <catalyst-3750x-48u-l-switch/>
    <catalyst-3750x-48u-e-switch/>
    <catalyst-3750x-24t-e-switch/>
    <catalyst-3750x-48t-e-switch/>
    <catalyst-3750x-24p-e-switch/>
    <catalyst-3750x-48p-e-switch/>
    <catalyst-3750x-48pf-e-switch/>
    <catalyst-2360-48td-s/>
    <catalyst-2928-24tc-c-switch/>
    <catalyst-c2928-48tc-c-switch/>
    <catalyst-c2928-24lt-c-switch/>
    <edge-300-switch/>
    <edge-300-wireless-model/>
    <catalyst-2960s-f48fps-l-switch/>
    <catalyst-2960s-f48lps-l-switch/>
    <catalyst-2960s-f24ps-l-switch/>
    <catalyst-2960s-f48ts-l-switch/>
    <catalyst-2960s-f24ts-l-switch/>
    <catalyst-2960s-f48ts-s-switch/>
    <catalyst-2960s-f24ts-s-switch/>
    <catalyst-3850-24p-l-switch/>
    <catalyst-3850-24t-l-switch/>
    <catalyst-3850-48t-l-switch/>
    <catalyst-3850-48p-l-switch/>
    <catalyst-3850-48f-l-switch/>
    <catalyst-3850-24u-l-switch/>
    <catalyst-2960-24-s-switch/>
    <catalyst-2960-24tc-s-switch/>
    <catalyst-2960-48tc-s-switch/>
    <catalyst-2960-24lt-l-switch/>
    <catalyst-2960-24pc-l-switch/>
    <catalyst-2960pd-8tt-l-compact-switch/>
    <catalyst-2960-48tt-s-switch/>
    <catalyst-2960-8tc-s-compact-switch/>
    <catalyst-2960-48pst-l-switch/>
    <catalyst-2960-48pst-s-switch/>
    <catalyst-2960-24pc-s-switch/>
    <catalyst-2960-24lc-s-switch/>
    <catalyst-2960s-48fpd-l-switch/>
    <catalyst-2960s-48lpd-l-switch/>
    <catalyst-2960s-24pd-l-switch/>
    <catalyst-2960s-24td-l-switch/>
    <catalyst-2960s-48td-l-switch/>
    <catalyst-2960s-48fps-l-switch/>
    <catalyst-2960s-48lps-l-switch/>
    <catalyst-2960s-48ts-l-switch/>
    <catalyst-2960s-24ps-l-switch/>
    <catalyst-2960s-24ts-l-switch/>
    <catalyst-2960s-48ts-s-switch/>
    <catalyst-2960s-24ts-s-switch/>
    <catalyst-2955t-12-switch/>
    <catalyst-2955c-12-switch/>
    <catalyst-2955s-12-switch/>
    <catalyst-3750e-24td-s-switch/>
    <catalyst-3750e-24td-e-switch/>
    <catalyst-3750e-48td-s-switch/>
    <catalyst-3750e-48td-e-switch/>
    <catalyst-3750e-24pd-s-switch/>
    <catalyst-3750e-24pd-e-switch/>
    <catalyst-3750e-48pd-s-switch/>
    <catalyst-3750e-48pd-e-switch/>
    <catalyst-3750e-48pd-sf-switch/>
    <catalyst-3750e-48pd-ef-switch/>
    <catalyst-3560e-24td-s-switch/>
    <catalyst-3560e-24td-e-switch/>
    <catalyst-3560e-48td-s-switch/>
    <catalyst-3560e-48td-e-swtch/>
    <catalyst-3560e-24pd-s-switch/>
    <catalyst-3560e-24pd-e-switch/>
    <catalyst-3560e-48pd-s-switch/>
    <catalyst-3560e-48pd-e-switch/>
    <catalyst-3560e-48pd-sf-switch/>
    <catalyst-3560e-48pd-ef-switch/>
    <catalyst-3560e-12d-e-switch/>
    <catalyst-3560e-12d-s-switch/>
    <catalyst-3560e-12sd-s-switch/>
    <catalyst-3560e-12sd-e-switch/>
    <rps-675-redundant-power-system/>
    <redundant-power-system-2300/>
    <expandable-power-system-2200/>
    <catalyst-2918-24tc-c-switch/>
    <catalyst-2918-48tc-c-switch/>
    <catalyst-2918-24tt-c-switch/>
    <catalyst-2918-48tt-c-switch/>
    <catalyst-2975-switch/>
    <catalyst-2350-48td-s-switch/>
    <catalyst-2350-48td-sd-switch/>
    <catalyst-3560x-24t-l-switch/>
    <catalyst-3560x-48t-l-switch/>
    <catalyst-2950t-48-si-switch/>
    <catalyst-2950sx-48-si-switch/>
    <catalyst-4503-switch/>
    <catalyst-4506-switch/>
    <catalyst-4507r-switch/>
    <catalyst-4510r-switch/>
    <catalyst-4503-e-switch/>
    <catalyst-4507r-plus-e-switch/>
    <catalyst-4510r-plus-e-switch/>
    <catalyst-4506-e-switch/>
    <catalyst-3750g-24ts-switch/>
    <catalyst-3750g-24t-switch/>
    <catalyst-3750-24ts-switch/>
    <catalyst-3750-48ts-switch/>
    <catalyst-3750g-12s-switch/>
    <catalyst-3750-24ps-switch/>
    <catalyst-3750-48ps-switch/>
    <catalyst-3750g-16td-switch/>
    <catalyst-3750g-24ts-1u-switch/>
    <catalyst-3750g-24ps-switch/>
    <catalyst-3750g-48ts-switch/>
    <catalyst-3750g-48ps-switch/>
    <catalyst-3750-24fs-switch/>
    <catalyst-3750g-12s-sd-switch/>
    <catalyst-3750g-24ws-switch/>
    <catalyst-3750v2-24ts-switch/>
    <catalyst-3750v2-48ts-switch/>
    <catalyst-3750v2-24ps-switch/>
    <catalyst-3750v2-48ps-switch/>
    <catalyst-3750v2-24fs-switch/>
    <catalyst-2970g-24t-switch/>
    <catalyst-2970g-24ts-switch/>
    <catalyst-2940-8tt-switch/>
    <catalyst-2940-8tf-switch/>
    <catalyst-8510-csr-switch/>
    <catalyst-8540-csr-switch/>
    <catalyst-3560-24ps-switch/>
    <catalyst-3560-48ps-switch/>
    <catalyst-3560g-24ts-switch/>
    <catalyst-3560g-24ps-switch/>
    <catalyst-3560g-48ts-switch/>
    <catalyst-3560g-48ps-switch/>
    <catalyst-3560-24ts-switch/>
    <catalyst-3560-48ts-switch/>
    <catalyst-3560-8pc-compact-switch/>
    <catalyst-3560-12pc-s-compact-switch/>
    <catalyst-3560v2-24ts-switch/>
    <catalyst-3560v2-48ts-switch/>
    <catalyst-3560v2-24ps-switch/>
    <catalyst-3560v2-48ps-switch/>
    <catalyst-3560v2-24dc-switch/>
    <catalyst-2960-24tc-l-switch/>
    <catalyst-2960-48tc-l-switch/>
    <catalyst-2960g-24tc-l-switch/>
    <catalyst-2960-24tt-l-switch/>
    <catalyst-2960-48tt-l-switch/>
    <catalyst-2960g-48tc-l-switch/>
    <catalyst-2960-8tc-l-compact-switch/>
    <catalyst-2960g-8tc-l-compact-switch/>
    <catalyst-2926gl-switch/>
    <catalyst-2926gs-switch/>
    <catalyst-2926t-switch/>
    <catalyst-2924-switch/>
    <catalyst-2924m-xl-dc-switch/>
    <catalyst-2912-xl-switch/>
    <catalyst-2924c-xl-switch/>
    <catalyst-2924-xl-switch/>
    <catalyst-2924m-xl-switch/>
    <catalyst-2912mf-xl-switch/>
    <catalyst-2916m-xl-switch/>
    <catalyst-2908-xl-switch/>
    <catalyst-3550-12t-switch/>
    <catalyst-3550-12g-switch/>
    <catalyst-3550-24-smi-switch/>
    <catalyst-3550-24-dc-smi-switch/>
    <catalyst-3550-24-emi-switch/>
    <catalyst-3550-48-smi-switch/>
    <catalyst-3550-48-emi-switch/>
    <catalyst-3550-24-fx-smi-switch/>
    <catalyst-3550-24-pwr-switch/>
    <catalyst-3508g-xl-switch/>
    <catalyst-3512-xl-switch/>
    <catalyst-3524-xl-switch/>
    <catalyst-3524-pwr-xl-switch/>
    <catalyst-3548-xl-switch/>
    <catalyst-3900-switch/>
    <catalyst-3920-switch/>
    <catalyst-4003-switch/>
    <catalyst-4006-switch/>
    <catalyst-4912g-switch/>
    <catalyst-c2948g-l3-ethernet-switch/>
    <catalyst-4908g-l3-switch/>
    <catalyst-4840g-switch/>
    <catalyst-5000-switch/>
    <catalyst-5002-switch/>
    <catalyst-5500-switch/>
    <catalyst-5505-switch/>
    <catalyst-5509-switch/>
    <catalyst-6006-switch/>
    <catalyst-6009-switch/>
    <catalyst-6000-switch/>
    <_x0031_548u-ds-micro-switch/>
    <_x0031_548m-micro-switch/>
    <kalpana-pro16-series-etherswitches/>
    <_x0031_221-etherswitch/>
    <_x0031_222-etherswitch/>
    <_x0031_223-etherswitch/>
    <catalyst-4224-access-gateway-switch/>
    <catalyst-2950-12-switch/>
    <catalyst-2950-24-switch/>
    <catalyst-2950c-24-switch/>
    <catalyst-2950t-24-switch/>
    <catalyst-2950g-12-ei-switch/>
    <catalyst-2950g-24-ei-dc-switch/>
    <catalyst-2950g-48-ei-switch/>
    <catalyst-2950sx-24-switch/>
    <catalyst-2950g-24-ei-switch/>
    <mgx-8230-software/>
    <mgx-8240-software/>
    <mgx-8250-software/>
    <mgx-8850-software/>
    <mgx-8900-series-switches/>
    <mgx-8950-software/>
    <bpx-igx-ipx-wan-software/>
    <transpath-ms-switching/>
    <transpath-multiservice-software/>
    <ipx-igx-wan-software/>
    <transpath-ms-card-firmware/>
    <voice-interworking-service-module-software/>
    <wan-q-interface-signalling-protocol-qsig-software/>
    <_x0036_05-adsl-modem/>
    <_x0036_26-adsl-modem/>
    <_x0036_27-adsl-modem/>
    <_x0036_33-sdsl-digital-service-unit/>
    <_x0036_015-ip-dsl-switch/>
    <_x0036_110-dsl-access-concentrator/>
    <_x0036_120-dsl-access-concentrator/>
    <_x0036_130-ip-dsl-switch/>
    <_x0036_160-ip-dsl-switch/>
    <_x0036_260-ip-dsl-switch/>
    <catalyst-1600-switch/>
    <catalyst-1912-df-switch/>
    <catalyst-1912c-df-switch/>
    <catalyst-1924-df-switch/>
    <catalyst-1924c-df-switch/>
    <catalyst-1924-en-switch/>
    <catalyst-1924-a-switch/>
    <catalyst-1924c-en-switch/>
    <catalyst-1924c-a-switch/>
    <catalyst-1924f-a-switch/>
    <catalyst-1924f-en-switch/>
    <catalyst-1912-en-switch/>
    <catalyst-1912-a-switch/>
    <catalyst-1912c-en-switch/>
    <catalyst-1912-c-a-switch/>
    <catalyst-1924-en-dc-switch/>
    <catalyst-1900-switch/>
    <catalyst-1900-c-switch/>
    <catalyst-1912-switch/>
    <catalyst-1912-c-switch/>
    <catalyst-1924-switch/>
    <catalyst-1924-c-switch/>
    <catalyst-1924-dc-switch/>
    <catalyst-1924f-switch/>
    <catalyst-2600-switch/>
    <catalyst-2820-modular-ethernet-switch/>
    <catalyst-2828-df-switch/>
    <catalyst-2828-a-ethernet-switch/>
    <catalyst-2828-en-modular-ethernet-switch/>
    <catalyst-2822-switch/>
    <catalyst-2926-switch/>
    <catalyst-2926g-switch/>
    <catalyst-2948g-l2-switch/>
    <catalyst-2980g-a-switch/>
    <catalyst-2948g-ge-tx-switch/>
    <_x0031_528-micro-hub/>
    <_x0031_538-micro-hub/>
    <_x0031_538m-micro-hub/>
    <ws-c1100-cddi-fddi-workgroup-concentrator/>
    <ws-c1400-workgroup-concentrator/>
    <hp-10baset-hub-16m/>
    <fasthub-100-series-hubs/>
    <fasthub-200-series-hubs/>
    <fasthub-300-series-hubs/>
    <fasthub-400-10-100-series-repeaters/>
    <catalyst-3550-series-enhanced-multilayer-software-image-emi-upgrade-kit/>
    <catalyst-4000-series-lan-switch-software-version-7-3-1/>
    <catalyst-4000-series-lan-switch-software-version-7-4-1/>
    <catalyst-4000-series-lan-switch-software-version-7-5/>
    <catalyst-6000-6500-network-analysis-module-software-version-2-2/>
    <catalyst-6500-intrusion-detection-system-module-software-release-3-1/>
    <catalyst-6000-intrusion-detection-system-module-software-release-2-5/>
    <catalyst-6000-intrusion-detection-system-module-software-release-3-0/>
    <igx-8400-mpls-label-switch-router/>
    <igx-8410-multiservice-switch/>
    <igx-8420-multiservice-switch/>
    <igx-8430-multiservice-switch/>
    <igx-8450-ses-multiservice-switch/>
    <vco-4k-open-programmable-switch/>
    <_x0038_110-broadband-network-termination-unit/>
    <bpx-8600-series-switches/>
    <ses-pnni-wan-software/>
    <bpx-8600-software/>
    <mgx-8200-series-edge-concentrators/>
    <mgx-8800-series-switches/>
    <mgx-8220-firmware/>
    <fasthub-412m-10-100-repeater/>
    <fasthub-424m-10-100-repeater/>
    <fasthub-412-10-100-repeater/>
    <bpx-8650-ip-atm-multiservice-switch/>
    <bpx-8680-ip-atm-multiservice-switch/>
    <bpx-8620-switch/>
    <mgx-8220-edge-concentrator/>
    <mgx-8230-edge-concentrator/>
    <mgx-8240-private-line-gateway/>
    <mgx-8250-edge-concentrator/>
    <mgx-8260-media-gateway/>
    <mgx-8850-multiservice-switch/>
    <mgx-8830-atm-multiservice-switch/>
    <mgx-8950-multiservice-switch/>
    <voice-interworking-service-module-2-0-11/>
    <voice-interworking-service-module-release-3-0/>
    <voice-interworking-service-module-release-3-1/>
    <voice-interworking-service-module-release-2-2/>
    <infiniband-switch-ibm-bladecenter/>
    <sfs-m7000e-infiniband-switch/>
    <nexus-1010-virtual-services-appliance/>
    <nexus-1100-series-cloud-services-platform/>
    <campus-lan-switches-compact/>
    <data-center-switches/>
    <blade-switches/>
    <campus-lan-switches-access/>
    <virtual-networking/>
    <campus-lan-switches-core-distribution/>
    <eos-eol-policy/>
    <citrix-netscaler-1000v/>
    <vsg-vmware-vsphere/>
    <nexus-3132q-switch/>
    <nexus-3172pq-switch/>
    <nexus-3172tq-switch/>
    <nexus-1000v-kvm/>
    <itp-6560-x-series-switches/>
    <application-virtual-switch/>
    <itp-6750x-series-switches/>
    <itp-7500e-series-switches/>
    <itp-6560x-48t-s-switch/>
    <itp-6560x-48t-l-switch/>
    <itp-6560x-24t-s-switch/>
    <itp-6560x-48p-s-switch/>
    <itp-6560x-24t-l-switch/>
    <itp-6560x-24p-s-switch/>
    <itp-6560x-48pf-s-switch/>
    <itp-6560x-48p-l-switch/>
    <itp-7506-e-switch/>
    <itp-6560x-48pf-l-switch/>
    <itp-7503-e-switch/>
    <itp-6750x-12s-e-switch/>
    <itp-6560x-24p-l-switch/>
    <itp-6750x-48t-s-switch/>
    <itp-6750x-24s-e-switch/>
    <itp-6750x-48t-l-switch/>
    <itp-6750x-24t-s-switch/>
    <itp-6750x-24t-l-switch/>
    <itp-6750x-24s-s-switch/>
    <itp-6750x-48p-s-switch/>
    <itp-6750x-12s-s-switch/>
    <itp-6750x-48pf-s-switch/>
    <itp-6750x-24p-s-switch/>
    <itp-6750x-24p-l-switch/>
    <itp-6750x-48p-l-switch/>
    <itp-6750x-48pf-l-switch/>
    <nexus-7700-6-slot-switch/>
    <nexus-3524-switch/>
    <ie-2000u-4s-g-industrial-ethernet-switch/>
    <energywise-optimization-service/>
    <energywise-management-data-center/>
    <energywise-management-distributed-office/>
    <nexus-93128tx-switch/>
    <nexus-9396px-switch/>
    <nexus-3500-series-switches/>
    <nexus-9000-series-switches/>
    <nexus-9508-switch/>
    <eos-eol-listing/>
    <itp-7507r-plus-e-switch/>
    <itp-7510r-plus-e-switch/>
    <cisco_nexus_family/>
    <Catalyst_SmartOperations/>
    <epoe/>
    <energywise-discovery-service/>
    <me-4600-series-multiservice-optical-access-platform/>
    <small-business-220-series-smart-plus-switches/>
    <vsg-microsoft-hyper-v/>
    <sf220-24-24-port-10-100-smart-plus-switch/>
    <sf220-24p-24-port-10-100-poe-smart-plus-switch/>
    <sg220-50-50-port-gigabit-smart-plus-switch/>
    <sg220-28mp-28-port-gigabit-poe-smart-plus-switch/>
    <sg220-50p-50-port-gigabit-poe-smart-plus-switch/>
    <sg220-28-28-port-gigabit-smart-plus-switch/>
    <sg220-52-52-port-gigabit-smart-plus-switch/>
    <sf220-48-48-port-10-100-smart-plus-switch/>
    <sg220-26-26-port-gigabit-smart-plus-switch/>
    <sf220-48p-48-port-10-100-poe-smart-plus-switch/>
    <sg220-26p-26-port-gigabit-poe-smart-plus-switch/>
    <nexus-9516-switch/>
    <nexus-9504-switch/>
    <SK_E01/>
    <switch-on-cisco/>
    <SK_E03/>
    <sk_index/>
    <SK_E04/>
    <SK_E05/>
    <SK_E00/>
    <access_switches/>
    <networking_solutions_products_genericcontent0900aecd806dca8c/>
    <disprove/>
    <SK_E06/>
    <SK_E02/>
    <me-1200-series-carrier-ethernet-access-devices/>
    <nexus-56128p-switch/>
    <nexus-5672up-switch/>
    <ie-2000u-4s-ts-g-industrial-ethernet-switch/>
    <ie-2000-4s-ts-g-industrial-ethernet-switch/>
    <ie-2000-8t67-industrial-ethernet-switch/>
    <ie-2000-16t67-industrial-ethernet-switch/>
    <ie-2000-8t67p-industrial-ethernet-switch/>
    <ie-2000-24t67-industrial-ethernet-switch/>
    <ie-2000-16t67p-industrial-ethernet-switch/>
    <intercloud/>
    <me-1200-4s-d-ethernet-access-device/>
    <me-1200-4s-a-ethernet-access-device/>
    <switchingwebinars-old/>
    <ie-2000u-4t-g-industrial-ethernet-switch/>
    <ie-2000u-4ts-g-industrial-ethernet-switch/>
    <ie-2000u-8tc-g-industrial-ethernet-switch/>
    <ie-2000u-16tc-g-industrial-ethernet-switch/>
    <ie-2000u-16tc-g-x-industrial-ethernet-switch/>
    <ie-2000u-16tc-gp-industrial-ethernet-switch/>
    <sg300-10pp-10-port-gigabit-poe-plus-managed-switch/>
    <sg300-10mpp-10-port-gigabit-max-poe-plus-managed-switch/>
    <sf302-08pp-8-port-10-100-poe-plus-managed-switch/>
    <catalyst-4507r-e-switch/>
    <catalyst-4510r-e-switch/>
    <itp-7507r-e-switch/>
    <itp-7510r-e-switch/>
    <itp-5260s-24pd-l-switch/>
    <itp-5260s-24ps-l-switch/>
    <itp-5260s-24td-l-switch/>
    <itp-5260s-24ts-l-switch/>
    <itp-5260s-24ts-s-switch/>
    <itp-5260s-48fpd-l-switch/>
    <itp-5260s-48fps-l-switch/>
    <itp-5260s-48lpd-l-switch/>
    <itp-5260s-48lps-l-switch/>
    <itp-5260s-48td-l-switch/>
    <itp-5260s-48ts-l-switch/>
    <itp-5260s-48ts-s-switch/>
    <itp-5260s-f24ps-l-switch/>
    <itp-5260s-f48lps-l-switch/>
    <itp-5260s-f48fps-l-switch/>
    <itp-5260s-f48ts-l-switch/>
    <itp-5260s-f24ts-l-switch/>
    <itp-5260s-f48ts-s-switch/>
    <itp-5260s-f24ts-s-switch/>
    <industrial-ethernet-4000-series-switches/>
    <ie-4000-4tc4g-e-industrial-ethernet-switch/>
    <ie-4000-8s4g-e-industrial-ethernet-switch/>
    <ie-4000-4t4p4g-e-industrial-ethernet-switch/>
    <ie-4000-8t4g-e-industrial-ethernet-switch/>
    <ie-4000-16t4g-e-industrial-ethernet-switch/>
    <ie-4000-4s8p4g-e-industrial-ethernet-switch/>
    <ie-4000-8gt4g-e-industrial-ethernet-switch/>
    <ie-4000-8gs4g-e-industrial-ethernet-switch/>
    <ie-4000-4gc4gp4g-e-industrial-ethernet-switch/>
    <ie-4000-16gt4g-e-industrial-ethernet-switch/>
    <ie-4000-8gt8gp4g-e-industrial-ethernet-switch/>
    <ie-4000-4gs8gp4g-e-industrial-ethernet-switch/>
    <nexus-3164q-switch/>
    <nexus-2348upq-10ge-fabric-extender/>
    <nexus-2348tq-10gt-fabric-extender/>
    <nexus-9336pq-aci-spine-switch/>
    <nexus-9396tx-switch/>
    <catalyst-3850-12s-s-switch/>
    <catalyst-3850-24s-s-switch/>
    <catalyst-3850-24s-e-switch/>
    <catalyst-3850-12s-e-switch/>
    <cisco_nexus_9508switch/>
    <virtual-application-container-services-vacs/>
    <sf300-24pp-24-port-10-100-poe-plus-managed-switch-gig-uplinks/>
    <sf300-48pp-48-port-10-100-poe-plus-managed-switch-gig-uplinks/>
    <sg300-28pp-28-port-gigabit-poe-plus-managed-switch/>
    <nexus-6004x-switch/>
    <switches-on-cisco-temp/>
    <catalyst-2960-cx-series-switches/>
    <catalyst-3560-cx-series-switches/>
    <intercloud-fabric/>
    <catalyst-2960cx-8tc-l-switch/>
    <catalyst-3560cx-8pc-s-switch/>
    <catalyst-3560cx-8tc-s-switch/>
    <catalyst-3560cx-8xpd-s-switch/>
    <catalyst-3560cx-8pt-s-switch/>
    <catalyst-3560cx-12pc-s-switch/>
    <catalyst-3560cx-12pd-s-switch/>
    <catalyst-3560cx-12tc-s-switch/>
    <meraki-cloud-managed-switches/>
    <nexus-9372tx-switch/>
    <nexus-9372px-switch/>
    <nexus-9332pq-switch/>
    <catalyst-3850-12xs-s-switch/>
    <catalyst-3850-48xs-f-e-switch/>
    <catalyst-3850-16xs-s-switch/>
    <catalyst-3850-12xs-e-switch/>
    <catalyst-3850-24xs-e-switch/>
    <catalyst-3850-16xs-e-switch/>
    <catalyst-3850-24xs-s-switch/>
    <catalyst-3850-32xs-s-switch/>
    <catalyst-3850-48xs-s-switch/>
    <catalyst-3850-32xs-e-switch/>
    <catalyst-3850-48xs-f-s-switch/>
    <catalyst-3850-48xs-e-switch/>
    <meraki-ms220-8/>
    <meraki-ms220-8p/>
    <meraki-ms220-24/>
    <meraki-ms220-24p/>
    <meraki-ms220-48/>
    <meraki-ms220-48p/>
    <meraki-ms320-24/>
    <meraki-ms320-24p/>
    <meraki-ms320-48/>
    <meraki-ms320-48lp/>
    <meraki-ms320-48fp/>
    <meraki-ms420-48/>
    <meraki-ms420-24/>
    <_x0035_50x-series-stackable-managed-switches/>
    <_x0033_50x-series-stackable-managed-switches/>
    <_x0033_50-series-managed-switches/>
    <_x0032_50-series-smart-switches/>
    <_x0031_10-series-unmanaged-switches/>
    <_x0039_5-series-unmanaged-switches/>
    <nexus-5696q-switch/>
    <nexus-5624q-switch/>
    <sg350xg-2f10-12-port-10gbase-t-stackable-switch/>
    <sg550xg-8f8t-16-port-ten-gigabit-stackable-switch/>
    <sg550xg-48t-48-port-10gbase-t-stackable-switch/>
    <sg550xg-24t-24-port-10gbase-t-stackable-switch/>
    <sg350xg-48t-48-port-10gbase-t-stackable-switch/>
    <sg350xg-24t-24-port-10gbase-t-stackable-switch/>
    <sg350xg-24f-24-port-ten-gigabit-sfp-plus-switch/>
    <sg550xg-24f-24-port-ten-gigabit-switch/>
    <catalyst-2960cx-8pc-l-switch/>
    <energy-management-cloud/>
    <nexus-2332tq-10ge-fabric-extender/>
    <nexus-5648q-switch/>
    <nexus-7700-2-slot-switch/>
    <nexus-93120tx-switch/>
    <catalyst-ws-c3850-12x48u-l-switch/>
    <catalyst-ws-c3850-12x48u-e-switch/>
    <catalyst-3850-24xu-s-switch/>
    <catalyst-ws-c3850-12x48u-s-switch/>
    <catalyst-3850-24xu-e-switch/>
    <catalyst-3850-24xu-l-switch/>
    <energy-management-technology/>
    <energy-management-discovery-service/>
    <energy-management-optimization-service/>
    <energy-management-data-center/>
    <energy-management-distributed-office/>
    <nexus-31128pq-switch/>
    <cloud-services-platform-2100/>
    <industrial-ethernet-5000-series-switches/>
    <ie-5000-12s12p-10g-industrial-ethernet-switch/>
    <asset-management-suite/>
    <catalyst-6840-x-switch/>
    <nexus-3232c-switch/>
    <nexus-3264q-switch/>
    <asset-management-sites/>
    <index/>
    <product-listing/>
    <service-listing/>
    <solution-listing/>
    <partner/>
    <partner-sales-and-marketing/>
    <partner-training-and-specialization/>
    <switchingwebinars/>
    <compare-products-and-solutions/>
    <industrial-ethernet-switches/>
    <sf350-48p-48-port-10-100-poe-managed-switch/>
    <sf350-48mp-48-port-10-100-poe-managed-switch/>
    <sg350-10-10-port-gigabit-managed-switch/>
    <sf350-48-48-port-10-100-managed-switch/>
    <sg250-26-26-port-gigabit-switch/>
    <sg250-26p-26-port-gigabit-poe-switch/>
    <sf250-48hp-48-port-10-100-poe-switch/>
    <sg250-10p-10-port-gigabit-poe-switch/>
    <sf250-48-48-port-10-100-switch/>
    <sg250-26hp-26-port-gigabit-poe-switch/>
    <sg350-28p-28-port-gigabit-poe-managed-switch/>
    <sg350-28-28-port-gigabit-managed-switch/>
    <sg355-10p-10-port-gigabit-poe-managed-switch/>
    <sg350-28mp-28-port-gigabit-poe-managed-switch/>
    <sg350-10mp-10-port-gigabit-poe-managed-switch/>
    <sg350-10p-10-port-gigabit-poe-managed-switch/>
    <nexus-9372px-e-switch/>
    <ie-5000-16s12p-industrial-ethernet-switch/>
    <nexus-3524-x-switch/>
    <nexus-3548-x-switch/>
    <catalyst-3650-12x48uq-s-switch/>
    <catalyst-3650-12x48uq-e-switch/>
    <catalyst-3650-12x48uq-l-switch/>
    <catalyst-3650-8x24uq-e-switch/>
    <catalyst-3650-8x24uq-s-switch/>
    <catalyst-3650-8x24uq-l-switch/>
    <catalyst-3650-12x48ur-s-switch/>
    <catalyst-3650-12x48ur-l-switch/>
    <catalyst-3650-12x48ur-e-switch/>
    <catalyst-3650-12x48uz-s-switch/>
    <catalyst-3650-12x48uz-e-switch/>
    <catalyst-3650-12x48uz-l-switch/>
    <nexus-92160yc-switch/>
    <nexus-9272q-switch/>
    <nexus-9372tx-e-switch/>
    <catalyst-3650-24pdm-e-switch/>
    <catalyst-3650-24pdm-l-switch/>
    <catalyst-3650-24pdm-s-switch/>
    <catalyst-3650-48fqm-e-switch/>
    <catalyst-3650-48fqm-s-switch/>
    <catalyst-3650-48fqm-l-switch/>
    <events/>
    <catalyst-4500e-series-switches/>
    <ie-2000-16ptc-g-nx-industrial-ethernet-switch/>
    <nexus-3172tq-32t-switch/>
    <nexus-3172tq-xl-switch/>
    <nexus-3172pq-xl-switch/>
    <nexus-3132q-xl-switch/>
    <nexus-8000-series-switches/>
    <nexus-8508-switch/>
    <nexus-5672up-16g-switch/>
</jcr:root>
