<?xml version="1.0" encoding="UTF-8"?>
<jcr:root xmlns:cq="http://www.day.com/jcr/cq/1.0" xmlns:jcr="http://www.jcp.org/jcr/1.0"
    jcr:primaryType="cq:Page">
    <jcr:content/>
    <ix5200/>
    <ip-phone-7811/>
    <telepresence-mx700/>
    <telepresence-mx800/>
    <virtualization-experience-media-engine-windows/>
    <virtualization-experience-media-engine-suse-linux/>
    <intelligent-proximity/>
    <collaborationendpointtutorials/>
    <telepresence-speakertracks-60/>
    <ip-phone-8841/>
    <ip-phone-8851/>
    <ip-phone-8861/>
    <ip-phone-8811/>
    <dx70/>
    <dx80/>
    <tc-console/>
    <ip-conference-station-7935/>
    <ip-phone-12-sp/>
    <ip-phone-30-vip/>
    <ip-phone-7910g/>
    <unified-ip-phone-7940g/>
    <unified-ip-phone-7960g/>
    <_x0031_2-series-ip-phones/>
    <_x0033_0-series-ip-phones/>
    <unified-ip-phone-7961g/>
    <unified-ip-phone-7971g-ge/>
    <unified-ip-phone-7961g-ge/>
    <unified-ip-phone-7941g/>
    <unified-ip-phone-7941g-ge/>
    <unified-ip-phone-7985g/>
    <unified-ip-phone-7911g/>
    <ip-phone-productivity-services/>
    <ip-softphone/>
    <unified-ip-phone-7900-series/>
    <sip-ip-phone-software/>
    <unified-ip-phone-expansion-module-7914/>
    <unified-ip-phone-7910g-sw/>
    <unified-ip-phone-7905g/>
    <unified-wireless-ip-phone-7920-multi-charger/>
    <unified-ip-phone-7906g/>
    <unified-ip-phone-power-injector/>
    <unified-wireless-ip-phone-7920/>
    <unified-ip-phone-7912g/>
    <unified-ip-phone-7902g/>
    <mgcp-ip-phone-software/>
    <telepresence-administration-software-1-2/>
    <telepresence-system-3200-series/>
    <telepresence-administration-software/>
    <telepresence-administration-software-1-0/>
    <telepresence-administration-software-1-1/>
    <telepresence-system-3000-series/>
    <unified-ip-phone-9951/>
    <unified-ip-phone-8961/>
    <unified-ip-phone-9971/>
    <unified-ip-phone-7942g/>
    <unified-ip-phone-7945g/>
    <small-business-spa500-series-ip-phones/>
    <spa509g-12-line-ip-phone/>
    <spa508g-8-line-ip-phone/>
    <unified-ip-phone-7962g/>
    <unified-ip-phone-7965g/>
    <spa500s-expansion-module/>
    <unified-ip-phone-7975g/>
    <unified-ip-conference-station-7937g/>
    <telepresence-system-3200/>
    <telepresence-system-500/>
    <unified-sip-phone-3911/>
    <telepresence-system-1100/>
    <telepresence-1100/>
    <telepresence-system-1300-65/>
    <unified-wideband-handset/>
    <unified-wireless-ip-phone-7921g-multicharger/>
    <unified-ip-phone-521g/>
    <unified-ip-phone-524g/>
    <unified-ip-phone-7931g/>
    <unified-wireless-ip-phone-7921g/>
    <telepresence-1000/>
    <unified-ip-phone-500-series/>
    <small-business-ip-phones/>
    <telepresence-system-3000/>
    <spa901-1-line-ip-phone/>
    <spa921-1-line-ip-phone-1-port-ethernet/>
    <spa922-1-line-ip-phone-2-port-switch/>
    <telepresence-system-1000/>
    <unified-ip-phone-expansion-module-7915/>
    <unified-ip-phone-expansion-module-7916/>
    <unified-sip-phone-3900-series/>
    <unified-sip-phone-3951/>
    <cius/>
    <cius-4g/>
    <cius-wi-fi/>
    <unified-ip-phone-6900-series/>
    <unified-ip-phone-6921/>
    <unified-ip-phone-6941/>
    <unified-ip-phone-6961/>
    <unified-ip-phone-8900-series/>
    <unified-ip-phones-9900-series/>
    <unified-ip-phones-webex-meetings/>
    <tandberg-2000-mxp/>
    <tandberg-classic-2500-portable/>
    <tandberg-6000-classic-codec/>
    <tandberg-classic-1000/>
    <tandberg-7000-mxp-dual/>
    <tandberg-classic-2500-27-27d/>
    <tandberg-gatekeeper/>
    <tandberg-classic-550/>
    <telepresence-management-suite-extension-microsoft-exchange/>
    <tandberg-6000-dual/>
    <tandberg-6000-portable/>
    <tandberg-classic-7000/>
    <tandberg-8000-classic/>
    <tandberg-770-880-990-classic/>
    <tandberg-see-share/>
    <tandberg-educator/>
    <tandberg-scholar/>
    <tandberg-intern-ii/>
    <tandberg-tutor/>
    <tandberg-justice-3000-mxp/>
    <tandberg-rover/>
    <tandberg-presenter/>
    <tandberg-maestro-professional/>
    <tandberg-tactical-ii/>
    <tandberg-6000-mxp-kaiser/>
    <tandberg-6000-mxp-base-trolley/>
    <tandberg-entrypoint/>
    <tandberg-navajo-nation-3000-mxp/>
    <tandberg-classic-2500/>
    <tandberg-3000-mxp-dual/>
    <tandberg-classic-6000-32/>
    <tandberg-compass-utility-mxp/>
    <tandberg-dvd-vcr-player/>
    <tandberg-educator-mxp-integrator-podium/>
    <telepresence-system-intern-mxp/>
    <unified-ip-phone-6945/>
    <tandberg-director/>
    <tandberg-1500-mxp/>
    <tandberg-mcu/>
    <spa932-32-button-attendant-console/>
    <tandberg-6000-mxp-profile-43/>
    <tandberg-8000-mxp-series/>
    <tandberg-intern/>
    <telepresence-system-tactical-mxp/>
    <tandberg-educator-mxp-integrator-pack/>
    <telepresence-system-educator-mxp/>
    <tandberg-professional-package/>
    <tandberg-podium/>
    <tandberg-lcd-cart-32/>
    <tandberg-mobile-boardroom-un/>
    <tandberg-codian-mse-8310/>
    <tandberg-lcd-speaker-cart/>
    <telepresence-clinical-presence-system/>
    <tandberg-3g-gateway/>
    <spa941-4-line-ip-phone-1-port-ethernet/>
    <tandberg-video-portal/>
    <tandberg-gateway/>
    <spa942-4-line-ip-phone-2-port-switch/>
    <spa962-6-line-ip-phone-2-port-switch/>
    <telepresence-system-media-p2/>
    <tandberg-maestro-sd/>
    <tandberg-codian-isdn-gateway-3210-3220-3240/>
    <tandberg-maestro-hd/>
    <tandberg-movi-enterprise-bundle/>
    <spa525g-5-line-ip-phone-color-display/>
    <telepresence-system-scholar/>
    <spa502g-1-line-ip-phone/>
    <tandberg-border-controller/>
    <tandberg-3000-mxp-profile-32/>
    <spa504g-4-line-ip-phone/>
    <desktop-collaboration-experience-dx600-series/>
    <spa501g-8-line-ip-phone/>
    <telepresence-extended-height-carts/>
    <desktop-collaboration-experience-dx650/>
    <tandberg-movi-server-version-1-x/>
    <telepresence-system-profile-mxp-series/>
    <telepresence-system-500-37/>
    <telepresence-system-integrator-package-c40/>
    <tandberg-stereo-audio-kit/>
    <telepresence-integrator-c-series/>
    <telepresence-system-integrator-mxp-series/>
    <tandberg-t1-original/>
    <unified-ip-phone-8800-series/>
    <tandberg-6000-mxp-profile-50/>
    <telepresence-quick-set-series/>
    <wireless-n-bridge-phone-adapters/>
    <telepresence-system-1700-mxp/>
    <tandberg-880-990-v35-mxp-series/>
    <virtualization-experience-client-4000-windows/>
    <tandberg-educator-hd-series/>
    <telepresence-system-1000-mxp/>
    <telepresence-system-edge-95-mxp/>
    <unified-ip-conference-phone-8831/>
    <tandberg-podium-educator/>
    <telepresence-system-edge-75-mxp/>
    <telepresence-remote-control-4/>
    <tandberg-a-v-cart/>
    <telepresence-remote-control-5/>
    <telepresence-tracker-remote-control/>
    <telepresence-precision-mic-20/>
    <telepresence-isdn-link-model/>
    <tandberg-flatscreen-32-42-kit/>
    <telepresence-audio-science-ceiling-microphone/>
    <telepresence-table-microphone/>
    <tandberg-portable-3000-mxp/>
    <telepresence-system-codec-6000-mxp/>
    <telepresence-omni-directional-microphone/>
    <telepresence-system-codec-3000-mxp/>
    <telepresence-vx-tactical/>
    <tandberg-portable-6000-mxp/>
    <telepresence-extended-height-cart-mx200/>
    <telepresence-system-integrator-package-6000-mxp/>
    <tandberg-550-mxp/>
    <telepresence-system-integrator-package-3000-mxp/>
    <spa512g-1-line-gige-ip-phone/>
    <tandberg-3000-mxp-profile-42-v35/>
    <spa514g-4-line-gige-ip-phone/>
    <telepresence-precisionhd-camera-1080p4x-s2/>
    <tandberg-150-mxp/>
    <telepresence-ip-vcr-series/>
    <telepresence-system-profile-52-inch-mxp/>
    <tandberg-3000-nsw/>
    <tandberg-3000-mxp-50-inch-plasma/>
    <telepresence-system-integrator-package-c90/>
    <telepresence-system-profile-52-inch-dual-mxp/>
    <tandberg-3000-profile-42-43/>
    <telepresence-system-integrator-package-c60/>
    <tandberg-770-880-990-mxp-series/>
    <tandberg-a-v-cart-w-dvd-vcr/>
    <tandberg-ases-hd-podium/>
    <tandberg-audio-science-ceiling-mic/>
    <tandberg-codec-3000-v35/>
    <tandberg-collaborator-mxp/>
    <tandberg-collier-educator-mxp/>
    <tandberg-custom-integrator/>
    <tandberg-educator-mxp/>
    <tandberg-gsn-mxp/>
    <virtualization-experience-client-6000-series/>
    <virtualization-experience-client-6215/>
    <virtualization-experience-client-2000-series/>
    <tandberg-mediaplace/>
    <telepresence-synch/>
    <tandberg-codian-isdn-gw-3210-3220-3240/>
    <virtualization-experience-client-4000-series/>
    <telepresence-synch-model/>
    <tandberg-mediaplus/>
    <telepresence-extended-height-cart-mx300/>
    <tandberg-codian-mse-8310-model/>
    <tandberg-nmci-880-mxp-32-inch/>
    <telepresence-mx-series/>
    <tandberg-profile-42-inch-c60/>
    <virtualization-experience-client-2111/>
    <telepresence-mx200/>
    <virtualization-experience-client-2112/>
    <telepresence-precisionhd-usb-camera/>
    <virtualization-experience-client-2211/>
    <tandberg-set-top-50-inch-plasma/>
    <tandberg-tactical-mxp/>
    <spa500ds-digital-expansion-module/>
    <telepresence-vx-educator/>
    <tandberg-fieldview/>
    <unified-ip-phone-7800-series/>
    <unified-ip-phone-7821/>
    <unified-ip-phone-7841/>
    <unified-ip-phone-7861/>
    <tandberg-telepresence-t1/>
    <tandberg-telepresence-t3-original-22-inch-monitors/>
    <tandberg-wave-cameras/>
    <tandberg-1000-mxp-sccp/>
    <tandberg-codec-2500-china/>
    <telepresence-sx20-quick-set/>
    <telepresence-vx-clinical-assistant/>
    <telepresence-mx300/>
    <telepresence-system-clinical-presence-model/>
    <telepresence-system-scholar-model/>
    <telepresence-system-educator-mxp-model/>
    <telepresence-system-media-p2-model/>
    <telepresence-system-1300-series/>
    <ip-video-phone-e20/>
    <virtualization-experience-client-manager/>
    <wbp54g-wireless-g-bridge-phone-adapters/>
    <telepresence-system-profile-mxp-model/>
    <wip310-wireless-g-ip-phone/>
    <telepresence-video-switch-model/>
    <small-business-voice-accessories/>
    <unified-ip-phone-7970g/>
    <mb100-wall-mount-bracket-small-business-ip-phones/>
    <poes5-5-volt-power-over-ethernet-splitter/>
    <telepresence-touch-model/>
    <unified-sip-phone-3905/>
    <pa100-power-supply-small-business-voip-5v-2a/>
    <ip-communicator/>
    <telepresence-tx1300-series/>
    <tandberg-mcu-4200-series-non-a-version/>
    <unified-ip-conference-station-7936/>
    <tandberg-mcu-4500-series-non-a-version/>
    <tandberg-intouch-ex-rev-1/>
    <tandberg-3000-mxp/>
    <tandberg-touchntalk-microphone/>
    <tandberg-edge-85-mxp/>
    <spa302d-multi-line-dect-handset/>
    <tandberg-content-server/>
    <telepresence-system-t-series/>
    <tandberg-legacy-misc/>
    <unified-ip-phone-521sg/>
    <spa302dkit-multi-line-dect-handset-base-station/>
    <unified-ip-phone-524sg/>
    <spa525g2-5-line-ip-phone/>
    <telepresence-vx-clinical-assistant-model/>
    <unified-ip-phone-8941/>
    <telepresence-tx9000-series/>
    <unified-ip-phone-8945/>
    <telepresence-profile-series/>
    <telepresence-tx9200-series/>
    <telepresence-tx1300-47/>
    <telepresence-tx9000/>
    <small-business-spa300-series-ip-phones/>
    <telepresence-tx9200/>
    <telepresence-tx1310-65/>
    <virtualization-experience-media-engine/>
    <spa301-1-line-ip-phone/>
    <spa303-3-line-ip-phone/>
    <unified-wireless-ip-phone-7925g/>
    <unified-wireless-ip-phone-7925g-ex/>
    <unified-ip-color-key-expansion-module/>
    <unified-ip-phone-9900-8900-series-accessories/>
    <jawbone-icon-cisco-bluetooth-headset/>
    <unified-wireless-ip-phone-7926g/>
    <unified-video-camera/>
    <unified-ip-phone-6901/>
    <unified-ip-phone-6911/>
    <telepresence-system-3010/>
    <telepresence-system-3210/>
    <telepresence-system-ex-series/>
    <jabber-video-telepresence-movi/>
    <telepresence-codec-c90/>
    <telepresence-codec-c60/>
    <telepresence-codec-c40/>
    <telepresence-system-quick-set-c20/>
    <telepresence-precisionhd-usb-cameras/>
    <telepresence-precisionhd-cameras/>
    <telepresence-touch/>
    <telepresence-ip-gateway-series/>
    <telepresence-system-t3/>
    <telepresence-system-t3-custom-edition/>
    <telepresence-system-t1/>
    <telepresence-system-profile-65-inch-dual/>
    <telepresence-system-profile-65-inch/>
    <telepresence-system-profile-52-inch/>
    <telepresence-system-profile-52-inch-dual/>
    <telepresence-system-profile-42-inch/>
    <telepresence-system-ex90/>
    <telepresence-ex60/>
    <telepresence-system-mxp-series/>
    <telepresence-system-edge-mxp-series/>
    <telepresence-precisionhd-camera-720p/>
    <telepresence-precisionhd-camera-1080p12x/>
    <telepresence-precisionhd-camera-1080p4x/>
    <telepresence-remote-control/>
    <telepresence-microphones/>
    <telepresence-video-switch/>
    <telepresence-document-cameras/>
    <virtualization-experience-client-2212/>
    <tandberg-cart-42-50/>
    <ip-video-phone-e20-model/>
    <spa9000-voice-system-v-1-0/>
    <telepresence-system-500-32/>
    <additional-resources/>
    <buyers-guide/>
    <comparison/>
    <purchase-considerations/>
    <ip-phones/>
    <legacy-tandberg/>
    <partner-ordering-resources/>
    <index/>
    <product-listing/>
    <service-listing/>
    <solution-listing/>
    <customer-case-study/>
    <benefit/>
    <partner/>
    <partner-sales-and-marketing/>
    <partner-training-and-specialization/>
    <technology/>
    <eos-eol-policy/>
    <telepresence-isdn-link/>
    <telepresence-speaker-track-60/>
    <immersive-telePresence/>
    <telePresence-integration-solutions/>
    <collaboration-peripherals/>
    <collaboration-room-endpoints/>
    <smart-desk-endpoints/>
    <telepresence-profile-55-inch-dual/>
    <telepresence-profile-55-inch/>
    <eos-eol-listing/>
    <telepresence-speakertrack-60/>
    <prod_gen_applied_microsystems_video/>
    <telepresence-mx300-g2/>
    <callway/>
    <tp_endpoints/>
    <tp_infrastructure_br/>
    <tp_infrastructure_ca_fr/>
    <tp_infrastructure/>
    <tp_infrastructure_sm_cn/>
    <tp_infrastructure_la/>
    <tp_infrastructure_tr_cn/>
    <video_gallery/>
    <tp_infrastructure_de/>
    <tp_safety/>
    <prod_gen_transform_your_business_video/>
    <tp_deployment/>
    <telepresence-precision-60-camera/>
    <telepresence-mx200-g2/>
    <telepresence-sx80-codec/>
    <telepresence-sx10-quick-set/>
    <ip-phone-8800-series-key-expansion-module/>
    <ix5000-series/>
    <ix500/>
    <ix5000/>
    <telepresence-precision-cameras/>
    <ip-phone-8865/>
    <ip-phone-8845/>
    <index-responsive/>
    <product-listing-responsive/>
    <service-listing-responsive/>
    <benefit-responsive/>
    <technology-responsive/>
    <raiffeisen-bank/>
    <solution-listing-responsive/>
</jcr:root>
