<?xml version="1.0" encoding="UTF-8"?>
<jcr:root xmlns:oak="http://jackrabbit.apache.org/oak/ns/1.0" xmlns:sling="http://sling.apache.org/jcr/sling/1.0" xmlns:jcr="http://www.jcp.org/jcr/1.0" xmlns:mix="http://www.jcp.org/jcr/mix/1.0" xmlns:rep="internal"
    jcr:mixinTypes="[mix:lockable,rep:AccessControllable,sling:Redirect]"
    jcr:primaryType="sling:OrderedFolder"
    sling:resourceType="sling:redirect"
    sling:target="/geohome">
    <usergenerated/>
    <launches/>
    <campaigns/>
    <catalogs/>
    <publications/>
    <forms/>
    <oak:index/>
    <contentReuse/>
    <dam/>
    <assets/>
    <cec/>
    <dnc/>
    <en/>
    <login/>
    <m/>
    <r/>
    <rss/>
    <saleshub/>
    <templates/>
    <test/>
    <rep:policy/>
    <en_intl/>
    <fr_intl/>
    <de_intl/>
    <fr_fr/>
    <de_de/>
    <en_uk/>
    <en_sg/>
    <pt_br/>
    <en_in/>
    <en_au/>
    <en_cy/>
    <en_mt/>
    <el_gr/>
    <en_za/>
    <fr_ch/>
    <de_ch/>
    <es_intl/>
    <ru_intl/>
    <ar_intl/>
    <zh_intl/>
    <pt_intl/>
    <ru_ru/>
    <ar_ae/>
    <es_mx/>
    <en_ae/>
    <es_ar/>
    <es_bz/>
    <es_bo/>
    <en_ca/>
    <fr_ca/>
    <es_cl/>
    <es_co/>
    <es_cr/>
    <es_ec/>
    <es_sv/>
    <es_gt/>
    <es_hn/>
    <es_ni/>
    <es_pa/>
    <es_py/>
    <es_pe/>
    <es_pr/>
    <es_uy/>
    <es_ve/>
    <en_id/>
    <ja_jp/>
    <ko_kr/>
    <en_my/>
    <en_ph/>
    <th_th/>
    <vi_vn/>
    <en_vn/>
    <de_at/>
    <az_az/>
    <nl_be/>
    <en_be/>
    <fr_be/>
    <lt_ba/>
    <bg_bg/>
    <hr_hr/>
    <cs_cz/>
    <da_dk/>
    <en_dz/>
    <fr_dz/>
    <et_ee/>
    <fi_fi/>
    <hu_hu/>
    <it_it/>
    <kk_kz/>
    <lv_lv/>
    <lt_lt/>
    <en_lu/>
    <fr_lu/>
    <mk_mk/>
    <nl_nl/>
    <no_no/>
    <pl_pl/>
    <pt_pt/>
    <ro_ro/>
    <sr_rs/>
    <sk_sk/>
    <sl_si/>
    <es_es/>
    <sv_se/>
    <tr_tr/>
    <ru_ua/>
    <uk_ua/>
    <zh_cn/>
    <zh_hk/>
    <en_hk/>
    <zh_tw/>
    <en_th/>
    <ar_sa/>
    <en_sa/>
    <en_qa/>
    <ar_qa/>
    <en_eg/>
    <ar_eg/>
    <en_il/>
    <en_ng/>
</jcr:root>
