<?xml version="1.0" encoding="UTF-8"?>
<jcr:root xmlns:cq="http://www.day.com/jcr/cq/1.0" xmlns:jcr="http://www.jcp.org/jcr/1.0"
    jcr:primaryType="cq:Page">
    <jcr:content/>
    <announcement-listing/>
    <at-a-glance-listing/>
    <audience-presentation-listing/>
    <business-case-listing/>
    <business-service-description-listing/>
    <customer-case-study-listing/>
    <audience-promotion-listing/>
    <brochure-listing/>
    <business-benefits-listing/>
    <cisco-press-chapter-listing/>
    <design-guide-listing/>
    <articles-listing/>
    <audience-business-benefits-listing/>
    <solution-overview-listing/>
    <documentation-roadmap-listing/>
    <event-details-listing/>
    <partner-resources-listing/>
    <newsletter-listing/>
    <operations-guide-listing/>
    <implementation-guide-listing/>
    <event-listing/>
    <past-events-listing/>
    <promotions-listing/>
    <q-and-a-listing/>
    <presentation-listing/>
    <presentation-archive-listing/>
    <press-coverage-listing/>
    <program-detail-listing/>
    <relevant-solutions/>
    <relevant-products/>
    <relevant-services/>
    <release-note-listing/>
    <system-test-report-listing/>
    <video-listing/>
    <white-paper-listing/>
    <index/>
    <att_microcell/>
    <starent_solution/>
    <mobile_testing_light_reading/>
    <verizon/>
    <sales-resources-list/>
    <open-source-information/>
</jcr:root>
