<?xml version="1.0" encoding="UTF-8"?>
<jcr:root xmlns:sling="http://sling.apache.org/jcr/sling/1.0" xmlns:cq="http://www.day.com/jcr/cq/1.0" xmlns:jcr="http://www.jcp.org/jcr/1.0"
    cq:lastReplicated="{Date}2014-11-15T08:40:49.688-08:00"
    cq:lastReplicatedBy="wempublishadm.gen"
    cq:lastReplicationAction="Activate"
    jcr:mixinTypes="[cq:ReplicationStatus]"
    jcr:primaryType="cq:Tag"
    jcr:title="Programs for Enterprise"
    sling:resourceType="cq/tagging/components/tag"
    autoPageCreation="true"
    category="Networking Solutions"
    conceptId="1428079"
    externalLaunchDate="2003-11-18 00:00:00 PST"
    folderPath="content/en/us/solutions/enterprise/programs-enterprise"
    lastModifiedDate="2013-06-09 10:51:22 PST"
    lifeCycle="active"
    mdfId="278733825"
    metaClass="Solution Technology Segment"
    name="Programs for Enterprise"
    netsolHasNetsol="[1428967]"
    synonym="[Programs for Large Enterprise]">
    <Managed_x0020_Services_x0020_for_x0020_Enterprise/>
    <Design_x0020_Zone/>
    <AssureWave_x0020_Testing/>
    <IP_x0020_VPN_x0020_-_x0020_Multiservice_x0020_QoS_x0020_Certification_x0020_for_x0020_Enterprise/>
    <CIO_x0020_Thought_x0020_Leadership/>
    <Safe_x0020_Harbor_x0020_Testing/>
    <Media_x0020_Center/>
    <Interaction_x0020_Network/>
    <Cisco_x0020_Interoperability_x0020_Portal/>
</jcr:root>
