<?xml version="1.0" encoding="UTF-8"?>
<jcr:root xmlns:sling="http://sling.apache.org/jcr/sling/1.0" xmlns:cq="http://www.day.com/jcr/cq/1.0" xmlns:jcr="http://www.jcp.org/jcr/1.0"
    cq:lastReplicated="{Date}2014-11-15T08:39:22.638-08:00"
    cq:lastReplicatedBy="wempublishadm.gen"
    cq:lastReplicationAction="Activate"
    jcr:mixinTypes="[cq:ReplicationStatus]"
    jcr:primaryType="cq:Tag"
    jcr:title="Unified Fabric"
    sling:resourceType="cq/tagging/components/tag"
    autoPageCreation="true"
    category="Networking Solutions"
    conceptId="1428043"
    externalLaunchDate="2009-02-20 00:00:00 PST"
    folderPath="content/en/us/solutions/data-center-virtualization/unified-fabric"
    lastModifiedDate="2013-06-09 10:51:21 PST"
    lifeCycle="active"
    mdfId="282560940"
    metaClass="Solution Technology Segment"
    name="Unified Fabric"
    netsolHasNetsol="[1429793,1428259,1428257]">
    <Fibre_x0020_Channel/>
    <Cisco_x0020_FabricPath/>
    <Cisco_x0020_Nexus_x0020_7000_x0020_Series_x0020_Switches_x0025_3A_x0020_LISP/>
    <Cisco_x0020_Fabric_x0020_Extender_x0020_Technology_x0020__x0028_FEX_x0020_Technology_x0029_/>
    <Overlay_x0020_Transport_x0020_Virtualization_x0020__x0028_OTV_x0029_/>
    <Fibre_x0020_Channel_x0020_over_x0020_Ethernet_x0020__x0028_FCoE_x0029_/>
    <Unified_x0020_Fabric_x0020_for_x0020_Cisco_x0020_UCS/>
    <IEEE_x0020_802.1_x0020_Data_x0020_Center_x0020_Bridging/>
    <iSCSI/>
    <High-Performance_x0020_Computing/>
    <Intelligent_x0020_Traffic_x0020_Director/>
</jcr:root>
