<?xml version="1.0" encoding="UTF-8"?>
<jcr:root xmlns:sling="http://sling.apache.org/jcr/sling/1.0" xmlns:cq="http://www.day.com/jcr/cq/1.0" xmlns:jcr="http://www.jcp.org/jcr/1.0"
    cq:lastReplicated="{Date}2014-11-15T10:38:00.910-08:00"
    cq:lastReplicatedBy="wempublishadm.gen"
    cq:lastReplicationAction="Activate"
    jcr:mixinTypes="[cq:ReplicationStatus]"
    jcr:primaryType="cq:Tag"
    jcr:title="Enterprise"
    sling:resourceType="cq/tagging/components/tag"
    acronymn="[ENTERPRISE]"
    autoPageCreation="true"
    category="Networking Solutions"
    conceptId="1427883"
    externalLaunchDate="2003-07-10 00:00:00 PST"
    folderPath="content/en/us/solutions/enterprise"
    lastModifiedDate="2013-06-09 10:51:14 PST"
    lifeCycle="active"
    mdfId="278416796"
    metaClass="Solution Core"
    name="Enterprise"
    synonym="[Enterprise,Large Enterprise,Large Enterprises]">
    <Power_x0020_of_x0020_Participation/>
    <Cisco_x0020_on_x0020_Cisco/>
    <Sales_x0020_Executives/>
    <Marketing_x0020_and_x0020_Event_x0020_Executives/>
    <Cisco_x0020_AVVID/>
    <Networking_x0020_Solutions_x0020_for_x0020_Enterprise/>
    <Grow_x0020_Your_x0020_Business/>
    <Programs_x0020_for_x0020_Enterprise/>
    <Events_x0020_and_x0020_Seminars_x0020_for_x0020_Large_x0020_Enterprise/>
    <Business_x0020_Solutions_x0020_for_x0020_Enterprise/>
    <Business_x0020_Trends/>
    <Business_x0020_Needs/>
    <Enterprise_x0020_Architect/>
    <CIO/>
</jcr:root>
