<?xml version="1.0" encoding="UTF-8"?>
<jcr:root xmlns:cq="http://www.day.com/jcr/cq/1.0" xmlns:jcr="http://www.jcp.org/jcr/1.0" xmlns:rep="internal"
    jcr:mixinTypes="[rep:AccessControllable]"
    jcr:primaryType="cq:Page">
    <products/>
    <solutions/>
    <support/>
    <td/>
    <tech/>
    <applications/>
    <services/>
    <training-events_before_deblob/>
    <training-events/>
    <applicat/>
    <index/>
    <test0/>
    <jcr:content/>
    <errors/>
    <partners_before_deblob/>
    <partners/>
</jcr:root>
