<?xml version="1.0" encoding="UTF-8"?>
<jcr:root xmlns:cq="http://www.day.com/jcr/cq/1.0" xmlns:jcr="http://www.jcp.org/jcr/1.0" xmlns:rep="internal"
    jcr:mixinTypes="[rep:AccessControllable]"
    jcr:primaryType="cq:Page">
    <jcr:content/>
    <ucs-director-express-big-data-2-0/>
    <ucs-mini/>
    <ucs-c460-m4-rack-server-software/>
    <index-old/>
    <product-listing-old/>
    <service-listing-old/>
    <solution-listing-old/>
    <comparison/>
    <purchase-considerations/>
    <customer-case-study/>
    <additional-resources/>
    <buyers-guide/>
    <video-library-old/>
    <benefit-old/>
    <partner-sales-and-marketing-old/>
    <partner-training-and-specialization-old/>
    <technology-old/>
    <ucs-6100-series-fabric-interconnects/>
    <ucs-2100-series-fabric-extenders/>
    <ucs-5100-series-blade-server-chassis/>
    <ucs-b-series-blade-servers/>
    <ucs-manager/>
    <unified-computing-system/>
    <ucs-c-series-rack-servers/>
    <ucs-c-series-integrated-management-controller/>
    <ucs-express/>
    <ucs-infrastructure-ucs-manager-software/>
    <ucs-manager-server-software/>
    <ucs-c-series-rack-mount-standalone-server-software/>
    <ucs-virtual-interface-card/>
    <r-series-racks/>
    <rp-series-power-distribution-units/>
    <ucs-6200-series-fabric-interconnects/>
    <ucs-2200-series-fabric-extenders/>
    <ucs-management-partner-ecosystem-software/>
    <ucs-b-series-blade-server-software/>
    <ucs-c-series-rack-mount-ucs-managed-server-software/>
    <ucs-central-software/>
    <ucs-e-series-servers/>
    <ucs-e-series-software/>
    <cloupia/>
    <ucs-6120xp-20-port-fabric-interconnect/>
    <ucs-6140xp-40-port-fabric-interconnect/>
    <ucs-2104xp-fabric-extender/>
    <ucs-5108-blade-server-chassis/>
    <ucs-b200-m1-blade-server/>
    <ucs-b250-m1-extended-memory-blade-server/>
    <ucs-b250-m2-extended-memory-blade-server/>
    <ucs-b200-m2-blade-server/>
    <ucs-b440-m1-high-performance-blade-server/>
    <ucs-b230-m1-blade-server/>
    <ucs-b230-m2-blade-server/>
    <ucs-b440-m2-high-performance-blade-server/>
    <ucs-b200-m3-blade-server/>
    <ucs-b22-m3-blade-server/>
    <ucs-b420-m3-blade-server/>
    <ucs-c200-m1-high-density-rack-mount-server/>
    <ucs-c210-m1-general-purpose-rack-mount-server/>
    <ucs-c250-m1-extended-memory-rack-mount-server/>
    <ucs-c250-m2-extended-memory-rack-server/>
    <ucs-c210-m2-general-purpose-rack-server/>
    <ucs-c200-m2-high-density-rack-server/>
    <ucs-c460-m1-high-performance-rack-mount-server/>
    <ucs-c460-m2-high-performance-rack-server/>
    <ucs-c260-m2-rack-server/>
    <ucs-c220-m3-rack-server/>
    <ucs-c240-m3-rack-server/>
    <ucs-c22-m3-rack-server/>
    <ucs-c24-m3-rack-server/>
    <ucs-c420-m3-rack-server/>
    <ucs-c-series-rackmount-server-software/>
    <ucs-c200-m2-rack-mount-server-software/>
    <ucs-c200-m1-rack-mount-server-software/>
    <ucs-c210-m1-rack-mount-server-software/>
    <ucs-c210-m2-rack-mount-server-software/>
    <ucs-c250-m1-rack-mount-server-software/>
    <ucs-c250-m2-rack-mount-server-software/>
    <ucs-c260-m2-rack-mount-server-software/>
    <ucs-c460-m1-rack-mount-server-software/>
    <ucs-c460-m2-rack-mount-server-software/>
    <ucs-c220-m3-rack-server-software/>
    <ucs-c240-m3-rack-server-software/>
    <ucs-c22-m3-rack-server-software/>
    <ucs-c24-m3-rack-server-software/>
    <ucs-c420-m3-rack-server-software/>
    <ucs-6248up-48-port-fabric-interconnect/>
    <ucs-6296up-96-port-fabric-interconnect/>
    <ucs-e140s-software/>
    <ucs-e140d-software/>
    <ucs-e140dp-software/>
    <ucs-e160d-software/>
    <ucs-e160dp-software/>
    <cloupia-unified-infrastructure-controller-version-3-4-1-1/>
    <ucs-director/>
    <ucs-director-version-3-4-1-1/>
    <eos-eol-policy/>
    <partner-old/>
    <ucs-director-4-0/>
    <eos-eol-listing/>
    <jabber_windows/>
    <jabber_windows_uc/>
    <servers-unified-computing/>
    <industry_benchmarks/>
    <ucs_white_paper/>
    <cisco_ucs_management/>
    <singleconnect/>
    <interoperability/>
    <ucs-invicta-series-solid-state-system/>
    <smart-play-server-price/>
    <ucs_kaon_model_preso/>
    <uc_risc/>
    <solution_paks/>
    <ucs-c460-m4-rack-server/>
    <ucs-b460-m4-blade-server/>
    <ucs-b260-m4-blade-server/>
    <ucs-e140s-m2-software/>
    <ucs-en120s-m2-software/>
    <ucs-animated-whiteboard/>
    <ucs-6300-series-fabric-interconnects/>
    <ucs-6324-fabric-interconnect/>
    <ucs-invicta-c3124sa-appliance/>
    <ucs-invicta-scaling-system/>
    <whiptail-racerunner-4-x/>
    <ucs-performance-manager/>
    <ucs-director-5-0/>
    <ucs-b200-m4-blade-server/>
    <ucs-c240-m4-rack-server/>
    <ucs-c220-m4-rack-server/>
    <ucs-invicta-b3116-blade/>
    <ucs-c3160-rack-server/>
    <ucs-m-series-modular-servers/>
    <ucs-m142-compute-cartridge/>
    <ucs-m4308-modular-chassis/>
    <ucs-invicta/>
    <ucs-director-express-big-data-1-0/>
    <ucs-e180d-m2-software/>
    <ucs-e160d-m2-software/>
    <ucs-mini-software/>
    <ucs-c220-m4-rack-server-software/>
    <ucs-c240-m4-rack-server-software/>
    <ucs-c3160-rack-server-software/>
    <ucs-director-5-1/>
    <c800-series/>
    <c880-m4-server/>
    <c880-m4-storage-subsystem/>
    <ucs-manager-integrations/>
    <imc-integrations/>
    <ucs-central-integrations/>
    <imc-supervisor-1-0/>
    <integrated-management-controller-imc-supervisor/>
    <ucs-director-5-2/>
    <ucs-m-series-modular-server-software/>
    <ucs-director-express-big-data-1-1/>
    <ucs-director-5-3/>
    <one-compute-appliance/>
    <ucs-director-express-big-data/>
    <one-compute-appliance-1-0/>
    <ucs-b420-m4-blade-server/>
    <ucs-m1414-compute-cartridge/>
    <ucs-m2814-compute-cartridge/>
    <ucs-c3260-rack-server/>
    <ucs-c3260-rack-server-software/>
    <imc-supervisor-1-1/>
    <ucs-software-defined-storage/>
    <vmware-esxi-cisco-ucs/>
    <stormagic-svsan-cisco-ucs/>
    <ucs-hypervisors-operating-systems/>
    <ucs-director-5-4/>
    <ucs-en140n-software/>
    <ucs-en120e-software/>
    <index/>
    <product-listing/>
    <service-listing/>
    <video-library/>
    <solution-listing/>
    <benefit/>
    <technology/>
    <partner/>
    <partner-sales-and-marketing/>
    <partner-training-and-specialization/>
    <imc-supervisor-2-x/>
    <security-test-popup/>
    <rep:policy/>
</jcr:root>
