<?xml version="1.0" encoding="UTF-8"?>
<jcr:root xmlns:sling="http://sling.apache.org/jcr/sling/1.0" xmlns:cq="http://www.day.com/jcr/cq/1.0" xmlns:jcr="http://www.jcp.org/jcr/1.0"
    cq:lastReplicated="{Date}2014-11-15T10:36:24.248-08:00"
    cq:lastReplicatedBy="wempublishadm.gen"
    cq:lastReplicationAction="Activate"
    jcr:mixinTypes="[cq:ReplicationStatus]"
    jcr:primaryType="cq:Tag"
    jcr:title="Content Networking Solutions for Enterprise"
    sling:resourceType="cq/tagging/components/tag"
    autoPageCreation="true"
    category="Networking Solutions"
    conceptId="1428321"
    externalLaunchDate="1969-12-31 00:00:00 PST"
    folderPath="content/en/us/solutions/enterprise/content-networking-solutions-enterprise"
    lastModifiedDate="2013-06-09 10:51:31 PST"
    lifeCycle="active"
    mdfId="275617979"
    metaClass="Solution Class"
    name="Content Networking Solutions for Enterprise"
    netsolHasNetsol="[1428209]"
    prodHasNetsol="[1435394,1452882]"
    synonym="[Content Networking Solutions,Content Networking Solutions for Large Enterprise]">
    <Content_x0020_Routing_x0020_Solution/>
    <Content_x0020_Switching_x0020_Solution/>
    <Server_x0020_Load_x0020_Balancing_x0020_Solution/>
    <Content_x0020_Edge_x0020_Delivery_x0020_Solutions/>
    <Data_x0020_Center_x0020_Optimization_x0020_Solution/>
    <Application_x0020_and_x0020_Content_x0020_Networking_x0020_System_x0020_Solution/>
    <Internet_x0020_CDN_x0020_Solution/>
    <E-Transaction_x0020_Assurance_x0020_Solution/>
    <Content_x0020_Distribution_x0020_and_x0020_Management_x0020_Solutions/>
    <Web_x0020_Site_x0020_Security_x0020_and_x0020_SSL_x0020_Solution/>
    <Cisco_x0020_Private_x0020_Content_x0020_Services_x0020_Solution/>
</jcr:root>
