<?xml version="1.0" encoding="UTF-8"?>
<jcr:root xmlns:cq="http://www.day.com/jcr/cq/1.0" xmlns:jcr="http://www.jcp.org/jcr/1.0"
    jcr:primaryType="cq:Page">
    <jcr:content/>
    <unified-contact-center-express-8-0-1/>
    <unified-workforce-optimization-workforce-management-9-0-1/>
    <unified-workforce-optimization-workforce-management-8-5-2/>
    <unified-workforce-optimization-workforce-management-8-3-4/>
    <unified-workforce-optimization-call-recording-2-4-1/>
    <unified-workforce-optimization-workforce-management-8-0-1/>
    <unified-workforce-optimization-quality-management-9-0-1/>
    <unified-workforce-optimization-quality-management-8-5-2/>
    <unified-workforce-optimization-quality-management-8-0-2/>
    <unified-workforce-optimization-quality-management-2-7-3/>
    <unified-workforce-optimization-call-recording-9-0-1/>
    <unified-workforce-optimization-call-recording-8-5-2/>
    <unified-workforce-optimization-call-recording-8-0-2/>
    <unified-workforce-optimization-call-recording-2-7-3/>
    <unified-workforce-optimization-quality-management-2-4-1/>
    <unified-workforce-optimization-call-recording-2-6-2/>
    <unified-workforce-optimization-call-recording-2-6-1/>
    <unified-workforce-optimization-quality-management-2-6-2/>
    <unified-workforce-optimization-quality-management-2-6-1/>
    <unified-workforce-optimization-workforce-management-8-3-3/>
    <unified-workforce-optimization-advanced-quality-management-9-0-1/>
    <unified-workforce-optimization-advanced-quality-management-2-4-1/>
    <unified-workforce-optimization-advanced-quality-management-8-5-2/>
    <unified-workforce-optimization-advanced-quality-management-8-0-2/>
    <unified-workforce-optimization-advanced-quality-management-2-7-3/>
    <unified-workforce-optimization-advanced-quality-management-2-6-2/>
    <unified-workforce-optimization-advanced-quality-management-2-6-1/>
    <agent-desktop-10-0/>
    <unified-workforce-optimization-advanced-quality-management-10-0-1/>
    <unified-workfoce-optimization-workforce-management-10-0-1/>
    <unified-crm-connector-10-0/>
    <packaged-contact-center-enterprise-9-0-1/>
    <finesse-10-5-1/>
    <socialminer-10-5-1/>
    <cisco-media-blender/>
    <unified-contact-center-enterprise-10-5-1/>
    <unified-contact-center-management-portal-10-5-1/>
    <unified-intelligence-center-10-5-1/>
    <outbound-option-10-5-1/>
    <agent-desktop-10-5/>
    <packaged-contact-center-enterprise-10-5-1/>
    <mediasense-release-10-5-1/>
    <unified-customer-voice-portal-10-5-1/>
    <unified-contact-center-express-10-5-1/>
    <unified-workforce-optimization-advanced-quality-management-10-5-1/>
    <unified-crm-connector-10-5/>
    <computer-telephony-integration-option-10-5/>
    <partners-sales-and-marketing/>
    <partners-training-and-specialization/>
    <partners/>
    <support-tools/>
    <administrative-reporting-tool/>
    <icm-nic-deutschetelecom-feature/>
    <icm-nic-energis-feature/>
    <icm-nic-ftnic-feature/>
    <icm-nic-icp-feature/>
    <icm-nic-icrp-feature/>
    <icm-nic-incrp-feature/>
    <icm-nic-inapbtv2-feature/>
    <administrative-workstation/>
    <icm-nic-japan-telecom-feature/>
    <icm-nic-mci-feature/>
    <icm-nic-nortel-feature/>
    <icm-nic-ntl-feature/>
    <icm-nic-norweb-feature/>
    <icm-cti-desktop/>
    <icm-nic-sprint-feature/>
    <icm-cti-server-software/>
    <icm-ddsn-software/>
    <icm-nic-stentor-feature/>
    <icm-nic-tim-feature/>
    <icm-logger/>
    <customer-response-solutions-4-0/>
    <icm-nic-telfort-feature/>
    <icm-nic-unisource-feature/>
    <icm-peripheral-gateway/>
    <icm-wmi-software-siebel/>
    <icm-mds-gateway-feature/>
    <agent-desktop/>
    <icm-opc-gateway-feature/>
    <icm-pgag-gateway-feature/>
    <icm-acp-1000-gateway-feature/>
    <customer-response-solution-software/>
    <icm-alcatel-gateway-feature/>
    <icm-aspect-gateway-feature/>
    <advanced-call-center-routing-services/>
    <icm-dms-100-gateway-feature/>
    <unified-mobile-agent/>
    <icm-definity-gateway-feature/>
    <icm-g2-gateway-feature/>
    <icm-md-110-gateway-feature/>
    <icm-meridian-gateway-feature/>
    <icm-nec-gateway-feature/>
    <icm-rolm-9005-gateway-feature/>
    <icm-seimens-rolm-gateway-feature/>
    <icm-phone-home/>
    <icm-spectrum-gateway-feature/>
    <icm-nic-software/>
    <icm-symposium-gateway-feature/>
    <icm-router-software/>
    <icm-symposium-dms-100-gateway-feature/>
    <icm-web-tools/>
    <icm-rtr-router-feature/>
    <icm-ccag-router-feature/>
    <icm-workforce-management-integration-software/>
    <icm-rts-router-feature/>
    <icm-reporting-feature/>
    <icm-script-editor-feature/>
    <icm-mds-router-feature/>
    <icm-agi-router-feature/>
    <icm-setup-feature/>
    <computer-telephony-integration-option/>
    <icm-web-edit-web-tools-feature/>
    <icm-web-view-web-tools-feature/>
    <icm-weblink-web-tools-feature/>
    <icm-galaxy-feature/>
    <icm-web-reporting-web-tools-feature/>
    <customer-response-solution-software-2-1/>
    <icm-config-tool/>
    <integrated-crm-desktop/>
    <unified-contact-center-express/>
    <unified-contact-center-enterprise/>
    <unified-intelligent-contact-management-enterprise/>
    <unified-intelligent-contact-management-hosted/>
    <email-manager-option/>
    <media-blender/>
    <collaboration-server-dynamic-content-adapter/>
    <web-collaboration-option/>
    <customer-collaboration/>
    <unified-customer-voice-portal/>
    <ipcc-web-option/>
    <icm-web-option/>
    <icm-web-option-version-4/>
    <ip-queue-manager/>
    <icm-real-time-server-feature/>
    <icm-historical-database-server-feature/>
    <icm-cti-server-test-tool-feature/>
    <enterprise-reporting/>
    <outbound-option/>
    <hosted-icm-software/>
    <callback-option/>
    <remote-monitoring-suite-option/>
    <toolkit-desktop-software/>
    <unified-ip-interactive-voice-response-ivr/>
    <email-manager-unity-integration-option/>
    <customer-response-solutions-4-5/>
    <remote-monitoring-suite-downloads/>
    <unified-intelligent-contact-management-software/>
    <customer-response-solution-downloads/>
    <customer-voice-portal-downloads/>
    <ip-contact-center-release-4-6-1/>
    <ip-contact-center-release-4-6-2/>
    <icm-cti-server-feature/>
    <icm-logger-feature/>
    <icm-dial-phone-feature/>
    <ipcc-express-enhanced-version-3-0/>
    <ipcc-express-standard-version-3-0/>
    <icm-customer-service-forwarding-service-feature/>
    <icm-replication-feature/>
    <icm-nic-at-t-feature/>
    <icm-phone-home-snmp-feature/>
    <icm-nic-cain-feature/>
    <customer-response-applications-2-2/>
    <customer-response-applications-3-0/>
    <icm-nic-btinap-feature/>
    <icm-nic-btnup-feature/>
    <intelligent-contact-management-version-2-0/>
    <intelligent-contact-management-version-3-0/>
    <intelligent-contact-management-version-4-0/>
    <unified-contact-center-hosted/>
    <icm-nic-crsp-feature/>
    <icm-nic-cwc-feature/>
    <icm-nic-concert-feature/>
    <remote-monitoring-suite-alarm-tracker-feature/>
    <remote-monitoring-suite-lgarchiver-feature/>
    <remote-monitoring-suite-lgmapper-feature/>
    <remote-monitoring-suite-listener-feature/>
    <customer-response-solutions-5-0/>
    <unified-workforce-optimization/>
    <customer-response-solutions-6-0/>
    <automated-administrator-symposium-aas/>
    <unified-crm-connector/>
    <customer-response-solutions-5-0-2/>
    <unified-expert-advisor/>
    <unified-contact-center-express-7-0-1/>
    <unified-intelligence-center/>
    <unified-contact-center-management-portal/>
    <customer-voice-portal-8-0-1/>
    <agent-desktop-8-0/>
    <agent-desktop-8-5/>
    <unified-web-interaction-manager/>
    <unified-call-services-universal-edition/>
    <customer-response-solutions-4-1/>
    <mediasense-release-8-5-3/>
    <unified-contact-center-enterprise-8-5-3/>
    <packaged-contact-center-enterprise/>
    <mediasense-release-8-5-2/>
    <unified-contact-center-enterprise-9-0-3/>
    <outbound-option-8-5/>
    <outbound-option-8-0/>
    <outbound-option-7-5/>
    <unified-contact-center-express-9-0-2/>
    <outbound-option-7-2/>
    <outbound-option-7-1/>
    <outbound-option-7-0/>
    <finesse-9-1-1/>
    <mediasense-release-9-1-1/>
    <unified-contact-center-express-9-0-1/>
    <unified-contact-center-management-portal-7-5/>
    <unified-contact-center-enterprise-9-0-1/>
    <unified-intelligence-center-8-5-3/>
    <mediasense-release-8-5-1/>
    <unified-customer-voice-portal-9-0-1/>
    <finesse-9-0-1/>
    <packaged-contact-center-enterprise-10-0-1/>
    <unified-contact-center-management-portal-9-0/>
    <unified-contact-center-management-portal-9-1-1/>
    <unified-email-interaction-manager-4-4-1/>
    <outbound-option-9-0/>
    <unified-web-interaction-manager-4-4-1/>
    <unified-ip-interactive-voice-response-ivr-9-0-2/>
    <unified-intelligence-center-8-5-4/>
    <unified-ip-interactive-voice-response-ivr-9-0-1/>
    <unified-expert-advisor-7-6-1/>
    <agent-desktop-9-0/>
    <unified-contact-center-management-portal-8-5-2/>
    <unified-ip-interactive-voice-response-ivr-8-5-1/>
    <unified-contact-center-express-7-0-2/>
    <unified-crm-connector-sap-8-5-2/>
    <unified-contact-center-enterprise-8-5-2/>
    <unified-ip-interactive-voice-response-ivr-8-0-2/>
    <unified-crm-connector-8-0/>
    <unified-crm-connector-8-5/>
    <unified-crm-connector-7-5/>
    <unified-ip-interactive-voice-response-ivr-8-0-1/>
    <unified-crm-connector-9-0/>
    <unified-contact-center-management-portal-8-0/>
    <unified-ip-interactive-voice-response-ivr-7-0-2/>
    <unified-intelligence-center-9-0-1/>
    <unified-contact-center-management-portal-8-5/>
    <agent-desktop1/>
    <mediasense-release-9-0-1/>
    <unified-ip-interactive-voice-response-ivr-7-0-1/>
    <unified-ip-interactive-voice-response-ivr-6-0/>
    <unified-ip-interactive-voice-response-ivr-5-0-2/>
    <unified-ip-interactive-voice-response-ivr-5-0/>
    <customer-response-applications-3-1/>
    <collaboration-server-cs/>
    <unified-contact-center-enterprise-9-0-2/>
    <unified-customer-voice-portal-8-5-1/>
    <unified-crm-connector-sap-1-0-2/>
    <unified-email-interaction-manager-4-3-2/>
    <finesse/>
    <unified-intelligence-center-9-1-1/>
    <unified-web-interaction-manager-4-3-2/>
    <socialminer/>
    <mediasense/>
    <unified-intelligence-suite-7-5/>
    <unified-intelligence-center-8-0-1/>
    <unified-contact-center-enterprise-8-5-4/>
    <unified-contact-center-express-8-0-2/>
    <unified-intelligence-center-9-0-2/>
    <unified-contact-center-enterprise-8-0-2/>
    <unified-workforce-optimization-call-recording-quality-management-8-0/>
    <unified-contact-center-express-8-5-1/>
    <unified-contact-center-enterprise-8-5-1/>
    <unified-web-interaction-manager-4-3-1/>
    <unified-email-interaction-manager-4-3-1/>
    <unified-contact-center-enterprise-8-0-1/>
    <unified-web-interaction-manager-4-2-5/>
    <unified-email-interaction-manager-4-2-5/>
    <unified-web-interaction-manager-4-2-1/>
    <unified-email-interaction-manager-4-2-1/>
    <unified-email-interaction-manager/>
    <customer-response-applications-3-5/>
    <finesse-8-5-3/>
    <mediasense-release-8-5-4/>
    <socialminer-8-5-5/>
    <service-listing/>
    <solution-listing/>
    <comparison/>
    <purchase-considerations/>
    <customer-case-study/>
    <additional-resources/>
    <buyers-guide/>
    <doc/>
    <partner-ordering-resources/>
    <partner-sales-and-marketing/>
    <partner-training-and-specialization/>
    <product-listing/>
    <technology/>
    <partner/>
    <benefit/>
    <eos-eol-policy/>
    <index/>
    <mail/>
    <conferencing-products/>
    <collaboration-applications/>
    <messaging/>
    <mobile-applications/>
    <remote-expert-manager/>
    <unified-communications/>
    <webex-social-mobile/>
    <applications-cisco-unified-application-environment/>
    <computer-telephony-integration-option1/>
    <e-mail-manager-option/>
    <e-mail-manager-unity-integration-option/>
    <enterprise-reporting1/>
    <outbound-option1/>
    <unified-contact-center-enterprise1/>
    <unified-contact-center-express1/>
    <unified-contact-center-hosted1/>
    <unified-customer-voice-portal1/>
    <unified-e-mail-interaction-manager/>
    <unified-e-mail-interaction-manager-4-3-1/>
    <unified-e-mail-interaction-manager-4-4-1/>
    <unified-intelligent-contact-management-hosted1/>
    <unified-intelligent-contact-management-enterprise1/>
    <unified-ip-interactive-voice-response-ivr1/>
    <unified-ip-interactive-voice-response-ivr-10-0-1/>
    <eos-eol-listing/>
    <unified-contact-center-management-portal-release-10-0/>
    <jabber-iphone-ipad/>
    <unified-contact-center-enterprise-9-0-4/>
    <unified-contact-center-express-10-0-1/>
    <unified-contact-center-enterprise-10-0-1/>
    <unified-intelligence-center-10-0-1/>
    <outbound-option-10-0-1/>
    <socialminer-10-0-1/>
    <unified-customer-voice-portal-10-0-1/>
    <collab_resource_center/>
    <gartner_names_cisco_a_leader/>
    <unified-workforce-optimization-quality-management-10-0-1/>
    <unified-workforce-optimization-call-recording-10-0-1/>
    <unified-call-studio/>
    <unified-web-interaction-manager-9-0-2/>
    <unified-email-interaction-manager-9-0-2/>
    <collaboration_cat_intro_global/>
    <video_face_to_face/>
    <triplev/>
    <quad_right/>
    <luh-general-noC2C/>
    <unified-ip-interactive-voice-response-ivr-10-5-1/>
    <mediasense-release-10-0-1/>
    <unified-workforce-optimization-workforce-management-10-5/>
    <unified-workforce-optimization-quality-management-10-5-1/>
    <unified-workforce-optimization-call-recording-10-5-1/>
    <unified-workforce-optimization-workforce-management-10-5-1/>
    <unified-contact-center-express-10-6-1/>
    <unified-ip-interactive-voice-response-ivr-10-6-1/>
    <unified-contact-center-domain-manager/>
    <unified-contact-center-domain-manager-9-2-1/>
    <packaged-contact-center-enterprise-10-0-2/>
    <socialminer-10-6-1/>
    <mediasense-release-11-0-1/>
    <packaged-contact-center-enterprise-11-0-1/>
    <remote-expert-mobile/>
    <outbound-option-11-0-1/>
    <unified-contact-center-management-portal-11-0-1/>
    <computer-telephony-integration-option-11-0-1/>
    <unified-crm-connector-11-0/>
    <unified-contact-center-enterprise-11-0-1/>
    <unified-web-interaction-manager-11-0-1/>
    <unified-e-mail-interaction-manager-11-0-1/>
    <socialminer-9-0-1/>
    <unified-contact-center-express-11-0-1/>
    <remote-expert-mobile-10-6-1/>
    <unified-customer-voice-portal-11-0-1/>
    <packaged-contact-center-enterprise-10-5-2/>
    <unified-contact-center-enterprise-10-5-2/>
    <finesse-11-0-1/>
    <unified-intelligence-center-11-0-1/>
    <socialminer-11-0-1/>
    <unified-workforce-optimization-workforce-management-11-0-1/>
    <unified-workforce-optimization-quality-management-11-0-1/>
    <virtualized-voice-browser-11-0-1/>
    <index-responsive/>
    <product-listing-responsive/>
    <benefit-responsive/>
    <technology-responsive/>
    <partners-responsive/>
    <service-listing-responsive/>
    <partners-sales-and-marketing-responsive/>
    <partners-training-and-specialization-responsive/>
    <unified-ip-interactive-voice-response-ivr-11-0-1/>
    <unified-workforce-optimization-call-recording-11-0-1/>
    <virtualized-voice-browser/>
    <unified-contact-center-enterprise-11-0-2/>
    <packaged-contact-center-enterprise-11-0-2/>
</jcr:root>
