<?xml version="1.0" encoding="UTF-8"?>
<jcr:root xmlns:sling="http://sling.apache.org/jcr/sling/1.0" xmlns:cq="http://www.day.com/jcr/cq/1.0" xmlns:jcr="http://www.jcp.org/jcr/1.0"
    cq:lastReplicated="{Date}2014-11-15T08:42:02.028-08:00"
    cq:lastReplicatedBy="wempublishadm.gen"
    cq:lastReplicationAction="Activate"
    jcr:mixinTypes="[cq:ReplicationStatus]"
    jcr:primaryType="cq:Tag"
    jcr:title="Integrated Systems"
    sling:resourceType="cq/tagging/components/tag"
    autoPageCreation="true"
    category="Networking Solutions"
    conceptId="1428057"
    externalLaunchDate="2011-06-10 00:00:00 PST"
    folderPath="content/en/us/solutions/data-center-virtualization/integrated-systems"
    lastModifiedDate="2013-06-09 10:51:21 PST"
    lifeCycle="active"
    mdfId="283912932"
    metaClass="Solution Technology Segment"
    name="Integrated Systems"
    synonym="[Integrated Compute Stacks,Converged Infrastructure]">
    <ExpressPod/>
    <FlexPod/>
    <Cisco_x0020_Containerized_x0020_Data_x0020_Center/>
    <Vblock_x0020_Systems/>
    <Cisco_x0020_Solutions_x0020_for_x0020_Hitachi_x0020_UCP_x0020_Select/>
    <Cisco_x0020_Solutions_x0020_for_x0020_VSPEX/>
    <VersaStack_x0020_Solution/>
    <SmartStack_x0020_Solution/>
</jcr:root>
