<?xml version="1.0" encoding="UTF-8"?>
<jcr:root xmlns:cq="http://www.day.com/jcr/cq/1.0" xmlns:jcr="http://www.jcp.org/jcr/1.0"
    jcr:primaryType="cq:Page">
    <jcr:content/>
    <collaboration-meeting-rooms-premises/>
    <collaboration-meeting-rooms-hybrid/>
    <eperformax-ph/>
    <dow-chemical/>
    <bellatrix/>
    <explorer-pipeline/>
    <vital-images/>
    <nba-video/>
    <came/>
    <collaboration-systems-release/>
    <fellowship-of-christian-athletes/>
    <generic-case-study/>
    <john_lewis/>
    <mondi-group/>
    <energy-supplier/>
    <care_core_national/>
    <collaboration-system/>
    <staff_connected/>
    <ferrero/>
    <itr/>
    <index/>
    <unified-communications/>
    <telepresence/>
    <collaboration-events/>
    <collaboration-sales/>
    <hosted-collaboration-solution/>
    <cloud-collaboration/>
    <byod-mobility/>
    <video-collaboration/>
    <unified-communications-large-enterprise-system/>
    <unified-communications-on-cisco-unified-computing-system/>
    <webex-cloud/>
    <telepresence-video-cloud-solutions/>
    <pervasive-conferencing/>
    <video-solutions-enterprise/>
    <unified-communications-voice-solutions/>
    <efficient-hd-conferencing/>
    <video-as-a-service/>
    <telepresence-webex-working-together/>
    <unified-communications-software-subscription/>
    <business-video-solution/>
    <digital-media-suite/>
    <hoot-holler-solution/>
    <integrated-transport-solution/>
    <lan-wan-voice-solution/>
    <voice-multimedia-application-solution/>
    <customer-contact-solutions/>
    <unified-communications-applications-solution/>
    <ip-telephony-solution/>
    <multicast-hoot-holler-conferencing-over-ip-solution/>
    <migration-solutions/>
    <secure-unified-communications/>
    <mobile-solutions-collaboration/>
    <show-share/>
    <digital-signs/>
    <cast/>
    <interactive-voice-response-solution/>
    <personal-productivity-solution/>
    <enterprise-customer-contact-solution/>
    <intelligent-contact-management-solution/>
    <unified-messaging-solution/>
    <business-application-integration-cti-solution/>
    <benefit/>
    <partner/>
    <partner-sales-and-marketing/>
    <partner-training-and-specialization/>
    <product-listing/>
    <service-listing/>
    <solution-listing/>
    <architecture/>
    <collaboration_cloud/>
    <letushelp/>
    <collaboration_sol/>
    <cloud_collaboration/>
    <global_law/>
    <eagle_investment/>
    <orange_business/>
    <stanford/>
    <CS_avodaqAG/>
    <transform_work_with_collaboration/>
    <traffic_moving/>
    <impact_of_video/>
    <eg_hospital/>
    <case_studies/>
    <collab_user/>
    <UC_cost_control/>
    <cs_specsavers/>
    <cloud_transforms/>
    <CS_SmitchAmundsen/>
    <CS_Chorus/>
    <network/>
    <technopolis/>
    <kingfisher/>
    <deakin/>
    <virgin_case_studies/>
    <cs_expanding_economic/>
    <cs_logicalis/>
    <primax/>
    <cs_fonds_finanz/>
    <cs_national_fire_service/>
    <CS_CBU/>
    <sims_metal_management/>
    <cs_agh_university/>
    <cs_dammam/>
    <gartner_disclaimer/>
    <moravia_silesia/>
    <UC_support_innovation/>
    <IndCS_Mobile_Workforce/>
    <nba/>
    <cs_emmilibri/>
    <jabber/>
    <CS_JW_Marriott_Marquis/>
    <palomar/>
    <UC_employee_engagement/>
    <CS_Bucks/>
    <CS_Liberty/>
    <CS_Biesse_America/>
    <cs_epl/>
    <one_interface/>
    <city_of_edmonton/>
    <ahold/>
    <case_study_auchan_spa/>
    <center_agents/>
    <accelerates_digital_transformation/>
    <UC_richmedia_virtual_desktop/>
    <CS_Duke/>
    <deskless_workers/>
    <executive/>
    <cs_dm_group/>
    <information_workers/>
    <CS_Nottingham/>
    <CS_Hilti/>
    <cs_minterellison/>
    <CS_Kroma/>
    <uk_department_of_health/>
    <college_west/>
    <ccs_in2p3/>
    <CS_Republic/>
    <IndCS_Events_Training/>
    <CS_Fortune/>
    <ispot/>
    <analysts/>
    <CS_PandG/>
    <cs_ecobank/>
    <IndCS_Org_Comms/>
    <CS_Tesco/>
    <bancad_alba/>
    <cs_hospitals_colarado/>
    <cs_penny_market/>
    <CS_HOK/>
    <IndCS_Citizen_Interaction/>
    <credit_stanford/>
    <golden_healthcare/>
    <one_device/>
    <one_interface_device/>
    <uni_device/>
    <IndCS_Virtual_Teams/>
    <nationwide/>
    <uni_overview/>
    <cs_locog/>
    <summit_announcement/>
    <CS_Nexus/>
    <collab_customer_success/>
    <ehr/>
    <metro_properties/>
    <cs_turkcell/>
    <city_of_charlotte/>
    <mobile_workers/>
    <CS_Kohn/>
    <CS_Lone/>
    <collaboration_video_page/>
    <UC_enable_mobile/>
    <cisco_remote_expert/>
    <integris/>
    <whycisco/>
    <UC_communities_workspaces/>
    <cs_pella/>
    <forrester-cis-108588/>
    <UC_productivity/>
    <cs_saudi_arabia_ministry_of_justice/>
    <fujitsu_transforms_operations/>
    <CS_barwonhealth/>
    <boon_edam/>
    <finance_company/>
    <UC_social_media/>
    <national_special_security_event/>
    <UC_all_use_cases/>
    <IndCS_Customer_Interaction/>
    <bank_product/>
    <cs_fnv_bondgenoten/>
    <UC_online_events_training/>
    <opening/>
    <cs_quintiq/>
    <UC_teleworkers/>
    <dance_institute/>
    <bloodhound/>
    <thiess/>
    <sinar/>
    <biohitoyj/>
    <IndCS_IT_Optimization/>
    <bank_cs/>
    <perspectives_charter_schools/>
    <logo_cs/>
    <UC_remote_experts/>
    <UC_consolidate_communications/>
    <UC_collaborate_business/>
    <UC_enable_meetings/>
    <embracing_collaboration_technologies/>
    <CS_Wall_Street/>
    <deutsche_dhl/>
    <UC_create_flexible_work_areas/>
    <disd/>
    <atec/>
    <UC_multichannel_customer_service/>
    <cs_wake_forest_university/>
    <collaboration_business_case/>
    <UC_extend_telephony/>
    <IndCS_Workplace_Tran/>
    <cs_stanford_fcu/>
    <UC_incorporate_video/>
    <cisco_bank_muamalat_indonesia/>
    <vistaprint/>
    <UC_external_organizations/>
    <collaboration-edge-architecture/>
    <collaboration-endpoints/>
    <better_than_being/>
    <john-lewis/>
    <sony-marketing-collaborative-professional-services-case-study/>
    <five-senses-coffee-collaborative-professional-services-case-study/>
    <genuine-health/>
    <orbis/>
    <roka-sports/>
    <midsize-collaboration-solutions/>
    <spacematrixdesign-sg/>
    <presidio/>
    <eagle/>
    <john-eagle/>
    <university-britishcolumbia/>
    <loggoss/>
    <telstra/>
    <napier-university/>
    <bauer/>
    <sickkids/>
    <partner-announcements/>
    <talbots/>
    <ingbank/>
    <uma/>
    <financial/>
    <government/>
    <healthcare/>
    <engineering/>
    <human-resources/>
    <manufacturing/>
    <retail/>
    <marketing/>
    <sales/>
    <travel/>
    <real-estate/>
    <lob/>
    <nationalrugbyleague/>
    <help-sick-kids/>
    <collaboration-finance/>
    <collaboration-customer-care/>
    <collaboration-education/>
</jcr:root>
