<?xml version="1.0" encoding="UTF-8"?>
<jcr:root xmlns:cq="http://www.day.com/jcr/cq/1.0" xmlns:jcr="http://www.jcp.org/jcr/1.0"
    jcr:primaryType="cq:Page">
    <jcr:content/>
    <at-a-glance-listing/>
    <audience-presentation-listing/>
    <business-case-listing/>
    <business-service-description-listing/>
    <customer-case-study-listing/>
    <audience-promotion-listing/>
    <brochure-listing/>
    <business-benefits-listing/>
    <cisco-press-chapter-listing/>
    <design-guide-listing/>
    <articles-listing/>
    <audience-business-benefits-listing/>
    <solution-overview-listing/>
    <documentation-roadmap-listing/>
    <event-details-listing/>
    <partner-resources-listing/>
    <newsletter-listing/>
    <operations-guide-listing/>
    <implementation-guide-listing/>
    <event-listing/>
    <past-events-listing/>
    <promotions-listing/>
    <q-and-a-listing/>
    <presentation-listing/>
    <presentation-archive-listing/>
    <press-coverage-listing/>
    <program-detail-listing/>
    <index/>
    <videoscape_videos_landing/>
    <solutions_pin/>
    <creating-new-tv-experiences/>
    <telus_launches_optik_tv_videoscape/>
    <videoscape_numericable/>
    <streaming_video/>
    <white-paper-listing/>
    <deploying-cloud-based-infrastructure/>
</jcr:root>
