<?xml version="1.0" encoding="UTF-8"?>
<jcr:root xmlns:oak="http://jackrabbit.apache.org/oak/ns/1.0" xmlns:sling="http://sling.apache.org/jcr/sling/1.0" xmlns:jcr="http://www.jcp.org/jcr/1.0" xmlns:mix="http://www.jcp.org/jcr/mix/1.0" xmlns:rep="internal"
    jcr:mixinTypes="[mix:lockable,rep:AccessControllable,sling:Redirect]"
    jcr:primaryType="sling:OrderedFolder"
    sling:resourceType="sling:redirect"
    sling:target="/geohome">
    <campaigns/>
    <dam/>
    <usergenerated/>
    <rep:policy/>
    <test/>
    <en/>
    <rss/>
    <login/>
    <contentReuse/>
    <dnc/>
    <assets/>
    <r/>
    <cec/>
    <m/>
    <saleshub/>
    <templates/>
    <repositorycheck/>
    <launches/>
    <catalogs/>
    <publications/>
    <forms/>
    <oak:index/>
    <en_intl/>
    <fr_intl/>
    <de_intl/>
    <fr_fr/>
    <de_de/>
    <en_uk/>
    <en_sg/>
    <pt_br/>
    <en_in/>
    <en_au/>
    <en_cy/>
    <en_mt/>
    <el_gr/>
    <en_za/>
    <fr_ch/>
    <de_ch/>
    <global/>
</jcr:root>
