<?xml version="1.0" encoding="UTF-8"?>
<jcr:root xmlns:cq="http://www.day.com/jcr/cq/1.0" xmlns:jcr="http://www.jcp.org/jcr/1.0"
    jcr:primaryType="cq:Page">
    <jcr:content/>
    <index-old/>
    <product-listing-old/>
    <service-listing-old/>
    <solution-listing-old/>
    <comparison/>
    <purchase-considerations/>
    <customer-case-study/>
    <additional-resources/>
    <buyers-guide/>
    <benefit-old/>
    <partner/>
    <partner-ordering-resources/>
    <partner-sales-and-marketing/>
    <partner-training-and-specialization/>
    <technology-old/>
    <ipics-server-software/>
    <ipics-deployment-options/>
    <ipics-pmc-client-software/>
    <ip-interoperability-collaboration-system/>
    <ipics-operational-views/>
    <ipics-policy-engine/>
    <ipics-phone-client/>
    <network-building-mediator/>
    <richards-zeta-legacy/>
    <richards-zeta-solutions-plus/>
    <network-building-mediator-manager/>
    <ipics-voice-interoperability-port-upgrade/>
    <ipics-ptt-upgrade-ip-phones/>
    <ipics-release-1-0/>
    <ipics-release-2-0/>
    <ipics-release-1-1/>
    <ipics-release-2-1/>
    <ipics-release-3-0/>
    <ipics-release-2-2/>
    <ipics-release-4-0/>
    <ipics-dispatch-console/>
    <ipics-release-4-5/>
    <network-building-mediator-2400/>
    <network-building-mediator-4800/>
    <network-building-mediator-2500/>
    <network-building-mediator-5000/>
    <network-building-mediator-manager-6300/>
    <video-surveillance-ip-gateways/>
    <video-surveillance-convergence-chassis/>
    <video-surveillance-services-platforms/>
    <video-surveillance-integrated-services-platforms/>
    <video-surveillance-stream-manager-software/>
    <video-surveillance-encoding-server/>
    <video-surveillance-media-server-software/>
    <video-surveillance-operations-manager-software/>
    <video-surveillance-storage-system/>
    <video-surveillance-virtual-matrix-software/>
    <video-surveillance-integrated-security-manager/>
    <physical-security-multiservices-platform-video-surveillance/>
    <video-management-storage-system-software/>
    <analog-video-gateway-software/>
    <integrated-storage-system-software/>
    <video-surveillance-manager-discovery-configuration-tool/>
    <video-surveillance-workstation-profile-tool/>
    <video-surveillance-manager/>
    <video-analytics/>
    <physical-security-operations-manager/>
    <physical-access-gateways/>
    <physical-access-manager/>
    <video-surveillance-2500-series-ip-cameras/>
    <video-surveillance-4000-series-ip-cameras/>
    <small-business-video-surveillance-cameras/>
    <video-surveillance-2000-series-ip-domes/>
    <small-business-video-surveillance-accessories/>
    <small-business-video-surveillance-lenses/>
    <small-business-video-monitoring-system/>
    <small-business-video-surveillance-enclosures/>
    <video-surveillance-5000-series-hd-ip-dome-cameras/>
    <video-surveillance-2600-series-ip-cameras/>
    <video-surveillance-ip-camera-accessories/>
    <video-surveillance-2900-series-ip-cameras/>
    <video-surveillance-encoders/>
    <video-surveillance-6000-series-ip-cameras/>
    <video-surveillance-3000-series-ip-cameras/>
    <video-surveillance-3500-series-ip-cameras/>
    <video-surveillance-7000-series-ip-cameras/>
    <video-surveillance-ptz-ip-cameras/>
    <physical-security-multiservices-platform-series/>
    <virtualized-applications-ucs/>
    <vc032-corner-mount-adapter-vc030-camera-enclosure/>
    <vc033-pole-mount-adapter-vc030-camera-enclosure/>
    <vc025-indoor-ceiling-mount-kit-vc220-camera/>
    <video-surveillance-5000-series-hd-ip-dome-camera/>
    <video-surveillance-2600-series-ip-camera/>
    <video-surveillance-2900-series-ip-camera/>
    <video-surveillance-4-port-encoder/>
    <video-surveillance-8-port-encoder/>
    <video-surveillance-6000p-ip-camera/>
    <video-surveillance-6020-ip-camera/>
    <video-surveillance-6030-ip-camera/>
    <video-surveillance-6400-ip-camera/>
    <video-surveillance-3421v-ip-camera/>
    <video-surveillance-3520-ip-camera/>
    <video-surveillance-3530-ip-camera/>
    <video-surveillance-7030-ip-camera/>
    <video-surveillance-2830-ip-camera/>
    <video-surveillance-2835-ip-camera/>
    <video-surveillance-6930-ip-camera/>
    <video-surveillance-ip-gateway/>
    <video-surveillance-convergence-chassis-3ru/>
    <video-surveillance-services-platform/>
    <video-surveillance-integrated-services-platform/>
    <video-surveillance-stream-manager-software-version-5-0/>
    <video-surveillance-stream-manager-service-packs/>
    <video-surveillance-stream-manager-software-version-pre-5-0/>
    <video-surveillance-stream-manager-software-version-5-1/>
    <video-surveillance-stream-manager-software-version-5-2/>
    <video-surveillance-stream-manager-software-version-5-3/>
    <video-surveillance-stream-manager-software-version-5-4/>
    <physical-security-4ru-storage-series/>
    <video-management-storage-system-version-2-2/>
    <video-management-storage-system-version-6-2/>
    <video-management-storage-system-version-6-3/>
    <analog-video-gateway-version-1-2/>
    <analog-video-gateway-version-1-0/>
    <integrated-storage-system-version-1-0/>
    <integrated-storage-system-version-1-1/>
    <physical-access-gateway/>
    <video-surveillance-2500-ip-camera/>
    <video-surveillance-4000-ip-camera/>
    <pvc2300-business-internet-video-camera-audio-poe/>
    <wvc200-wireless-g-ptz-internet-video-camera-audio/>
    <wvc2300-wireless-g-business-internet-video-camera-audio/>
    <wvc210-wireless-g-ptz-internet-video-camera-2-way-audio/>
    <swvms16-video-monitoring-system-sw-16-camera/>
    <pvc300-pan-tilt-optical-zoom-internet-camera/>
    <cam-camera-accessories/>
    <vc-310-ptz-poe-network-camera-10x-optical-zoom/>
    <vc220-dome-network-camera/>
    <vc-320-poe-network-camera-analytics/>
    <vc-320w-wireless-network-camera-analytics/>
    <vc240-bullet-network-camera/>
    <video-surveillance-2000-ip-dome/>
    <camlmi-camera-lens-3-8mm-varifocal-manual-iris/>
    <camlwa-camera-lens-wide-angle-2-3mm-fixed-manual-iris/>
    <vm300-advanced-video-monitoring-system/>
    <vm200-basic-plus-video-monitoring-system/>
    <vc020-box-camera-enclosure-defroster-blower-pvc2300-camera/>
    <vc030-camera-enclosure-pvc300-camera/>
    <vc031-pendant-mount-adapter-vc030-camera-enclosure/>
    <ipics-release-4-6/>
    <application-old/>
    <smart-connected-buildings/>
    <interoperability-systems/>
    <eos-eol-policy/>
    <video-surveillance-6050-ip-camera/>
    <eos-eol-listing/>
    <denton_cs/>
    <new_ways/>
    <physical_security_news_and_resources/>
    <bundle_promotional/>
    <video-surveillance-ip-cameras/>
    <video-surveillance-3535-ip-camera/>
    <instant-connect/>
    <ip-camera-applications-utilities/>
    <video-surveillance-6400e-ip-camera/>
    <video-surveillance-7030e-ip-camera/>
    <ecosystem-old/>
    <ipics-release-4-8/>
    <university-of-san-francisco/>
    <product-listing/>
    <solution-listing/>
    <ecosystem/>
    <application/>
    <benefit/>
    <service-listing/>
    <technology/>
    <index/>
</jcr:root>
