<?xml version="1.0" encoding="UTF-8"?>
<jcr:root xmlns:cq="http://www.day.com/jcr/cq/1.0" xmlns:jcr="http://www.jcp.org/jcr/1.0"
    jcr:primaryType="cq:Page">
    <jcr:content/>
    <customer_advocacy_services/>
    <support_services/>
    <advanced_services/>
    <training_solutions/>
    <unified-meetingplace-video-integration/>
    <unified-meetingplace-5-3/>
    <unified-meetingplace-5-2-4-3/>
    <unified-meetingplace-express/>
    <show-share/>
    <unified-meetingplace-5-4/>
    <unified-meetingplace-jabber-integration/>
    <telepresence-multipoint-switch/>
    <unified-meetingplace-smtp-e-mail-gateway/>
    <unified-meetingplace/>
    <unified-meetingplace-web-conferencing/>
    <unified-meetingplace-microsoft-outlook/>
    <telepresence-manager-release-1-2/>
    <telepresence-multipoint-switch-administration-software-1-0/>
    <telepresence-manager-release-1-1/>
    <unified-meetingplace-microsoft-office-communicator/>
    <unified-video-administration/>
    <webex-connect-im/>
    <unified-video-conferencing-meetingplace/>
    <telepresence-multipoint-switch-release-1-0/>
    <telepresence-multipoint-switch-release-1-1/>
    <unified-meetingplace-express-1-1/>
    <unified-enhanced-media-processor-software/>
    <telepresence-manager-release-1-3/>
    <unified-meetingplace-express-1-2/>
    <telepresence-manager/>
    <telepresence-ip-vcr-2220/>
    <telepresence-ip-vcr-2240/>
    <unified-meetingplace-express-2-0/>
    <telepresence-management-suite-extension-ibm-lotus-notes/>
    <telepresence-management-suite-extension-booking-api/>
    <telepresence-management-suite-analytics-extension/>
    <telepresence-management-server/>
    <unified-meetingplace-6-0/>
    <telepresence-management-suite-extensions/>
    <webex-meetings/>
    <webex-meetings-server-1-1/>
    <webex-meetings-server-1-0/>
    <telepresence-management-suite-network-integration-extension/>
    <telepresence-video-communication-server-control/>
    <telepresence-video-communication-server-expressway/>
    <telepresence-mcu-conference-director/>
    <telepresence-mcu-mse-series/>
    <telepresence-isdn-gateway/>
    <telepresence-advanced-media-gateway-series/>
    <webex-meetings-server-2-0/>
    <telepresence-mps-200/>
    <unified-meetingplace-8-5/>
    <telepresence-mps-800/>
    <telepresence-multipoint-switch-release-1-9/>
    <telepresence-manager-release-1-9/>
    <telepresence-serial-gw-mse-8330/>
    <telepresence-conductor/>
    <webex-meetings-server-1-5/>
    <telepresence-server-on-multiparty-media-310/>
    <telepresence-server-on-multiparty-media-320/>
    <telepresence-server-on-virtual-machine/>
    <telepresence-management-suite-scheduling-extensions/>
    <webex-meetings-server/>
    <webex-cloud-connected-audio/>
    <unified-meetingplace-8-5-2/>
    <telepresence-management-server-model/>
    <unified-meetingplace-express-2-1/>
    <telepresence-management-suite-provisioning-extension/>
    <telepresence-management-suite-tms-version-13/>
    <telepresence-manager-release-1-0/>
    <telepresence-video-communication-server-model/>
    <telepresence-management-suite-tms-version-14/>
    <unified-meetingplace-sdk/>
    <telepresence-exchange-system/>
    <telepresence-mcu-4501-series/>
    <unified-meetingplace-6-1/>
    <unified-meetingplace-7-1/>
    <telepresence-manager-release-1-8/>
    <telepresence-recording-server/>
    <telepresence-mcu-5310/>
    <unified-meetingplace-ibm-lotus-notes/>
    <telepresence-multipoint-switch-release-1-5/>
    <telepresence-mcu-5320/>
    <telepresence-mcu-5300-series/>
    <telepresence-manager-release-1-5/>
    <unified-meetingplace-directory-services/>
    <webex-meeting-center/>
    <webex-training-center/>
    <meetingplace-ip-gateway/>
    <unified-meetingplace-audio-server/>
    <webex-event-center/>
    <webex-support-center/>
    <meetingplace-instant-messaging/>
    <telepresence-conductor-model/>
    <unified-communications-integration-cisco-webex-connect/>
    <meetingplace-backup-gateway/>
    <telepresence-serial-gw-3340/>
    <meetingtime/>
    <meetingplace-gateway-sim/>
    <telepresence-manager-release-1-4/>
    <webex-telepresence/>
    <unified-meetingplace-smtp-email-gateway/>
    <telepresence-infrastructure/>
    <telepresence-mcu-4501/>
    <unified-meetingplace-7-0/>
    <telepresence-content-server/>
    <pulse/>
    <unified-meetingplace-8-0/>
    <webex-node-mcs/>
    <telepresence-manager-release-1-6/>
    <telepresence-manager-release-1-7/>
    <telepresence-commercial-express/>
    <telepresence-server/>
    <telepresence-management-suite-tms/>
    <telepresence-mse-8000-series/>
    <telepresence-mcu-4500-series/>
    <telepresence-mcu-4200-series/>
    <telepresence-ip-vcr-2200-series/>
    <conference-director-series/>
    <telepresence-server-mse-8710/>
    <telepresence-server-7010/>
    <telepresence-mse-8000/>
    <telepresence-supervisor-mse-8050/>
    <telepresence-ip-gw-mse-8350/>
    <telepresence-mcu-mse-8510/>
    <telepresence-mcu-mse-8420/>
    <telepresence-vcr-mse-8220/>
    <telepresence-isdn-gw-mse-8321/>
    <telepresence-mcu-4505/>
    <telepresence-mcu-4510/>
    <telepresence-mcu-4515/>
    <telepresence-mcu-4520/>
    <telepresence-mcu-4203/>
    <telepresence-mcu-4205/>
    <telepresence-ip-gw-3510/>
    <telepresence-ip-gw-3520/>
    <telepresence-ip-gw-3540/>
    <telepresence-ip-vcr-2210/>
    <telepresence-mcu-4210/>
    <telepresence-mcu-4215/>
    <telepresence-mps-series/>
    <additional-resources/>
    <buyers-guide/>
    <comparison/>
    <partner-sales-and-marketing/>
    <partner-training-and-specialization/>
    <purchase-considerations/>
    <solution-listing/>
    <index/>
    <product-listing/>
    <service-listing/>
    <customer-case-study/>
    <benefit/>
    <technology/>
    <eos-eol-policy/>
    <unified-meetingplace-unified-ip-phone/>
    <telepresence-mcu-4220/>
    <web-conferencing/>
    <video-conferencing/>
    <eos-eol-listing/>
    <case-studies/>
    <unified-meetingplace-8-6/>
    <collaboration_cloud/>
    <product_comparison/>
    <webex_technical_support/>
    <partner_old/>
    <partner/>
    <service-collateral/>
    <collaboration-meeting-rooms-cmr-cloud/>
    <webex-meetings-server-2-5/>
    <webex-support-center-wbs29-8/>
    <webex-meeting-center-wbs29-8/>
    <webex-training-center-wbs29-8/>
    <webex-event-center-wbs29-8/>
    <collaboration-meeting-rooms-cmr/>
    <collaboration-meeting-rooms-cloud/>
    <collaboration-meeting-rooms-premises/>
    <collaboration-meeting-rooms-hybrid/>
    <webex-event-center-wbs29-11/>
    <webex-training-center-wbs29-11/>
    <webex-meeting-center-wbs29-11/>
    <webex-support-center-wbs29-11/>
    <webex-support-center-wbs29-13/>
    <webex-event-center-wbs29-13/>
    <webex-training-center-wbs29-13/>
    <webex-meeting-center-wbs29-13/>
    <index-responsive/>
    <product-listing-responsive/>
    <service-listing-responsive/>
    <benefit-responsive/>
    <technology-responsive/>
    <partner-responsive/>
    <partner-sales-and-marketing-responsive/>
    <partner-training-and-specialization-responsive/>
    <telepresence-server-on-multiparty-media-820/>
    <webex-event-center-wbs30/>
    <webex-training-center-wbs30/>
    <webex-support-center-wbs30/>
    <webex-meeting-center-wbs30/>
    <webex-meetings-server-2-6/>
</jcr:root>
