<?xml version="1.0" encoding="UTF-8"?>
<jcr:root xmlns:cq="http://www.day.com/jcr/cq/1.0" xmlns:jcr="http://www.jcp.org/jcr/1.0" xmlns:rep="internal"
    jcr:mixinTypes="[rep:AccessControllable]"
    jcr:primaryType="cq:Page">
    <jcr:content/>
    <mobile-apps-listing/>
    <index-bad/>
    <mobile-apps-listing-01/>
    <jabber/>
    <mobile-apps/>
    <mobile-apps1/>
    <responsive-tile-delivery/>
    <se/>
    <collateral/>
    <universal-gateways-access-servers/>
    <interfaces-modules/>
    <optical-networking/>
    <routers/>
    <switches/>
    <video/>
    <security/>
    <ios-feature-sets/>
    <ios-nx-os-software/>
    <ios-software-features/>
    <cloud-systems-management/>
    <storage-networking/>
    <voice-unified-communications/>
    <wireless/>
    <physical-security/>
    <service-exchange/>
    <servers-unified-computing/>
    <webex/>
    <flip-video/>
    <home-networking-valet-linksys/>
    <index-old/>
    <hw/>
    <unified-communications/>
    <collaboration-endpoints/>
    <customer-collaboration/>
    <collaboration/>
    <conferencing/>
    <product-approvals/>
    <eos-eol-listing/>
    <eos-eol-policy/>
    <application-networking-services/>
    <nebs-information/>
    <unique-device-identifier-udi/>
    <rss-feed/>
    <warranty-listing/>
    <technology-podcast-listing/>
    <tools-index/>
    <telepresence/>
    <products-sanity-test/>
    <a-to-z-series-index-old/>
    <tools/>
    <services_genericcontent_warranty/>
    <product-quick-reference-guide-qrg/>
    <hw_sw_relicensing_program/>
    <warranty_qa_guest/>
    <voicesw/>
    <prod_warranty09186a00800b5594/>
    <cisco_software_transfer_relicensing_policy/>
    <visio-stencil-listing/>
    <microsoft-visio-stencils-faq/>
    <abt_sw/>
    <faq_sw/>
    <test/>
    <reuseSnippets/>
    <hw-sw-relicensing-program/>
    <Text/>
    <software/>
    <connected-safety-security/>
    <index/>
    <a-to-z-series-index/>
    <index-doctype-test/>
    <analytics-automation-software/>
    <rep:policy/>
</jcr:root>
