<?xml version="1.0" encoding="UTF-8"?>
<jcr:root xmlns:sling="http://sling.apache.org/jcr/sling/1.0" xmlns:cq="http://www.day.com/jcr/cq/1.0" xmlns:jcr="http://www.jcp.org/jcr/1.0"
    cq:lastReplicated="{Date}2014-11-15T08:39:16.012-08:00"
    cq:lastReplicatedBy="wempublishadm.gen"
    cq:lastReplicationAction="Activate"
    jcr:mixinTypes="[cq:ReplicationStatus]"
    jcr:primaryType="cq:Tag"
    jcr:title="Data Center Partners"
    sling:resourceType="cq/tagging/components/tag"
    autoPageCreation="true"
    category="Networking Solutions"
    conceptId="1428049"
    externalLaunchDate="2009-05-12 00:00:00 PST"
    folderPath="content/en/us/solutions/data-center-virtualization/data-center-partners"
    lastModifiedDate="2013-06-09 10:51:21 PST"
    lifeCycle="active"
    mdfId="282657961"
    metaClass="Solution Family"
    name="Data Center Partners"
    netsolHasNetsol="[1428675]">
    <DC_x0020_Partner_x0020_-_x0020_Accenture/>
    <DC_x0020_Partner_x0020_-_x0020_IBM/>
    <DC_x0020_Partner_x0020_-_x0020_NetQoS/>
    <DC_x0020_Partner_x0020_-_x0020_Microsoft/>
    <DC_x0020_Partner_x0020_-_x0020_SAP/>
    <DC_x0020_Partner_x0020_-_x0020_APC/>
    <DC_x0020_Partner_x0020_-_x0020_Oracle/>
    <DC_x0020_Partner_x0020_-_x0020_Red_x0020_Hat/>
    <DC_x0020_Partner_x0020_-_x0020_Data_x0020_Domain/>
    <DC_x0020_Partner_x0020_-_x0020_BMC/>
    <DC_x0020_Partner_x0020_-_x0020_VMware/>
    <DC_x0020_Partner_x0020_-_x0020_Novell/>
    <DC_x0020_Partner_x0020_-_x0020_Isilon/>
    <DC_x0020_Partner_x0020_-_x0020_NetApp/>
    <DC_x0020_Partner_x0020_-_x0020_Intel/>
    <DC_x0020_Partner_x0020_-_x0020_Panduit/>
    <DC_x0020_Partner_x0020_-_x0020_EMC/>
    <DC_x0020_Partner_x0020_-_x0020_CA_x0020_Technologies/>
    <DC_x0020_Partner_x0020_-_x0020_Citrix/>
    <DC_x0020_Partner_x0020_-_x0020_Wyse/>
    <DC_x0020_Partner_x0020_-_x0020_F5/>
    <DC_x0020_Partner_x0020_-_x0020_A10/>
    <DC_x0020_Partner_x0020_-_x0020_Radware/>
</jcr:root>
