<?xml version="1.0" encoding="UTF-8"?>
<jcr:root xmlns:cq="http://www.day.com/jcr/cq/1.0" xmlns:jcr="http://www.jcp.org/jcr/1.0"
    jcr:primaryType="cq:Page">
    <jcr:content/>
    <business-edition-6000-version-10-6/>
    <emergency-responder-11-0/>
    <business-edition-7000/>
    <collaboration-systems-release-10-0/>
    <jabber-iphone-ipad/>
    <finesse-10-0-1/>
    <unified-attendant-console-standard/>
    <unified-attendant-console-advanced/>
    <jabber-voice-android/>
    <unified-communications-manager-version-10-5/>
    <expressway-series/>
    <jabber-guest/>
    <tdm-gateways/>
    <as5300-series-universal-gateways/>
    <as5350-universal-gateway/>
    <as5300-access-server/>
    <as5850-universal-gateway/>
    <iad2400-series-integrated-access-devices/>
    <iad2420-integrated-access-device/>
    <billing-measurements-server/>
    <signaling-controllers/>
    <sc-2200-signaling-controller/>
    <analog-station-gateway/>
    <analog-trunk-gateway/>
    <digital-gateway-de-30-plus/>
    <digital-gateway-dt-24-plus/>
    <dpa-7630-voice-mail-gateway/>
    <ics-7750-integrated-communication-system/>
    <vg200-gateway/>
    <voice-network-switching-system/>
    <_x0037_815i-2000-media-convergence-server/>
    <_x0037_815i-3000-media-convergence-server/>
    <_x0037_825i-3000-media-convergence-server/>
    <_x0037_800-series-media-convergence-servers/>
    <bts-10200-softswitch/>
    <_x0037_820-media-convergence-server/>
    <_x0037_825-media-convergence-server/>
    <_x0037_830-media-convergence-server/>
    <_x0037_835-media-convergence-server/>
    <bulk-administration-tool/>
    <_x0037_815-i1-media-convergence-server/>
    <_x0037_835-h1-media-convergence-server/>
    <_x0037_835-i1-media-convergence-server/>
    <ata-180-series-analog-telephone-adaptors/>
    <_x0037_845-h1-media-convergence-server/>
    <ata-186-analog-telephone-adaptor/>
    <_x0037_845-i1-media-convergence-server/>
    <_x0037_825-1133-media-convergence-server/>
    <_x0037_825h-2266-media-convergence-server/>
    <_x0037_825h-3000-media-convergence-server/>
    <as5400-series-universal-gateways/>
    <_x0037_835-1266-media-convergence-server/>
    <_x0037_835h-2400-media-convergence-server/>
    <_x0037_835i-2400-media-convergence-server/>
    <_x0037_845h-2400-media-convergence-server/>
    <_x0037_825-h1-media-convergence-server/>
    <_x0037_825-i1-media-convergence-server/>
    <as5350xm-universal-gateway/>
    <as5400xm-universal-gateway/>
    <bts-10200-softswitch-release-4-5/>
    <as5800-series-universal-gateways/>
    <call-session-control-platform/>
    <egw-2200-enterprise-gateway/>
    <iad2421-integrated-access-device/>
    <callmanager-version-2-2/>
    <callmanager-version-2-3/>
    <callmanager-version-2-4/>
    <callmanager-version-3-0/>
    <callmanager-version-3-1/>
    <dpa-7600-series-gateways/>
    <crm-communications-connector/>
    <dpa-7610-voice-mail-gateway/>
    <ip-communication-express-quick-config-tool/>
    <fax-server/>
    <voice-provisioning-tool/>
    <voice-provisioning-tool-version-1-0/>
    <as5400hpx-universal-gateway/>
    <as5400-universal-gateway/>
    <unified-communications-manager-version-5-0/>
    <_x0037_815-1000-media-convergence-server/>
    <avvid-ip-telephony-application-third-party-server/>
    <unity-cm-tsp-version-8-0/>
    <unity-connection/>
    <callmanager-attendant-console-release-1-1-1/>
    <unified-mobility/>
    <ata-188-analog-telephone-adaptor/>
    <unity-version-4-1/>
    <callmanager-version-3-2/>
    <unity-connection-version-1-1/>
    <conference-connection/>
    <conference-connection-version-1-1-1/>
    <emergency-responder/>
    <gatekeeper-external-interface/>
    <conference-connection-version-1-2/>
    <gatekeeper-multimedia-conference-manager/>
    <unified-communications-manager-callmanager/>
    <unified-survivable-remote-site-telephony/>
    <webattendant/>
    <uone/>
    <personal-assistant/>
    <unity-mobile-message-access-blackberry-version-1-0/>
    <unity-cm-tsp-version-8-1/>
    <ics-7700-series-integrated-communication-systems/>
    <unified-callconnector-microsoft-dynamics-crm/>
    <unified-callmanager-version-4-2/>
    <media-gateway-controller-software/>
    <unity-viewmail-microsoft-outlook-version-4-1/>
    <media-gateway-controller-version-4-2-19/>
    <media-gateway-controller-version-7-3-15/>
    <media-gateway-controller-version-7-3-16/>
    <media-gateway-controller-version-7-3-17/>
    <media-gateway-controller-version-7-4-10/>
    <media-gateway-controller-version-7-4-11/>
    <mgx-8880-media-gateways/>
    <pgw-2200-softswitch/>
    <sip-proxy-server/>
    <unified-communications-applications/>
    <unity-version-4-2/>
    <svx4310-software/>
    <unity-bridge-version-3-1/>
    <ios-gateways-session-initiation-protocol-sip/>
    <vg248-48-port-analog-voice-gateway/>
    <vco-4k-software/>
    <vg-series-gateways/>
    <rsvp-agent/>
    <unified-presence/>
    <tcl-scripts-ios-gateways/>
    <unified-personal-communicator/>
    <mcs-7815-i1-unified-callmanager-appliance/>
    <mcs-7825-h1-unified-callmanager-appliance/>
    <mcs-7825-i1-unified-callmanager-appliance/>
    <mcs-7835-h1-unified-callmanager-appliance/>
    <unified-communications-manager-attendant-console/>
    <mcs-7835-i1-unified-callmanager-appliance/>
    <mcs-7845-h1-unified-callmanager-appliance/>
    <mcs-7845-i1-unified-callmanager-appliance/>
    <mcs-7815-i2-unified-communications-manager-appliance/>
    <unity-version-3-1/>
    <mcs-7825-h2-unified-communications-manager-appliance/>
    <unity/>
    <mcs-7825-i2-unified-communications-manager-appliance/>
    <mcs-7835-h2-unified-communications-manager-appliance/>
    <mcs-7835-i2-unified-communications-manager-appliance/>
    <mcs-7845-h2-unified-communications-manager-appliance/>
    <callmanager-version-3-3/>
    <mcs-7845-i2-unified-communications-manager-appliance/>
    <mcs-7815-i2/>
    <mcs-7825-h2/>
    <mcs-7825-i2/>
    <mcs-7835-h2/>
    <mcs-7835-i2/>
    <mcs-7845-h2/>
    <mcs-7845-i2/>
    <unity-viewmail-microsoft-outlook-version-4-2/>
    <unified-communications-system/>
    <unity-connection-version-1-2/>
    <unified-communications-manager-version-5-1/>
    <unified-attendant-console-department-edition/>
    <mcs-7828-i3-unified-communications-manager-business-edition-appliance/>
    <mcs-7828-h3-unified-communications-manager-business-edition-appliance/>
    <mcs-7825-i3-unified-communications-manager-appliance/>
    <mcs-7825-h3-unified-communications-manager-appliance/>
    <mcs-7816-h3-unified-communications-manager-appliance/>
    <mcs-7816-i3-unified-communications-manager-appliance/>
    <unified-communications-manager-version-6-1/>
    <unified-communications-system-release-5-0/>
    <unified-communications-system-release-7-0/>
    <unified-communications-system-release-5-1/>
    <unified-communications-system-release-6-0/>
    <unified-communications-system-release-6-1/>
    <unified-communications-manager-business-edition-version-6-0/>
    <ip-transfer-point-linkextender/>
    <unity-version-5-0/>
    <unity-connection-version-2-0/>
    <carrier-sensitive-route-server-software/>
    <carrier-sensitive-route-server-version-1-1/>
    <_x0037_845i-media-convergence-server/>
    <_x0037_855i-media-convergence-server/>
    <_x0037_865i-media-convergence-server/>
    <iad2430-integrated-access-device/>
    <iad2431-series-integrated-access-device/>
    <mgx-media-gateways/>
    <personal-assistant-version-1-1/>
    <mgx-8880-media-gateway/>
    <ip-telephony-locale-installer-cisco-callmanager/>
    <personal-assistant-version-1-2/>
    <personal-assistant-version-1-3/>
    <ip-manager-assistant-cisco-unified-callmanager-4-0/>
    <international-dial-plan/>
    <unified-communications-manager-express/>
    <unity-version-4-0/>
    <media-gateway-controller-software-version-7/>
    <pgw-2200-software-version-9/>
    <bts-10200-softswitch-release-3-5/>
    <bts-10200-softswitch-release-4-1/>
    <bts-10200-softswitch-release-4-2/>
    <media-gateway-controller-software-version-4/>
    <bts-10200-softswitch-release-4-4/>
    <callmanager-attendant-console-release-1-3/>
    <unity-cm-tsp-version-1-0/>
    <unity-cm-tsp-version-3-0/>
    <unity-version-2-46/>
    <pgw-2200-h-323-signaling-interface/>
    <unity-version-3-0/>
    <vg224-voice-gateway/>
    <vg224-analog-voice-gateway/>
    <unity-cm-tsp-version-6-0/>
    <unity-cm-tsp-version-7-0/>
    <unity-bridge-version-2-0/>
    <unity-bridge-version-2-1/>
    <unity-bridge-version-3-0/>
    <_x0037_835h-3000-media-convergence-server/>
    <unity-viewmail-microsoft-outlook-version-4-0/>
    <_x0037_845h-3000-media-convergence-server/>
    <_x0037_815i-media-convergence-server/>
    <unity-viewmail-microsoft-outlook-version-3-1/>
    <_x0037_835i-3000-media-convergence-server/>
    <unity-voice-connector-microsoft-exchange-version-10-0/>
    <_x0037_825h-media-convergence-server/>
    <_x0037_845-1400-media-convergence-server/>
    <iad2424-integrated-access-device/>
    <unified-communications-network-management/>
    <iad2423-integrated-access-device/>
    <unified-callmanager-version-4-1/>
    <voice-video-conferencing-isr-routers/>
    <personal-assistant-version-1-4/>
    <unified-border-element/>
    <unified-communications-manager-assistant/>
    <unity-voice-connector-microsoft-exchange-version-11-0/>
    <unified-callmanager-version-4-0/>
    <unity-express-version-1-1-1/>
    <unity-express-version-1-1-2/>
    <unity-express-version-2-0-1/>
    <unity-express-version-2-0-2/>
    <unity-express-version-2-1-1/>
    <unity-express-version-2-1-2/>
    <fax-server-version-9-0/>
    <unity-express-version-2-1-3/>
    <unity-express-version-2-2-1/>
    <unity-express-version-2-2-2/>
    <unity-express-version-2-3-1/>
    <unified-communications-520-small-business-uc520/>
    <unity-express-version-2-3-2/>
    <unity-mobile-message-access-blackberry-version-1-1/>
    <unity-viewmail-microsoft-outlook-version-5-0/>
    <unity-express-version-2-3-3/>
    <unity-express-version-2-3-4/>
    <unity-express-version-3-0-1/>
    <unity-cm-tsp-version-8-2/>
    <unity-express-version-3-0-2/>
    <unity-express-version-7-1/>
    <unity-express-version-3-0-3/>
    <unity-express-version-3-0-4/>
    <unity-express-version-3-1-1/>
    <unity-express-version-3-1-2/>
    <unity-express-version-3-2-1/>
    <unity-express-version-3-2-2/>
    <unity-voice-connector-microsoft-exchange-version-12-0/>
    <unity-express-version-3-2-3/>
    <unity-express-version-7-0-2/>
    <unified-communications-manager-version-4-3/>
    <unity-express-version-7-0-3/>
    <unity-connection-version-8-0/>
    <unified-application-designer/>
    <unity-connection-version-8-x/>
    <unity-connection-viewmail-ibm-lotus-notes-version-8-x/>
    <unity-connection-viewmail-microsoft-outlook-version-8-x/>
    <unity-connection-viewmail-microsoft-outlook-version-8-0/>
    <unified-application-environment/>
    <unified-callconnector-microsoft-windows/>
    <unified-communications-manager-assistant-ucm-6-1/>
    <bts-10200-softswitch-release-5-0/>
    <bts-10200-softswitch-release-6-0/>
    <unified-call-studio/>
    <hosted-unified-communications-services/>
    <unified-attendant-console-business-edition/>
    <smart-business-communications-system-sbcs/>
    <unified-communications-manager-version-7-1/>
    <unified-communications-manager-business-edition-version-7-1/>
    <emergency-responder-7-1/>
    <unified-communications-500-series-small-business-uc500/>
    <unified-attendant-console-enterprise-edition/>
    <digital-gateways/>
    <software-nokia/>
    <unified-attendant-consoles/>
    <unified-communications-system-release-7-1/>
    <unified-messaging-gateway/>
    <unified-communications-540-small-business-uc540/>
    <unified-communications-licensing/>
    <unified-communications-software-subscription/>
    <unified-callconnector-mobility/>
    <unified-communications-manager-business-edition-version-6-1/>
    <unified-presence-version-7-0/>
    <unified-phoneproxy/>
    <unified-media-engine/>
    <unity-connection-version-2-1/>
    <unified-communications-manager-version-7-0/>
    <unified-communications-manager-business-edition-version-7-0/>
    <network-route-director/>
    <security-agent-cisco-unity-version-3-1/>
    <unity-version-7-0/>
    <unity-connection-version-7-0/>
    <iad880-series-integrated-access-devices/>
    <small-business-voice-gateways-ata/>
    <callmanager-backup-restore-system-utility-bars/>
    <unity-telephony-integration/>
    <spa8000-8-port-ip-telephony-gateway/>
    <spa3102-voice-gateway-router/>
    <unity-version-7-x/>
    <unity-connection-version-7-x/>
    <emergency-responder-version-1-x/>
    <spa2102-phone-adapter-router/>
    <emergency-responder-version-2-x/>
    <iad881-integrated-access-device/>
    <iad888-integrated-access-device/>
    <smart-business-portal/>
    <spa400-internet-telephony-gateway-4-fxo-ports/>
    <iad881w-integrated-access-device/>
    <mcs-7828-h4-unified-communications-manager-business-edition-appliance/>
    <mcs-7816-c1/>
    <mcs-7825-h4/>
    <mcs-7825-i4/>
    <mcs-7816-c1-unified-communications-manager-appliance/>
    <mcs-7825-h4-unified-communications-manager-appliance/>
    <mcs-7825-i4-unified-communications-manager-appliance/>
    <mcs-7828-i4-unified-communications-manager-business-edition/>
    <mcs-7816-i4/>
    <mcs-7816-i4-unified-communications-manager-appliance/>
    <emergency-responder-version-7-0/>
    <unity-viewmail-microsoft-outlook-version-7-x/>
    <unity-cm-tsp-version-8-3/>
    <fax-server-version-9-4/>
    <unified-presence-version-1-0/>
    <service-node/>
    <iad2801-integrated-access-device/>
    <mcs-7816-h3/>
    <unity-voice-connector-microsoft-exchange-version-15-0/>
    <unity-voice-connector-microsoft-exchange-version-15-x/>
    <mcs-7816-i3/>
    <_x0037_816-i5-media-convergence-server/>
    <_x0037_825-i5-media-convergence-server/>
    <mcs-7825-h3/>
    <bts-10200-softswitch-release-6-0-3/>
    <ata-187-analog-telephone-adaptor/>
    <business-edition-3000/>
    <business-edition-3000-version-8-6/>
    <unity-voice-connector-microsoft-exchange-version-14-x/>
    <vg202-analog-voice-gateway/>
    <mcs-7825-i3/>
    <unified-communications-manager-im-presence-service-version-10-0/>
    <unified-quick-connect/>
    <business-edition-6000-version-8-6/>
    <unified-mobility-advantage/>
    <unified-mobile-communicator/>
    <computer-telephony-integration-os-8-5/>
    <unified-callconnector-salesforce-com/>
    <emergency-responder-8-6/>
    <business-edition-5000/>
    <emergency-responder-9-0/>
    <unified-callconnectors/>
    <emergency-responder-8-7/>
    <jabber-android/>
    <unified-presence-version-6-0/>
    <jabber-im-blackberry/>
    <unity-connection-version-9-1/>
    <unified-communications-system-release-8-5/>
    <jabber-mac/>
    <jabber-software-development-kit/>
    <emergency-responder-10-0/>
    <mobile-nokia/>
    <mcs-7890-c1-unified-communications-manager-business-edition-3000-appliance/>
    <unity-connection-version-8-5/>
    <viewmail-microsoft-outlook-version-8-5/>
    <business-edition-6000-version-9-1/>
    <hosted-collaboration-solution-hcs/>
    <spa112-2-port-phone-adapter/>
    <business-edition-6000/>
    <spa122-ata-router/>
    <unified-communications-320w-small-business-uc320/>
    <unified-attendant-console/>
    <unified-attendant-console-compact-edition/>
    <unified-callconnector-operator/>
    <uc-integration-tm-microsoft-lync/>
    <unified-callconnector-advanced-client/>
    <unity-express-version-7-3/>
    <unity-express-version-8-6/>
    <spa8800-ip-telephony-gateway-4-fxs-4-fxo-ports/>
    <unified-sip-proxy-version-8-6/>
    <paging-server/>
    <unified-messaging-gateway-version-8-6/>
    <business-edition-5000-version-8-6/>
    <survivable-remote-site-voicemail-version-8-6/>
    <unified-attendant-console-premium-edition/>
    <unified-communications-manager-business-edition-3000-version-8-5/>
    <hosted-collaboration-solution-version-9-1/>
    <business-edition-6000-version-8-5/>
    <hosted-collaboration-solution-version-8-6/>
    <uc-integration-tm-microsoft-office-communicator/>
    <unity-connection-viewmail-ibm-lotus-notes-version-8-5/>
    <unity-connection-version-7-1/>
    <unified-communications-system-release-9-0/>
    <unified-callconnector-personal-client/>
    <hosted-collaboration-solution-version-9-1-1/>
    <unified-sip-proxy-software/>
    <hosted-collaboration-solution-version-8-6-2/>
    <unity-connection-version-8-6/>
    <unified-sip-proxy-software-1-1/>
    <vg30d-voice-gateway/>
    <hosted-collaboration-solution-contact-center-version-9-2-1/>
    <computer-telephony-integration-option-9-0/>
    <unity-express-version-7-4/>
    <unified-communications-manager-version-9-0/>
    <unified-communications-manager-assistant-ucm-7-1/>
    <unified-communications-manager-im-presence-service-version-9-0/>
    <vg300-series-gateways/>
    <unity-connection-version-9-x/>
    <unified-presence-version-8-6/>
    <business-edition-5000-version-9-0/>
    <vg350-analog-voice-gateway/>
    <unity-connection-version-9-0/>
    <computer-telephony-integration-option-8-5/>
    <business-edition-6000-version-9-0/>
    <unified-communications-system-release-8-6/>
    <as5800-access-server/>
    <vg202xm-analog-voice-gateway/>
    <vg204-analog-voice-gateway/>
    <hosted-collaboration-solution-version-9-2/>
    <jabber-im-iphone/>
    <unified-communications-manager-assistant-ucm-6-0/>
    <unity-connection-viewmail-ibm-lotus-notes-version-7-x/>
    <unified-callmanager-assistant-cisco-unified-callmanager-5-0/>
    <unity-connection-locale-installer/>
    <jabber-im-android/>
    <iad2435-integrated-access-device/>
    <unity-voice-connector-microsoft-exchange-version-14-0/>
    <unified-communications-manager-session-management-edition/>
    <jabber-windows/>
    <jabber-iphone/>
    <vgd-1t3-voice-gateway/>
    <jabber-ipad/>
    <hosted-collaboration-solution-version-9-0/>
    <unified-messaging-gateway-version-1-0/>
    <unified-communications-manager-version-9-1/>
    <business-edition-5000-version-9-1/>
    <unified-communications-ibm-lotus/>
    <unity-express-version-8-5/>
    <unified-communications-widgets/>
    <unified-presence-virtualization/>
    <unified-presence-version-8-5/>
    <unified-communications-manager-version-8-6/>
    <unified-communications-manager-im-presence-service-version-9-1/>
    <smart-callconnector/>
    <unity-connection-viewmail-microsoft-outlook-version-7-x/>
    <vxi-collaboration/>
    <iad888w-integrated-access-device/>
    <unified-communications-microsoft/>
    <phone-designer/>
    <uc-integration-tm-ibm-sametime/>
    <jabber-extensible-communications-platform-xcp/>
    <click-to-call/>
    <unity-connection-virtualization/>
    <spa232d-multi-line-dect-ata/>
    <unity-connection-viewmail-microsoft-outlook/>
    <unity-voice-connector-microsoft-exchange/>
    <unified-communications-system-release-8-0/>
    <unity-tsp/>
    <hosted-collaboration-solution-contact-center/>
    <iad886-integrated-access-device/>
    <iad887-integrated-access-device/>
    <hosted-collaboration-solution-contact-center-version-9-0-1/>
    <iad886w-integrated-access-device/>
    <viewmail-microsoft-outlook-version-9-0/>
    <iad887w-integrated-access-device/>
    <unified-communications-manager-assistant-ucm-8-5/>
    <vgd-series-voice-gateways/>
    <smart-callconnector-server-advanced-client/>
    <bts-10200-ip-multimedia-subsystem-1-0/>
    <unified-communications-manager-version-10-0/>
    <bts-10200-multimedia-application-server-1-0/>
    <smart-callconnector-toolbar/>
    <mcs-7835-i3/>
    <mcs-7845-i3/>
    <unity-connection-viewmail-ibm-lotus-notes/>
    <unity-viewmail-microsoft-outlook/>
    <intercompany-media-engine/>
    <bts-10200-softswitch-release-7-0/>
    <unity-express-version-3-2/>
    <unified-messaging-gateway-version-8-5/>
    <unity-express-version-7-0/>
    <survivable-remote-site-voicemail-version-8-5/>
    <unified-communications-manager-version-8-0/>
    <unified-sip-proxy-software-8-5/>
    <webex-social/>
    <unified-communications-manager-business-edition-version-8-0/>
    <emergency-responder-8-5/>
    <visual-voicemail/>
    <speechview/>
    <wrp400-wireless-g-broadband-router-2-phone-ports/>
    <pap2t-internet-phone-adapter-2-voip-ports/>
    <unified-communications-manager-version-8-5/>
    <small-business-voice-systems/>
    <office-manager/>
    <business-edition-5000-version-8-5/>
    <unified-communications-rtx/>
    <unified-presence-version-8-x/>
    <mcs-7828-i5-unified-communications-manager-business-edition-appliance/>
    <unified-communications-560-small-business-uc560/>
    <unified-presence-version-8-0/>
    <unity-version-8-0/>
    <unity-version-8-x/>
    <unity-viewmail-microsoft-outlook-version-8-0/>
    <unity-viewmail-microsoft-outlook-version-8-x/>
    <unity-cm-tsp-version-8-4/>
    <survivable-remote-site-voicemail/>
    <emergency-responder-8-0/>
    <survivable-remote-site-voicemail-version-8-0/>
    <unity-express-version-8-0/>
    <unity-express-version-7-2/>
    <unified-communications-300-series-small-business-uc300/>
    <smart-callconnector-operator/>
    <unified-messaging-gateway-version-8-0/>
    <unified-contact-center-express-8-0-1/>
    <unity-connection-viewmail-ibm-lotus-notes-version-8-0/>
    <telepresence-system-ex-series/>
    <telepresence-video-communication-server-vcs/>
    <telepresence-isdn-gw-3241/>
    <telepresence-advanced-media-gateway-3610/>
    <iad2800-series-integrated-access-devices/>
    <spa9000-voice-system/>
    <telepresence-serial-gateway-series/>
    <unified-communications-manager-version-6-0/>
    <unity-express-version-7-0-1/>
    <vg204xm-analog-voice-gateway/>
    <viewmail-microsoft-outlook-version-8-6/>
    <ip-manager-assistant-unified-callmanager-4-1-2/>
    <security-agent-personal-assistant-version-1-0/>
    <security-agent-personal-assistant-version-1-1/>
    <security-agent-unified-meetingplace/>
    <security-agent-unity-bridge-version-1-0/>
    <security-agent-unity-bridge-version-1-1/>
    <security-agent-unity-bridge-version-2-0/>
    <security-agent-unity-version-1-1/>
    <security-agent-unity-version-2-0/>
    <security-agent-unity-version-3-0/>
    <speech-connect-unity-connection/>
    <uc-integration-tm-webex-connect/>
    <unified-callmanager-assistant-callmanager-4-2-3/>
    <comparison/>
    <purchase-considerations/>
    <buyers-guide/>
    <doc/>
    <partner-ordering-resources/>
    <partner-sales-and-marketing/>
    <partner-training-and-specialization/>
    <unity-express/>
    <technology/>
    <partner/>
    <solution-listing/>
    <service-listing/>
    <product-listing/>
    <index/>
    <eos-eol-policy/>
    <benefit/>
    <additional-resources/>
    <customer-case-study/>
    <telepresence-products/>
    <speech-connect-cisco-unity/>
    <unified-communications-manager-assistant-cisco-unified-communications-manager-6-0/>
    <unified-communications-manager-assistant-cisco-unified-communications-manager-6-1/>
    <unified-communications-manager-assistant-cisco-unified-communications-manager-7-1/>
    <unified-communications-manager-assistant-cisco-unified-communications-manager-8-5/>
    <unity-viewmail-microsoft-outlook-version-7-0/>
    <jabber-voice-iphone/>
    <call-control/>
    <eos-eol-listing/>
    <communications-gateways/>
    <hosted-collaboration-solution-version-9-2-1-su1/>
    <unity-connection-10-x/>
    <networking_solutions_products_genericcontent0900aecd80730ec0/>
    <networking_solutions_products_genericcontent0900aecd8062c115/>
    <product_generic_technology_podcasts/>
    <cius_accessories/>
    <networking_solutions_products_genericcontent0900aecd80710427/>
    <voip_router/>
    <product_generic_analyst_relationships_podcasts/>
    <product_generic_business_transformation_podcasts/>
    <ucphone_headsets/>
    <product_generic_sneak_preview_podcasts/>
    <ipPhone_thankyou/>
    <customer_relationships/>
    <insurance_professional_video/>
    <networking_solutions_products_genericcontent0900aecd804f00ce/>
    <networking_solutions_products_genericcontent0900aecd80710422/>
    <uc_ivr/>
    <networking_solutions_products_genericcontent0900aecd80730da1/>
    <product_generic_uc_podcast_series/>
    <product_generic_uc_videos/>
    <ipphone_app_disclaimer/>
    <uc_endpoints_accessories/>
    <collab_wk_cStudies/>
    <networking_solutions_products_genericcontent0900aecd8064e084/>
    <uc_promotions/>
    <desktop_virtualization_endpoints_promo/>
    <business-edition-6000-version-10-0/>
    <ata190-2-port-adapter/>
    <hosted-collaboration-solution-version-10-0/>
    <vg3x0-analog-voice-gateway/>
    <hosted-collaboration-solution-contact-center-version-10-0-1/>
    <telepresence-video-communication-server-expressway/>
    <ip-manager-assistant-unified-callmanager-4-0/>
    <unified-callmanager-assistant-unified-callmanager-5-0/>
    <security-agent-cisco-unity-version-1-1/>
    <security-agent-cisco-unity-bridge-version-1-0/>
    <security-agent-cisco-unity-bridge-version-1-1/>
    <security-agent-cisco-unity-version-2-0/>
    <security-agent-cisco-unity-bridge-version-2-0/>
    <security-agent-cisco-unity-version-3-0/>
    <ip-telephony-locale-installer-callmanager/>
    <unity-connection-version-10-x/>
    <jabber-video-ipad/>
    <expressway/>
    <emergency-responder-10-5/>
    <unity-connection-version-10-5/>
    <unified-communications-manager-im-presence-service-version-10-5/>
    <collaboration-systems-release-10-5/>
    <unity-connection-version-10-5-2/>
    <unity-connection-viewmail-microsoft-outlook-version-10-0/>
    <hosted-collaboration-solution-version-10-1-1/>
    <hosted-collaboration-solution-version-10-0-1/>
    <hosted-collaboration-solution-version-9-2-1-su2/>
    <hosted-collaboration-solution-contact-center-version-10-0-1-su1/>
    <hosted-collaboration-solution-version-9-2-1/>
    <hosted-collaboration-solution-version-10-1/>
    <hosted-collaboration-solution-utilities/>
    <ata-190-series-analog-telephone-adapters/>
    <hosted-collaboration-solution-version-10-1-2/>
    <wrp500-wireless-g-broadband-router-2-phone-ports/>
    <hosted-collaboration-solution-version-10-6-1/>
    <collaboration-systems-release-10-6/>
    <unified-communications-manager-version-11-0/>
    <wrp500-wireless-ac-broadband-router-2-phone-ports/>
    <unity-connection-version-11-x/>
    <hosted-collaboration-solution-contact-center-version-10-6-1/>
    <webex-messenger/>
    <unity-connection-viewmail-microsoft-outlook-version-11-x/>
    <unified-communications-manager-im-presence-service-version-11-0/>
    <collaboration-systems-release-11-0/>
    <emergency-responder-11-5/>
    <hosted-collaboration-solution-contact-center-version-11-0-1/>
    <business-edition-6000-version-11-0/>
    <spark/>
    <virtualization-experience-media-edition-suse-linux/>
    <virtualization-experience-media-edition-unicon-elux/>
    <virtualization-experience-media-edition-windows/>
</jcr:root>
