<?xml version="1.0" encoding="UTF-8"?>
<jcr:root xmlns:sling="http://sling.apache.org/jcr/sling/1.0" xmlns:cq="http://www.day.com/jcr/cq/1.0" xmlns:jcr="http://www.jcp.org/jcr/1.0"
    cq:lastReplicated="{Date}2014-11-15T08:41:07.918-08:00"
    cq:lastReplicatedBy="wempublishadm.gen"
    cq:lastReplicationAction="Activate"
    jcr:mixinTypes="[cq:ReplicationStatus]"
    jcr:primaryType="cq:Tag"
    jcr:title="Business Trends"
    sling:resourceType="cq/tagging/components/tag"
    autoPageCreation="true"
    category="Networking Solutions"
    conceptId="1428085"
    externalLaunchDate="2008-08-08 00:00:00 PST"
    folderPath="content/en/us/solutions/enterprise/business-trends"
    lastModifiedDate="2013-06-09 10:51:22 PST"
    lifeCycle="active"
    mdfId="282352182"
    metaClass="Solution Class"
    name="Business Trends">
    <High_x0020_Availability_x0020_Networking/>
    <Virtualization_x0020_Strategies/>
    <Borderless_x0020_Network_x0020_Strategies/>
    <IBM_x0025_2FSNA_x0020_Solutions/>
    <Video_x0020_Strategies/>
    <Virtualized_x0020_Data_x0020_Center_x0020_Strategies/>
    <Thrive_x0020_in_x0020_Dynamic_x0020_Times/>
    <Collaboration_x0020_Strategies/>
    <Globalisation/>
</jcr:root>
