<?xml version="1.0" encoding="UTF-8"?>
<jcr:root xmlns:sling="http://sling.apache.org/jcr/sling/1.0" xmlns:cq="http://www.day.com/jcr/cq/1.0" xmlns:jcr="http://www.jcp.org/jcr/1.0"
    cq:lastReplicated="{Date}2014-11-15T10:37:56.931-08:00"
    cq:lastReplicatedBy="wempublishadm.gen"
    cq:lastReplicationAction="Activate"
    jcr:mixinTypes="[cq:ReplicationStatus]"
    jcr:primaryType="cq:Tag"
    jcr:title="Design Zone"
    sling:resourceType="cq/tagging/components/tag"
    autoPageCreation="true"
    category="Networking Solutions"
    conceptId="1428343"
    externalLaunchDate="2007-03-09 00:00:00 PST"
    folderPath="content/en/us/solutions/enterprise/design-zone"
    lastModifiedDate="2013-06-09 10:51:31 PST"
    lifeCycle="active"
    mdfId="281045919"
    metaClass="Solution Horizontal Segment"
    name="Design Zone">
    <Design_x0020_Zone_x0020_for_x0020_Sustainability/>
    <Solution_x0020_Reference_x0020_Network_x0020_Design/>
    <Design_x0020_Zone_x0020_for_x0020_Interoperability_x0020_Systems/>
    <Design_x0020_Zone_x0020_for_x0020_Data_x0020_Centers/>
    <Design_x0020_Zone_x0020_for_x0020_Mobility/>
    <Cisco_x0020_Validated_x0020_Design_x0020_Program/>
    <Design_x0020_Zone_x0020_for_x0020_Medianet/>
    <Design_x0020_Zone_x0020_for_x0020_Security/>
    <Design_x0020_Zone_x0020_for_x0020_Desktop_x0020_Virtualization/>
    <Design_x0020_Zone_x0020_for_x0020_Campus/>
    <Design_x0020_Zone_x0020_for_x0020_Branch_x0025_2FWAN/>
    <Design_x0020_Zone_x0020_for_x0020_Collaboration/>
    <Design_x0020_Zone_x0020_for_x0020_IPv6/>
    <Author_x0020_Biographies/>
    <Design_x0020_Zone_x0020_for_x0020_Smart_x0020_Business_x0020_Architecture/>
    <Industry_x0020_Solutions_x0020_Designs/>
    <Design_x0020_Zone_x0020_for_x0020_Application_x0020_Performance/>
    <Design_x0020_Zone_x0020_for_x0020_Edge/>
    <Design_x0020_Zone_x0020_Industry_x0020_Solutions/>
    <Design_x0020_Zone_x0020_for_x0020_Compliance/>
    <Design_x0020_Zone_x0020_for_x0020_Enterprise_x0020_Networks/>
    <Smart_x0020_Solutions/>
</jcr:root>
