<?xml version="1.0" encoding="UTF-8"?>
<jcr:root xmlns:cq="http://www.day.com/jcr/cq/1.0" xmlns:jcr="http://www.jcp.org/jcr/1.0" xmlns:rep="internal"
    jcr:mixinTypes="[rep:AccessControllable]"
    jcr:primaryType="cq:Page">
    <jcr:content/>
    <docs/>
    <rep:policy/>
    <servers-unified-computing/>
    <flip-video/>
    <home-networking-valet-linksys/>
    <ios-nx-os-software/>
    <interfaces-modules/>
    <universal-gateways-access-servers/>
    <application-networking-services/>
    <optical-networking/>
    <routers/>
    <switches/>
    <video/>
    <security/>
    <cloud-systems-management/>
    <storage-networking/>
    <unified-communications/>
    <wireless/>
    <physical-security/>
    <collaboration-endpoints/>
    <conferencing/>
    <customer-collaboration/>
    <service-exchange/>
    <tsd-cisco-small-business-support-center-contacts/>
    <tsd-communities-and-training/>
    <index/>
    <voice-unified-communications/>
    <web/>
    <collaboration/>
    <customer-collaborations/>
    <software/>
    <connected-safety-security/>
    <index-preview/>
    <rma_portal/>
</jcr:root>
