<?xml version="1.0" encoding="UTF-8"?>
<jcr:root xmlns:sling="http://sling.apache.org/jcr/sling/1.0" xmlns:cq="http://www.day.com/jcr/cq/1.0" xmlns:jcr="http://www.jcp.org/jcr/1.0"
    cq:lastReplicated="{Date}2014-11-15T09:39:53.516-08:00"
    cq:lastReplicatedBy="wempublishadm.gen"
    cq:lastReplicationAction="Activate"
    jcr:mixinTypes="[cq:ReplicationStatus]"
    jcr:primaryType="cq:Tag"
    jcr:title="Product Support"
    sling:resourceType="cq/tagging/components/tag"
    category="Products"
    conceptAdmin="padcruz, alkeyser"
    conceptId="1430362"
    externalLaunchDate="1969-12-31 00:00:00 PST"
    lastModifiedDate="2013-06-09 10:52:54 PST"
    lifeCycle="active"
    mdfId="268437593"
    metaClass="Product Segment"
    name="Cisco Products"
    shortName="Hardware">
    <Broadband_x0020_Cable/>
    <Cisco_x0020_IOS_x0020_Software_x0020_Features/>
    <Cloud_x0020_and_x0020_Systems_x0020_Management/>
    <Flip_x0020_Video/>
    <Cisco_x0020_IOS_x0020_Feature_x0020_Sets/>
    <Home_x0020_Networking_x0020__x0028_Valet_x0020_and_x0020_Linksys_x0029_/>
    <Cisco_x0020_IOS_x0020_and_x0020_NX-OS_x0020_Software/>
    <Security/>
    <Video/>
    <Switches/>
    <Routers/>
    <Optical_x0020_Networking/>
    <Cisco_x0020_Interfaces_x0020_and_x0020_Modules/>
    <DSL_x0020_and_x0020_Long-Reach_x0020_Ethernet/>
    <Storage_x0020_Networking/>
    <Cisco_x0020_Accessories/>
    <Cisco_x0020_Communications_x0020_Servers/>
    <Application_x0020_Networking_x0020_Services/>
    <Server_x0020_Networking_x0020_and_x0020_Virtualization/>
    <Wireless/>
    <Universal_x0020_Gateways_x0020_and_x0020_Access_x0020_Servers/>
    <Service_x0020_Exchange/>
    <Servers_x0020_-_x0020_Unified_x0020_Computing/>
    <Collaboration_x0020_Endpoints/>
    <Unified_x0020_Communications/>
    <Customer_x0020_Collaboration/>
    <Conferencing/>
    <Connected_x0020_Safety_x0020_and_x0020_Security/>
    <Software/>
    <Analytics_x0020_and_x0020_Automation_x0020_Software/>
</jcr:root>
