<?xml version="1.0" encoding="UTF-8"?>
<jcr:root xmlns:sling="http://sling.apache.org/jcr/sling/1.0" xmlns:cq="http://www.day.com/jcr/cq/1.0" xmlns:jcr="http://www.jcp.org/jcr/1.0"
    jcr:primaryType="cq:Page">
    <jcr:content
        cq:lastModified="{Date}2016-01-11T07:51:36.854-08:00"
        cq:lastModifiedBy="admin"
        cq:template="/apps/cdc/wcm/templates/blank"
        jcr:primaryType="cq:PageContent"
        jcr:title="products"
        sling:resourceType="cdc/wcm/components/page/blank"/>
    <cloud-systems-management/>
    <collaboration-endpoints/>
    <conferencing/>
    <customer-collaboration/>
    <ios-nx-os-software/>
    <physical-security/>
    <routers/>
    <security/>
    <servers-unified-computing/>
    <storage-networking/>
    <switches/>
    <unified-communications/>
    <wireless/>
</jcr:root>
