<?xml version="1.0" encoding="UTF-8"?>
<jcr:root xmlns:sling="http://sling.apache.org/jcr/sling/1.0" xmlns:cq="http://www.day.com/jcr/cq/1.0" xmlns:jcr="http://www.jcp.org/jcr/1.0"
    jcr:primaryType="cq:Tag"
    jcr:title="Wireless and Mobility Solutions"
    sling:resourceType="cq/tagging/components/tag"
    category="Networking Solutions"
    conceptId="1429867"
    externalLaunchDate="1969-12-31 00:00:00 PST"
    lastModifiedDate="2013-06-09 10:52:32 PST"
    lifeCycle="obsolete"
    mdfId="275619685"
    metaClass="Solution Family"
    name="Wireless and Mobility Solutions"
    synonym="[Wireless and Mobility Solutions,Wireless/Mobility Solutions for Small &amp; Medium Business]">
    <Wireless_x0020_LAN_x0020_Security_x0020_Solution/>
    <Cisco_x0020_Mobile_x0020_Office_x0020_Solution/>
    <Fixed_x0020_Wireless_x0020_Solution/>
    <Wireless_x0020_Security_x0020_Suite_x0020_Solution/>
    <Wireless_x0020_LAN_x0020_Solution/>
    <Cisco_x0020_On_x0020_the_x0020_Road_x0020_Solution/>
    <Broadband_x0020_Wireless_x0020_Solution/>
    <Cisco_x0020_At_x0020_Work_x0020_Solution/>
    <General_x0020_Packet_x0020_Radio_x0020_Service_x0020_Solution/>
</jcr:root>
