<?xml version="1.0" encoding="UTF-8"?>
<jcr:root xmlns:sling="http://sling.apache.org/jcr/sling/1.0" xmlns:cq="http://www.day.com/jcr/cq/1.0" xmlns:jcr="http://www.jcp.org/jcr/1.0"
    cq:lastReplicated="{Date}2014-11-15T10:38:11.285-08:00"
    cq:lastReplicatedBy="wempublishadm.gen"
    cq:lastReplicationAction="Activate"
    jcr:mixinTypes="[cq:ReplicationStatus]"
    jcr:primaryType="cq:Tag"
    jcr:title="Cisco Interoperability Portal"
    sling:resourceType="cq/tagging/components/tag"
    autoPageCreation="true"
    category="Networking Solutions"
    conceptId="1428341"
    externalLaunchDate="2007-01-10 00:00:00 PST"
    folderPath="content/en/us/solutions/enterprise/interoperability-portal"
    lastModifiedDate="2013-06-09 10:51:31 PST"
    lifeCycle="active"
    mdfId="280960638"
    metaClass="Solution Family"
    name="Cisco Interoperability Portal">
    <Cisco_x0020_Voice_x0020_Gateways/>
    <Cisco_x0020_Unified_x0020_Communications_x0020_Manager_x0020_Express/>
    <Cisco_x0020_Unified_x0020_Communications_x0020_Manager/>
    <Cisco_x0020_Unified_x0020_MeetingPlace/>
    <Cisco_x0020_Unified_x0020_Border_x0020_Element_x0020__x0028_CUBE_x0029_/>
    <Cisco_x0020_Emergency_x0020_Responder/>
    <Cisco_x0020_Unity/>
    <Cisco_x0020_IAD_x0020_2400_x0020_Integrated_x0020_Access_x0020_Devices/>
</jcr:root>
