<?xml version="1.0" encoding="UTF-8"?>
<jcr:root xmlns:cq="http://www.day.com/jcr/cq/1.0" xmlns:jcr="http://www.jcp.org/jcr/1.0"
    jcr:primaryType="cq:Page">
    <jcr:content/>
    <MPLS_x0020_World_x0020_Congress_x0020__x0027_05_x0020_-_x0020_February_x0020_15-18_x002c__x0020_2005/>
    <son-mobile-operators/>
    <son-applications/>
    <index/>
    <sp-sell-2/>
    <managed-services-service-providers/>
    <consumer-services-service-providers/>
    <media-satellite-broadcast/>
    <connected-life-at-home/>
    <mobile-internet/>
    <service-provider-cloud-data-center-solutions/>
    <videoscape/>
    <oss-network-management/>
    <managed-service/>
    <networking-solutions-service-providers/>
    <network-infrastructure/>
    <programs-service-providers/>
    <events/>
    <hosted-multi-tenant-solutions-service-providers/>
    <cable-operators/>
    <mobile-operators/>
    <wireline-carriers/>
    <service-provider-strategy/>
    <mobility-solutions-service-providers/>
    <powered-small-medium-businesses/>
    <broadband-solutions/>
    <core-networks/>
    <carrier-ethernet/>
    <optical-network-solutions/>
    <secure-infrastructure/>
    <edge-networks/>
    <carrier-grade-ipv6-solution/>
    <convergence/>
    <joint-marketing/>
    <business-accelerator/>
    <powered-program/>
    <service-provider-solutions-ecosystem/>
    <service-acceleration-programs/>
    <service-identification/>
    <internet-business-dial-tone/>
    <managed-services-insight-group/>
    <oss-network-management-service-providers/>
    <past-events/>
    <cable-high-speed-data-hsd-solutions/>
    <cable-ip-next-generation-solutions/>
    <gigabit-ethernet-optimized-vod-solution/>
    <cable-video-solutions/>
    <networking-solutions-cable-operators/>
    <managed-services-cable-operators/>
    <residential-services-cable-operators/>
    <cable-digital-voice-solutions/>
    <cable-transport-solutions/>
    <cable-servicemesh-solution/>
    <cable-access-solutions/>
    <cable-business-solutions/>
    <cable-tru2way-solutions/>
    <cable-separable-security-solutions/>
    <lifecycle-services-cable-operators/>
    <cable-dtv-transition-solutions/>
    <cable-network-management-solutions/>
    <hfc-bandwidth-optimization-enhancement/>
    <wireless-mobility-solutions-service-providers/>
    <fixed-mobile-convergence/>
    <networking-solutions-mobile-operators/>
    <managed-services-mobile-operators/>
    <sms-offload/>
    <stp-replacement/>
    <data-center-mobile-operators/>
    <cisco-advantage-mobile-operators/>
    <next-gen-signaling-mobile-operators/>
    <ip-core-mobile-operators/>
    <_x0034_g-lte-long-term-evolution/>
    <mobile-packet-core/>
    <managed-services-wireline-carriers/>
    <infrastructure-solutions-wireline-carriers/>
    <iptv-solutions-wireline-carriers/>
    <ip-ngn-ip-next-generation-network/>
    <deploy-services/>
    <accelerate-demand/>
    <optimize-business/>
    <managed-metro-ethernet-service/>
    <managed-business-communications-service/>
    <application-performance-management-service/>
    <managed-telepresence-service/>
    <managed-internet-protocol-ip-trunking-service/>
    <managed-services-small-business/>
    <managed-firewall-service/>
    <managed-intrusion-prevention-detection-service/>
    <managed-secure-mpls-get-vpn-service/>
    <managed-unified-contact-center-service/>
    <managed-internet-service/>
    <managed-multiprotocol-label-switching-mpls-vpn-service/>
    <managed-telepresence-network-connection-service/>
    <managed-data-center-service/>
    <managed-cloud-services-insight-group/>
    <contribution/>
    <production/>
    <distribution/>
    <personal-content-sharing/>
    <session-shifting/>
    <whole-home-dvr/>
    <unified-ran-backhaul/>
    <mobile-internet-service-enablement/>
    <mobile-internet-applications-central/>
    <wimax/>
    <lte-epc/>
    <cdma/>
    <umts-hspa/>
    <mobile-internet-applications-services/>
    <mobile-multimedia-services/>
    <wifi/>
    <mobile-data-offload/>
    <mobile-videoscape/>
    <adaptive-intelligent-routing/>
    <voice-video-over-lte/>
    <small-cell-solutions/>
    <quantum/>
    <unified-service-delivery/>
    <service-provider-cloud/>
    <service-provider-infrastructure-as-a-service/>
    <service-orchestration/>
    <cloud-intelligent-network/>
    <network-positioning-system/>
    <unified-data-center/>
    <cloud-applications-services/>
    <videoscape-cloud-solutions/>
    <next-generation-network-solutions-videoscape/>
    <videoscape-clients/>
    <videoscape-transition-suite/>
    <videoscape-releases/>
    <videoscape-multiscreen-cloud-dvr-offer/>
    <videoscape-video-everywhere-offer/>
    <videoscape-ip-video-over-cable-offer/>
    <videoscape-connected-video-gateway-offer/>
    <prime-subscriber-management/>
    <prime-voice-video-collaboration/>
    <prime-oss/>
    <prime-carrier-management/>
    <prime-cloud-automation/>
    <prime-it-management/>
    <iptv-video-over-broadband-networks/>
    <iptv-head-end-solution/>
    <personalized-video-solutions/>
    <iptv-set-top-box-solutions/>
    <connected-life/>
    <service-provider-medianet/>
    <hosted-small-business-communications/>
    <managed-security-services-small-business/>
    <managed-unified-communications-smart-business-communications-system/>
    <managed-sip-trunking-service-small-business/>
    <managed-unified-communications-unified-communications-manager-express/>
    <media-workflow-platform/>
    <satellite-direct-to-home/>
    <mobile-tv/>
    <primary-satellite-distribution/>
    <ran-optimization/>
    <atom-ran/>
    <backhaul-optimization-gsm-umts/>
    <ip-pop-ran/>
    <optical-ran-aggregation/>
    <mtop-ran/>
    <mobile-service-aware-charging/>
    <mobile-content-filtering/>
    <personalized-mobile-broadband/>
    <addressable-online-advertising/>
    <voice-over-lte-volte/>
    <ev-do/>
    <policy-charging-control/>
    <machine-to-machine-m2m/>
    <operator-solutions-enterprise/>
    <converged-messaging/>
    <rich-communication-suite-rcs/>
    <service-provider-wi-fi/>
    <licensed-small-cell/>
    <unified-communications-collaboration-as-a-service/>
    <conductor-videoscape/>
    <ip-next-generation-network-ngn-video-optimized-transport/>
    <converged-cable-access-network/>
    <videoscape-quickstart/>
    <videoscape-release-5-0/>
    <videoscape-release-4-5/>
    <mobile-wireless-solution-service-providers/>
    <enterprise-solutions-mobile-operators/>
    <mobile-data-services/>
    <next-generation-smsc-sms-offload/>
    <managed-roaming-service/>
    <iups-traffic-rcn-to-sgsn/>
    <metro-services/>
    <_x0031_00-gigabit-solution/>
    <ipodwdm/>
    <optical-transport/>
    <nlight/>
    <powered-program-service-provider/>
    <ctia-wireless-2004/>
    <ncta-national-show-2004/>
    <supercomm2004/>
    <scte-cable-tec-expo-2004/>
    <commercial-services-toolkit-ced-ctam/>
    <_x0033_gsm-world-congress-2005/>
    <comptel-ascent-2005/>
    <mpls-world-congress-2005/>
    <ctia-wireless-2005/>
    <spring-von-2005/>
    <networkers2005/>
    <ncta-national-show-2005/>
    <supercomm2005/>
    <scte-cable-tec-expo-2005/>
    <digital-video/>
    <switched-digital-video/>
    <video-on-demand-personalized-video/>
    <video-over-ip/>
    <advanced-advertising/>
    <video-over-ip-dvb/>
    <switched-digital-video-dvb/>
    <video-on-demand-personalized-video-dvb/>
    <advanced-advertising-dvb/>
    <digital-video-dvb/>
    <broadband-cable-services/>
    <hfc-access/>
    <next-generation-access/>
    <ethernet-over-docsis/>
    <cellular-backhaul/>
    <video-assurance-management-solution/>
    <rosa-video-services-management-suite/>
    <digital-network-control-system/>
    <cable-management-tools-products/>
    <gigahertz-expansion/>
    <mpeg-4-advanced-video-coding/>
    <fiber-deep-solutions/>
    <analogy-reclamation/>
    <qam-sharing/>
    <fixed-wireless-solution-service-providers/>
    <carrier-ip-ngn-management-solution/>
    <network-management-jumpstart/>
    <get-connected-life/>
    <mobile-transformation/>
    <visual-networking-index-vni/>
    <connected-life-user-experience/>
    <global-cloud-index-gci/>
    <vni-service-adoption-forecast/>
    <broadband-cable-voice-services/>
    <broadband-cable-high-speed-data-hsd-services/>
    <broadband-cable-video-services/>
    <gci-highlights-tool/>
    <cloud-readiness-tool/>
    <videoscape-unity/>
    <cable-management-tools/>
    <networking_solutions_products_genericcontent0900aecd80633e81/>
    <cloud_based_services/>
    <eantc_cloud/>
    <service_provider_case_studies_list/>
    <networking_solutions_products_genericcontent0900aecd8043a54d/>
    <eantc_megatest_results/>
    <ct-span-video/>
    <videoscape-express-solution/>
    <quantum-virtualized-packet-core/>
    <quantum-son-mobile-operators/>
    <quantum-son-architecture/>
    <quantum-son-applications/>
    <_x002d_cisco-advantage-mobile-operators/>
    <prime-analytics/>
    <epc-satellite-ran-solution/>
    <open-network-environment-service-providers/>
    <benefit/>
    <architecture/>
    <solutions-listing/>
    <product-listing/>
    <zz_index_old/>
    <index_nav/>
    <evolved-services-platform/>
    <sp-network-infrastructure-products/>
    <partner/>
    <sp-video-solutions/>
    <partner-sales-and-marketing/>
    <partner-training-and-specialization/>
    <sp-video-products/>
    <sp-network-infrastructure-solutions/>
    <sp-mobile-internet-products/>
    <sp-mobile-internet/>
    <sp-mobile-internet-solutions/>
    <demo/>
    <converged-cable-access-platform-ccap-solution/>
    <network-functions-virtualization-nfv/>
    <software-defined-networks-sdn-service-providers/>
    <network-functions-virtualization-nfv-management-orchestration/>
    <service-provider-demonstrations/>
    <demonstrations/>
    <videoscape-unified-gateway-solution/>
    <iot-cloud-connect/>
    <videoscape-videoguard-security-solution/>
    <virtual-hetnet/>
    <videoscape-videoguard-security-solution1/>
    <solutions-cloud-providers/>
    <virtual-managed-services/>
    <service-management-orchestration/>
    <application-engineered-routing/>
    <carrier-management/>
    <vni-network-traffic-forecast/>
    <son/>
    <learning-center/>
    <trending-now/>
    <virtualized-packet-core/>
    <son-architecture/>
    <cloud-architecture-microsoft-cloud-platform/>
    <service-provider-video-solutions/>
    <policy-suite/>
    <virtualized-video-processing/>
    <video-security-solutions/>
    <infinite-solutions/>
    <infinite-home/>
    <infinite-video/>
    <why-service-providers-choose-cisco/>
    <cloud-scale-partners/>
    <cloud-scale/>
    <test/>
    <Infographic/>
    <cloud-dvr/>
    <infinite-broadcast/>
</jcr:root>
