<?xml version="1.0" encoding="UTF-8"?>
<jcr:root xmlns:cq="http://www.day.com/jcr/cq/1.0" xmlns:jcr="http://www.jcp.org/jcr/1.0" xmlns:rep="internal"
    jcr:mixinTypes="[rep:AccessControllable]"
    jcr:primaryType="cq:Page">
    <jcr:content/>
    <sales-resources-list/>
    <data-center-virtualization/>
    <enterprise/>
    <consumer/>
    <intelligent-information-network/>
    <industry-solutions/>
    <data-center-solution/>
    <small-business/>
    <business-video/>
    <enterprise-networks/>
    <collaboration/>
    <executive-perspectives/>
    <index-old/>
    <collateral/>
    <solutions-sanity-test/>
    <a-to-z-solutions-index/>
    <service-provider/>
    <telepresence/>
    <ns1168/>
    <unified-communications/>
    <tools-index/>
    <se/>
    <ns170/>
    <ns341/>
    <ns340/>
    <partner-ecosystem/>
    <index/>
    <jims-index/>
    <index-b/>
    <rep:policy/>
    <sdwan-primer/>
    <midsize/>
    <industries/>
    <strategic-partners/>
    <integrated-partner-solutions/>
    <distributor-advantage/>
    <hosted-collaboration-solution/>
    <challenge-ipad-winners/>
    <ipv6-video/>
    <byod-smart-solution/>
    <cisco-powered/>
    <cloud/>
    <internet-of-things/>
    <software-defined-networking/>
    <transform-your-business-with-video/>
    <capture-transform-share/>
    <communications-manager-upgrade/>
</jcr:root>
