<?xml version="1.0" encoding="UTF-8"?>
<jcr:root xmlns:sling="http://sling.apache.org/jcr/sling/1.0" xmlns:cq="http://www.day.com/jcr/cq/1.0" xmlns:jcr="http://www.jcp.org/jcr/1.0"
    jcr:primaryType="cq:Tag"
    jcr:title="Learning Resources"
    sling:resourceType="cq/tagging/components/tag"
    category="Networking Solutions"
    conceptId="1428301"
    externalLaunchDate="2003-09-26 00:00:00 PST"
    lastModifiedDate="2013-06-09 10:51:30 PST"
    lifeCycle="obsolete"
    mdfId="278520698"
    metaClass="Solution Class"
    name="Learning Resources"
    synonym="[Networking Basics]">
    <Mobility_x0020_-_x0020_obsolete/>
    <Network_x0020_Security/>
    <Remote_x0020_Access/>
    <Networking_x0020_Fundamentals/>
    <SMB_x0020_Networking_x0020_Connection/>
    <Internet_x0020_Productivity/>
    <IP_x0020_Communications/>
    <Internet_x0020_Basics/>
</jcr:root>
