<?xml version="1.0" encoding="UTF-8"?>
<jcr:root xmlns:cq="http://www.day.com/jcr/cq/1.0" xmlns:jcr="http://www.jcp.org/jcr/1.0" xmlns:rep="internal"
    jcr:mixinTypes="[rep:AccessControllable]"
    jcr:primaryType="cq:Page">
    <jcr:content/>
    <rep:policy/>
    <cybersecurity-industrial-control-systems/>
    <service-provider-security-solutions/>
    <index/>
    <security/>
    <mobility/>
    <teleworker/>
    <campus/>
    <branch/>
    <wan-man/>
    <routing-switching/>
    <cloud-connected-solution/>
    <unified-access/>
    <industrial-networking/>
    <security-solutions-enterprise/>
    <security-solutions/>
    <global-correlation/>
    <wireless-mobility-solutions-enterprise/>
    <ipcc-remote-agent-option/>
    <virtual-office/>
    <resilient-services-solution-campus-network/>
    <campus-infrastructure/>
    <campus-ip-communications/>
    <campus-mobility/>
    <campus-security/>
    <network-virtualization-solutions/>
    <network-fabric/>
    <industry-lan-solutions/>
    <empowered-branch-solution/>
    <foundation-infrastructure/>
    <wlan-mobility/>
    <branch-security/>
    <branch-ip-communications/>
    <branch-of-future/>
    <secure-wan/>
    <dynamic-wan/>
    <frame-to-vpn/>
    <private-wan/>
    <v3pn/>
    <unified-wan-services/>
    <switching-solutions-enterprise/>
    <routing-solutions-enterprise/>
    <proactive-automation-of-change-execution/>
    <connected-mobile-experiences/>
    <power-over-ethernet-solutions/>
    <network-admission-control-switching-solutions/>
    <catalyst-switching-voice-solutions/>
    <router-switches/>
    <switch-security-services/>
    <upoe/>
    <catalyst-instant-access-solution/>
    <optimized-edge-routing/>
    <application-experience/>
    <application-visibility-control-avc/>
    <safe-blueprint/>
    <advanced-services-network-security-solution/>
    <ios-security-router-solution/>
    <threat-control/>
    <secure-remote-access-vpn/>
    <network-admission-control/>
    <asa-5500-series-ips-solution/>
    <secure-data-center-solution/>
    <pci-compliance/>
    <data-loss-prevention/>
    <anyconnect-secure-mobility-solution/>
    <trustsec/>
    <cloud-security/>
    <secure-unified-mobility-architecture/>
    <threat-defense/>
    <virtualization-security/>
    <mobile-workforce-architecture/>
    <securex/>
    <next-generation-encryption/>
    <secure-unified-access-solution/>
    <cloud-web-security-connected/>
    <secure-access/>
    <cybersecurity-solutions/>
    <mobile-wireless-solution/>
    <enterprise-mobility-solution/>
    <unified-wireless-network/>
    <metropolitan-mobile-network/>
    <land-mobile-radio-solution/>
    <outdoor-wireless-network-solution/>
    <rf-solutions/>
    <location-solution/>
    <_x0038_02-11n/>
    <enterprise-fixed-mobile-convergence-solutions/>
    <guest-access-solution/>
    <context-aware-mobility-solution/>
    <mobile-intelligent-roaming-solution/>
    <unified-communications-over-wlan/>
    <cleanair-technology/>
    <officeextend-solution/>
    <clientlink-2-0/>
    <midmarket-mobility-solutions/>
    <threat-control-infrastructure/>
    <threat-control-endpoints/>
    <e-mail-security/>
    <secure-remote-access/>
    <site-to-site-vpn-solution/>
    <network-based-ipsec-vpn-solution/>
    <ssl-vpn-solution/>
    <ipsec-vpn-solution/>
    <disaster-pandemic-preparedness-teleworking-solution/>
    <flexvpn/>
    <trust-identity-management-solutions/>
    <network-admission-control-nac-framework/>
    <nac-microsoft-nap-interoperability-architecture/>
    <security-management-suite/>
    <mobile-network/>
    <mobile-government/>
    <cleanair-express-technology/>
    <ddos-attack-prevention/>
    <identity-based-networking-services-solution/>
    <email-security/>
    <benefit/>
    <industries/>
    <partner/>
    <partner-sales-and-marketing/>
    <partner-training-and-specialization/>
    <product-listing/>
    <service-listing/>
    <solution-listing/>
    <architecture/>
    <_x0038_02-11ac-solution/>
    <intelligent-wan/>
    <networking_solutions_products_genericcontent0900aecd805baf8e/>
    <networking_solutions_products_genericcontent0900aecd80645b99/>
    <FoF_E05/>
    <networking_solutions_products_genericcontent0900aecd805be668/>
    <networking_solutions_products_genericcontent0900aecd8070f79d/>
    <networking_solutions_products_genericcontent0900aecd805baf67/>
    <leadership_through_innovation/>
    <intro_content_energywise/>
    <FoF_E31/>
    <networking_solutions_products_genericcontent0900aecd805baf92/>
    <places3/>
    <places4/>
    <networking_solutions_products_genericcontent0900aecd806b0bdc/>
    <application_velocity/>
    <FoF_E00/>
    <FoF_E03/>
    <FoF_E02/>
    <FoF_E01/>
    <fof_index/>
    <FoF_E19/>
    <FoF_E27/>
    <global_cloud_survey/>
    <bn_economic_impact/>
    <FoF_E16/>
    <FoF_E07/>
    <FoF_E11/>
    <FoF_E10/>
    <FoF_E08/>
    <FoF_E09/>
    <FoF_E29/>
    <netsol_generic_enabling_green_practices/>
    <FoF_E06/>
    <networking_solutions_products_genericcontent0900aecd8070f76d/>
    <networkworld_itroadmap/>
    <FoF_E28/>
    <FoF_E30/>
    <impact_survey/>
    <FoF_E25/>
    <application-centric-infrastructure-security/>
    <resilient-services-solution-campus-network0/>
    <integrated-advanced-malware-protection/>
    <cognitive-threat-analytics/>
    <advanced-malware-protection/>
    <mobile-workspace-solution/>
    <application-centric-infrastructure-security-solution/>
    <intelligent-wan-akamai/>
    <retirement_community/>
    <retirement_community1/>
    <retirement_community2/>
    <evergreen-brickworks/>
    <cisco-iwan/>
    <enterprise-mobility-demo/>
    <enterprise-networks-demos/>
    <secure-ops-solution/>
    <mobile-experiences-demo/>
    <_x0034_g-lte-solutions/>
    <reykjavik-university/>
    <catalyst-multigigabit-switching/>
    <enterprise-network-security/>
    <amp-threat-grid/>
    <mobility-express/>
    <expo-hotels/>
    <stockholmsmassan/>
    <partner-announcements/>
    <premium-mobile-broadband/>
    <rapid-threat-containment/>
    <sales-challenge-mobility-express/>
    <intelligent-branch/>
    <ioc-test/>
</jcr:root>
