<?xml version="1.0" encoding="UTF-8"?>
<jcr:root xmlns:sling="http://sling.apache.org/jcr/sling/1.0" xmlns:cq="http://www.day.com/jcr/cq/1.0" xmlns:jcr="http://www.jcp.org/jcr/1.0"
    cq:lastReplicated="{Date}2014-11-15T10:35:37.886-08:00"
    cq:lastReplicatedBy="wempublishadm.gen"
    cq:lastReplicationAction="Activate"
    jcr:mixinTypes="[cq:ReplicationStatus]"
    jcr:primaryType="cq:Tag"
    jcr:title="Data Center and Virtualization"
    sling:resourceType="cq/tagging/components/tag"
    autoPageCreation="true"
    category="Networking Solutions"
    conceptHasHub="Data Center and Virtualization"
    conceptId="1427879"
    externalLaunchDate="2004-03-29 00:00:00 PST"
    folderPath="content/en/us/solutions/data-center-virtualization"
    lastModifiedDate="2013-06-09 10:51:14 PST"
    lifeCycle="active"
    mdfId="275985822"
    metaClass="Solution Hub"
    name="Data Center and Virtualization"
    netsolHasNetsol="[1428037,1428877,1428359,1428251]"
    netsolHasService="[1430478,1430474,1430482,1430476]"
    prodHasNetsol="[1438152,1436978,1436752,1436784,1433212,1438156,1433170,1441864,1441866,1438190,1436782,1436748,1436754,1452670,1441740,1434868,1438226,1436744,1434866,1436740,1441308,1435394,1436746,1435366,1436804,1435352,1438222,1436972,1438150,1435402,1435398,1441872,1441862,1435056,1441878,1438148,1449482]"
    synonym="[Business Ready Data Center,Enterprise Data Center,Data Center,Data Center Solutions,Data Center Networking Solutions,Data Center Networking Solutions for Large Enterprise]"
    techHasNetsol="[1460042,1460036,1460062]">
    <Storage_x0020_Area_x0020_Network_x0020_Solutions/>
    <Storage_x0020_Networking_x0020_for_x0020_Data_x0020_Centers/>
    <Unified_x0020_Computing/>
    <Data_x0020_Center_x0020_Technologies/>
    <Data_x0020_Center_x0020_Partners/>
    <Data_x0020_Center_x0020_Virtualization/>
    <Unified_x0020_Fabric/>
    <Unified_x0020_Network_x0020_Services_x0020__x0028_UNS_x0029_/>
    <Data_x0020_Center_x0020_Tools_x0020__x0026__x0020_Resources/>
    <Data_x0020_Center_x0020_Solutions/>
    <Data_x0020_Center_x0020_Applications/>
    <Integrated_x0020_Systems/>
    <Unified_x0020_Management/>
    <Data_x0020_Center_x0020_Fabric/>
    <Consolidation_x0020_and_x0020_Virtualization/>
    <UCS_x0020_Solution_x0020_Paks/>
    <Cisco_x0020_Application_x0020_Centric_x0020_Infrastructure/>
    <UCS_x0020_SmartPlays/>
    <Desktop_x0020_Virtualization_x0020_Solutions/>
    <Cisco_x0020_Remote_x0020_Integrated_x0020_Services_x0020_Engine/>
    <Cisco_x0020_UCS_x0020_Integrated_x0020_Infrastructure/>
    <Cloud_x0020_Solutions/>
    <Cisco_x0020_Virtual_x0020_Topology_x0020_System/>
    <Composable_x0020_Infrastructure/>
</jcr:root>
