<?xml version="1.0" encoding="UTF-8"?>
<jcr:root xmlns:cq="http://www.day.com/jcr/cq/1.0" xmlns:jcr="http://www.jcp.org/jcr/1.0"
    jcr:primaryType="cq:Page">
    <jcr:content/>
    <index/>
    <library/>
    <cloud-computing/>
    <article-intelligent-network/>
    <article-security-today/>
    <cin/>
    <cio/>
    <customer-experience/>
    <data-motion/>
    <dc-in-transition/>
    <fast_it/>
    <fss/>
    <learning_solutions/>
    <mobilitytrends/>
    <nba/>
    <retail/>
    <ultimate-community/>
</jcr:root>
