<?xml version="1.0" encoding="UTF-8"?>
<jcr:root xmlns:cq="http://www.day.com/jcr/cq/1.0" xmlns:jcr="http://www.jcp.org/jcr/1.0"
    jcr:primaryType="cq:Page">
    <jcr:content/>
    <intelligent-automation-cloud-4-3/>
    <prime-home-6-3/>
    <network-assistant-version-6-0/>
    <index-old/>
    <product-listing-old/>
    <service-listing-old/>
    <solution-listing-old/>
    <comparison/>
    <purchase-considerations/>
    <customer-case-study/>
    <additional-resources/>
    <buyers-guide/>
    <benefit-old/>
    <partner-old/>
    <partner-ordering-resources/>
    <partner-sales-and-marketing-old/>
    <partner-training-and-specialization-old/>
    <technology-old/>
    <access-registrar/>
    <network-registrar/>
    <cns-address-name-registrar/>
    <prime-network-registrar/>
    <prime-network-registrar-jumpstart/>
    <prime-access-registrar-jumpstart/>
    <prime-diameter-signaling-controller/>
    <prime-access-registrar/>
    <cns-2100-series-intelligence-engine/>
    <provisioning-center/>
    <wan-access-performance-management-system/>
    <prime-network-analysis-module-software/>
    <network-order-manager/>
    <embedded-device-manager/>
    <qos-device-manager/>
    <resource-policy-management-system/>
    <stackmaker/>
    <view-runner/>
    <router-web-setup-tool/>
    <ics-system-manager/>
    <self-service-phone-administration/>
    <enhanced-device-interface/>
    <license-manager/>
    <monitor-manager/>
    <monitor-director/>
    <application-deployment-engine/>
    <small-business-findit-network-discovery-utility/>
    <prime-central/>
    <onplus/>
    <prime-product-assured-software-subscription/>
    <building-broadband-service-manager/>
    <broadband-troubleshooter/>
    <subscriber-registration-center-device-provisioning-registrar/>
    <broadband-configurator/>
    <broadband-access-center/>
    <video-assurance-management-solution/>
    <prime-cable-provisioning/>
    <transport-manager/>
    <prime-optical/>
    <application-analysis-solution/>
    <network-planning-solution/>
    <configuration-assurance-solution/>
    <bandwidth-quality-analysis-server/>
    <bandwidth-quality-manager/>
    <performance-visibility-manager/>
    <network-management-mobile-wireless/>
    <access-point-name-manager/>
    <signaling-gateway-manager/>
    <mobile-wireless-center/>
    <ciscoworks-wireless-lan-solution-engine-wlse/>
    <mobile-wireless-transport-manager/>
    <ciscoworks-service-management-solution/>
    <hosted-collaboration-mediation/>
    <prime-collaboration/>
    <prime-central-hcs-assurance/>
    <prime-license-manager/>
    <ibm-tivoli-netcool-cisco-prime/>
    <netflow-collection-engine/>
    <ciscoworks-qos-policy-manager/>
    <ciscoworks-small-network-management-solution/>
    <notification-engine/>
    <performance-engine/>
    <configuration-registrar/>
    <configuration-engine/>
    <subscriber-edge-services-manager/>
    <router-security-device-manager/>
    <cluster-management-suite/>
    <network-assistant/>
    <multicast-manager/>
    <active-network-abstraction/>
    <ciscoworks-health-utilization-monitor/>
    <configuration-professional/>
    <service-path-analyzer/>
    <software-activation-on-integrated-services-routers/>
    <prime-lan-management-solution/>
    <prime-network/>
    <netflow-generation-3000-series-appliances/>
    <active-advisor/>
    <ciscoworks-hosting-solution-engine/>
    <vframe-ib-software/>
    <ciscoworks-hosting-solution-software/>
    <vframe-data-center/>
    <ciscoworks-network-compliance-manager/>
    <configuration-assistant-cca/>
    <pace-portal-components/>
    <network-asset-collector/>
    <smart-care-service/>
    <transport-gateway/>
    <network-level-service/>
    <smart-call-home/>
    <smart-net-total-care/>
    <smart-collector/>
    <performance-agent/>
    <prime-performance-manager/>
    <prime-assurance-manager/>
    <sp-wi-fi-service-manager-cisco-prime/>
    <bng-service-manager-cisco-prime/>
    <prime-analytics/>
    <connected-grid-network-management-system/>
    <prime-home/>
    <smart-connected-residential-solution/>
    <smart-connected-personalized-spaces/>
    <smart-connected-meeting-spaces/>
    <virtual-network-management-center/>
    <network-services-manager/>
    <intelligent-automation-cloud/>
    <zenoss-cloud-service-assurance/>
    <prime-network-controller/>
    <tidal-transaction-analyzer-sap/>
    <intelligent-automation-sap/>
    <cloud-portal/>
    <workplace-portal/>
    <demand-center/>
    <request-center-reporting/>
    <prime-service-catalog/>
    <prime-data-center-network-manager/>
    <fabric-manager/>
    <connected-grid-design-suite-substation-workbench/>
    <server-provisioner/>
    <intelligent-automation-cloud-starter-edition/>
    <network-services-manager-intelligent-automation-cloud/>
    <intelligent-automation-cloud-full-product/>
    <prime-network-controller-2-1/>
    <prime-network-controller-3-0/>
    <tidal-enterprise-orchestrator-adapter-sap-system/>
    <tidal-enterprise-orchestrator-adapter-content-pack-sap-system/>
    <intelligent-automation-sap-system-refresh/>
    <tidal-intelligent-automation-adapter-content-pack-sap/>
    <intelligent-automation-sap-base-product/>
    <prime-service-catalog-9-4/>
    <data-center-network-manager-4-0/>
    <data-center-network-manager-5-2/>
    <prime-data-center-network-manager-6-1/>
    <fabric-manager-release-4-2/>
    <fabric-manager-release-4-1/>
    <fabric-manager-release-5-0/>
    <fabric-manager-release-3-3/>
    <connected-grid-design-suite-substation-workbench-release-1-0/>
    <prime-network-3-8/>
    <prime-network-3-9/>
    <prime-network-3-10/>
    <prime-network-3-11/>
    <netflow-generation-appliance-nga-3140/>
    <netflow-generation-appliance-nga-3240/>
    <ciscoworks-hosting-solution-engine-software-1-3/>
    <ciscoworks-hosting-solution-engine-software-1-4/>
    <ciscoworks-hosting-solution-engine-software-1-5/>
    <ciscoworks-hosting-solution-engine-software-1-7/>
    <_x0031_140-hosting-solution-engine/>
    <_x0031_105-hosting-solution-engine/>
    <ciscoworks-hosting-solution-engine-software-1-9/>
    <ciscoworks-hosting-solution-engine-software-1-8/>
    <ciscoworks-hosting-solution-software-1-9/>
    <vframe-data-center-1-1/>
    <vframe-data-center-1-1-4/>
    <vframe-data-center-1-2/>
    <tidal-enterprise-scheduler/>
    <tidal-enterprise-reporter/>
    <tidal-enterprise-transporter/>
    <tidal-enterprise-scheduler-reporting-analytics/>
    <tidal-performance-analyzer-java/>
    <tidal-performance-analyzer-net/>
    <tidal-performance-analyzer-soa/>
    <application-visibility-management/>
    <tidal-performance-automation/>
    <process-orchestrator/>
    <virtual-service-exchange/>
    <ciscoworks-network-compliance-manager-1-0/>
    <ciscoworks-network-compliance-manager-1-1/>
    <ciscoworks-network-compliance-manager-1-2/>
    <ciscoworks-network-compliance-manager-1-3/>
    <ciscoworks-network-compliance-manager-1-4/>
    <ciscoworks-network-compliance-manager-1-5/>
    <ciscoworks-network-compliance-manager-alert-center-1-3/>
    <ciscoworks-network-compliance-manager-1-6/>
    <ciscoworks-network-compliance-manager-1-7/>
    <ciscoworks-network-compliance-manager-1-8/>
    <configuration-assistant-1-x/>
    <configuration-assistant-2-x/>
    <configuration-assistant-3-x/>
    <pace-portal-components-2-0/>
    <pace-portal-components-2-0-emc-voyencecontrol/>
    <smart-care-software-client/>
    <smart-care-network-appliance/>
    <smart-care-portal/>
    <assistant/>
    <performance-agent-1-0/>
    <prime-performance-manager-1-0/>
    <prime-performance-manager-1-1/>
    <prime-performance-manager-1-2/>
    <prime-performance-manager-1-3/>
    <prime-performance-manager-1-4/>
    <prime-assurance-manager-1-1/>
    <prime-home-5-0/>
    <prime-home-3-0/>
    <prime-home-5-1/>
    <prime-home-2-4/>
    <overdrive-network-hypervisor-4-0/>
    <network-services-manager-5-0/>
    <info-center-security-monitoring/>
    <info-center-vpn-policy-manager/>
    <network-connectivity-monitor/>
    <network-connectivity-center/>
    <network-connectivity-center-business-impact-manager/>
    <network-connectivity-center-application-service-manager/>
    <network-connectivity-center-mpls-manager/>
    <network-connectivity-center-routing-protocol-services-manager/>
    <network-connectivity-center-business-dashboard/>
    <network-assistant-version-1-0/>
    <network-assistant-version-2-0/>
    <network-assistant-version-3-0/>
    <network-assistant-version-4-0/>
    <network-assistant-version-5-0/>
    <network-assistant-version-5-5/>
    <network-assistant-version-5-6/>
    <network-assistant-version-5-7/>
    <network-assistant-version-5-8/>
    <route-manager/>
    <multicast-manager-2-3/>
    <multicast-manager-2-4/>
    <multicast-manager-2-5/>
    <multicast-manager-3-0/>
    <multicast-manager-3-1/>
    <multicast-manager-3-2/>
    <multicast-manager-3-3/>
    <ciscoworks-device-fault-manager/>
    <ciscoworks-lan-management-solution-3-2-earlier/>
    <ciscoworks-campus-manager/>
    <ciscoworks-resource-manager-essentials/>
    <ciscoworks-internetwork-performance-monitor/>
    <ciscoworks-common-services-software/>
    <ciscoworks-ciscoview/>
    <ciscoworks-multi-wireless-solution-manager/>
    <ciscoworks-lms-portal/>
    <ciscoworks-assistant/>
    <prime-infrastructure/>
    <prime-ip-next-generation-networks/>
    <prime-mobility/>
    <prime-data-center/>
    <active-network-abstraction-3-5/>
    <active-network-abstraction-3-6/>
    <active-network-abstraction-4-0/>
    <active-network-abstraction-4-1/>
    <active-network-abstraction-3-7/>
    <ciscoworks-interface-configuration-manager/>
    <crs-1-ios-xr-device-management/>
    <ana-carrier-ethernet-activation/>
    <assurance-management-solution/>
    <mpls-assurance-manager/>
    <carrier-ethernet-assurance-manager/>
    <ciscoworks-health-utilization-monitor-1-0/>
    <ciscoworks-health-utilization-monitor-1-1/>
    <ciscoworks-health-utilization-monitor-1-2/>
    <service-path-analyzer-1-0/>
    <ciscoworks-lan-management-solution-4-0/>
    <prime-lan-management-solution-4-1/>
    <prime-lan-management-solution-4-2/>
    <ciscoworks-small-network-management-solution-1-0/>
    <ciscoworks-small-network-management-solution-1-5/>
    <notification-engine-2-0/>
    <notification-engine-3-0/>
    <performance-engine-1-0/>
    <performance-engine-2-0/>
    <performance-engine-2-1/>
    <cns-configuration-registrar-1-1/>
    <cns-configuration-registrar-1-0/>
    <cns-configuration-registrar-1-2/>
    <cns-configuration-registrar-1-0-1/>
    <cns-configuration-registrar-1-1-1/>
    <configuration-engine-1-3/>
    <configuration-engine-1-4/>
    <cns-configuration-engine-2-0/>
    <configuration-engine-1-5/>
    <configuration-engine-1-6/>
    <configuration-engine-2-0/>
    <configuration-engine-3-0/>
    <configuration-engine-3-5/>
    <configuration-engine-3-5-3/>
    <subscriber-edge-services-manager-3-2/>
    <cns-subscriber-edge-services-manager-4-0/>
    <cns-subscriber-edge-services-manager-3-3/>
    <cns-subscriber-edge-services-manager-3-1/>
    <element-manager-system/>
    <_x0036_500-7600-manager/>
    <element-managers-software-development-kit/>
    <_x0031_2000-10720-router-manager/>
    <access-router-manager/>
    <_x0031_0000-manager/>
    <_x0037_200-7400-series-manager/>
    <catalyst-8500-manager/>
    <_x0036_400-service-connection-manager/>
    <_x0037_600-router-manager/>
    <catalyst-switch-manager/>
    <_x0037_000-series-manager/>
    <vpn-solution-center/>
    <mpls-tunnel-builder/>
    <mpls-tunnel-builder-pro/>
    <ip-solution-center/>
    <ip-solution-center-l2-vpn-carrier-ethernet-management/>
    <ip-solution-center-mpls-vpn-management/>
    <ip-solution-center-security-management/>
    <ip-solution-center-traffic-engineering-management/>
    <mpls-diagnostics-expert/>
    <prime-fulfillment/>
    <prime-active-catalog/>
    <prime-service-inventory/>
    <prime-order-management/>
    <prime-fulfillment-sdk/>
    <prime-provisioning/>
    <prime-provisioning-third-party-devices/>
    <wan-manager/>
    <ciscoworks-routed-wan-management-solution/>
    <ciscoworks-ip-phone-help-desk-utility/>
    <ciscoworks-ip-phone-information-utility/>
    <ciscoworks-fault-history/>
    <ciscoworks-gateway-statistics-utility/>
    <ciscoworks-ip-telephony-monitor/>
    <ciscoworks-wan-performance-utility/>
    <ciscoworks-tactical-graphics-utility/>
    <ciscoworks-voice-manager/>
    <prime-unified-operations-manager/>
    <prime-unified-service-monitor/>
    <prime-unified-provisioning-manager/>
    <unified-readiness-assessment-manager/>
    <netmanager-unified-communications/>
    <unified-service-statistics-manager/>
    <netmanager-ip-infrastructure/>
    <telepresence-readiness-assessment-manager/>
    <unified-operations-manager-managed-services/>
    <hosted-collaboration-mediation-1-0/>
    <hosted-collaboration-mediation-1-1/>
    <hosted-collaboration-mediation-1-2/>
    <hosted-collaboration-mediation-2-0/>
    <prime-collaboration-manager/>
    <prime-collaboration-9-0/>
    <prime-collaboration-9-5/>
    <prime-central-hcs-assurance-1-0/>
    <prime-central-hcs-assurance-1-1/>
    <prime-central-hcs-assurance-9-1-1/>
    <prime-central-hcs-assurance-9-2-1/>
    <prime-license-manager-10-0/>
    <info-center-3-0-1/>
    <info-center-3-4-1/>
    <info-center-3-0/>
    <info-center-3-5/>
    <info-center-3-6/>
    <info-center-7-0/>
    <info-center-7-1/>
    <info-center-7-2/>
    <info-center-7-3/>
    <netflow-collection-engine-2-0/>
    <netflow-collection-engine-3-0/>
    <netflow-collection-engine-3-5/>
    <netflow-collection-engine-3-6/>
    <netflow-collection-engine-4-0/>
    <netflow-collection-engine-5-0/>
    <netflow-collector-6-0/>
    <ciscoworks-qos-policy-manager-2-1/>
    <ciscoworks-qos-policy-manager-3-0/>
    <ciscoworks-qos-policy-manager-3-1/>
    <ciscoworks-qos-policy-manager-3-2/>
    <ciscoworks-qos-policy-manager-4-0/>
    <ciscoworks-qos-policy-manager-4-1/>
    <ciscowork-qos-policy-manager-4-1-2/>
    <configuration-assurance-solution-1-0/>
    <configuration-assurance-solution-1-1/>
    <configuration-assurance-solution-2-0/>
    <configuration-analysis-solution-2-1/>
    <bandwidth-quality-analysis-server-2-1/>
    <bandwidth-quality-analysis-agent-2-1/>
    <bandwidth-quality-manager-3-0/>
    <bandwidth-quality-manager-3-1/>
    <bandwidth-quality-manager-3-2/>
    <bandwidth-quality-manager-4-0/>
    <performance-visibility-manager-1-0/>
    <ciscoworks-mobile-wireless-1-0/>
    <ciscoworks-mobile-wireless-1-1/>
    <ciscoworks-mobile-wireless-1-2/>
    <signaling-gateway-manager-4-0/>
    <signaling-gateway-manager-2-2/>
    <signaling-gateway-manager-3-0/>
    <signaling-gateway-manager-3-1/>
    <signaling-gateway-manager-3-2/>
    <signaling-gateway-manager-3-3/>
    <signaling-gateway-manager-4-1/>
    <mobile-wireless-center-1-1/>
    <mobile-wireless-center-2-0/>
    <ciscoworks-wireless-lan-solution-engine-software-1-0/>
    <ciscoworks-wireless-lan-solution-engine-software-1-1/>
    <ciscoworks-wireless-lan-solution-engine-software-1-3/>
    <ciscoworks-wireless-lan-solution-engine-software-2-0/>
    <ciscoworks-1105-wireless-lan-solution-engine/>
    <ciscoworks-1130-wireless-lan-solution-engine/>
    <ciscoworks-wireless-lan-solution-engine-software-2-5/>
    <ciscoworks-wireless-lan-solution-engine-software-2-7/>
    <ciscoworks-wireless-lan-solution-engine-software-2-9/>
    <ciscoworks-wireless-lan-solution-engine-software-3-0/>
    <ciscoworks-wireless-lan-solution-engine-software-2-11/>
    <ciscoworks-wireless-lan-solution-engine-software-2-12/>
    <ciscoworks-1132-wireless-lan-solution-engine/>
    <ciscoworks-wireless-lan-solution-engine-2-13/>
    <ciscoworks-wireless-lan-solution-engine-software-2-13/>
    <ciscoworks-1133-wireless-lan-solution-engine/>
    <ciscoworks-wireless-lan-solution-engine-software-2-15/>
    <mobile-wireless-fault-mediator/>
    <content-services-gateway-service-manager/>
    <mobile-wireless-center-cisco-mobile-exchange/>
    <gprs-gateway-support-node-service-manager/>
    <home-agent-service-manager/>
    <packet-data-serving-node-service-manager/>
    <mobile-wireless-transport-manager-5-0/>
    <mobile-wireless-transport-manager-6-0/>
    <mobile-wireless-transport-manager-6-1/>
    <ciscoworks-wireless-lan-solution-engine-wlse-express/>
    <ciscoworks-service-management-solution-2-0/>
    <media-gateway-controller-node-manager/>
    <media-gateway-manager/>
    <universal-gateway-manager/>
    <voice-services-provisioning-tool/>
    <packet-telephony-center-virtual-switch/>
    <voice-routing-center/>
    <packet-telephony-center-monitoring-troubleshooting/>
    <universal-gateway-call-analyzer/>
    <extensible-provisioning-operations-manager/>
    <ciscoworks-voice-health-monitor/>
    <ciscoworks-ip-telephony-environment-monitor/>
    <broadband-access-center-cable-4-0/>
    <broadband-access-center-telco-wireless-3-5/>
    <broadband-access-center-cable-4-1/>
    <broadband-access-center-cable-4-2/>
    <broadband-access-center-telco-wireless-3-6/>
    <broadband-access-center-telco-wireless-3-7/>
    <broadband-access-center-telco-wireless-3-8/>
    <broadband-access-center-cable-5-0/>
    <cable-manager/>
    <cable-troubleshooter-software/>
    <cable-diagnostic-manager/>
    <dsl-manager/>
    <broadband-access-center-convergent-network-subscriber-provisioning/>
    <broadband-access-center-broadband-aggregation/>
    <broadband-access-center-ettx/>
    <docsis-configurator/>
    <video-assurance-management-solution-1-0/>
    <video-assurance-management-solution-1-5/>
    <video-assurance-management-solution-2-0/>
    <video-assurance-management-solution-3-0/>
    <prime-cable-provisioning-5-0/>
    <transport-manager-2-1-1/>
    <transport-manager-2-2/>
    <transport-manager-2-2-1/>
    <transport-manager-3-0/>
    <transport-manager-3-0-1/>
    <transport-manager-3-0-2/>
    <transport-manager-3-1/>
    <transport-manager-3-2/>
    <transport-manager-4-0/>
    <transport-manager-4-1/>
    <transport-manager-4-6/>
    <transport-manager-5-0/>
    <transport-manager-4-7/>
    <transport-manager-6-0/>
    <transport-manager-7-0/>
    <transport-manager-7-1/>
    <transport-manager-7-2/>
    <transport-manager-8-0/>
    <transport-manager-8-5/>
    <transport-manager-9-0/>
    <transport-manager-9-1/>
    <transport-manager-9-2/>
    <prime-optical-9-3/>
    <prime-optical-9-5/>
    <prime-optical-9-6/>
    <prime-optical-9-8/>
    <application-analysis-solution-1-0/>
    <application-analysis-solution-1-1/>
    <application-analysis-solution-2-0/>
    <application-analysis-solution-2-1/>
    <network-planning-solution-1-0/>
    <network-planning-solution-1-1/>
    <network-planning-solution-2-0/>
    <virtual-network-data-server-2-0/>
    <network-planning-solution-2-1/>
    <virtual-network-data-server-2-1/>
    <prime-network-analysis-module-nam-nexus-1100-series/>
    <prime-network-analysis-module-nam-isr-g2-sre/>
    <prime-virtual-network-analysis-module-vnam/>
    <qos-device-manager-1-0/>
    <qos-device-manager-1-1/>
    <qos-device-manager-2-0/>
    <qos-device-manager-2-1/>
    <resource-policy-management-system-1-1/>
    <resource-policy-management-system-2-0/>
    <router-web-setup-tool-2-0/>
    <enhanced-device-interface-2-0/>
    <enhanced-device-interface-2-1/>
    <enhanced-device-interface-2-2/>
    <license-manager-1-0/>
    <license-manager-2-0/>
    <license-manager-2-1/>
    <license-manager-2-2/>
    <license-manager-3-0/>
    <license-manager-sdk/>
    <license-manager-3-1/>
    <license-manager-3-2/>
    <monitor-manager-1-1/>
    <monitor-director-1-1/>
    <monitor-director-2-0/>
    <application-deployment-engine-1010-2120/>
    <application-deployment-engine-2130-2140/>
    <findit-1-x/>
    <prime-central-1-0/>
    <prime-central-1-1/>
    <prime-central-1-2/>
    <building-broadband-service-manager-version-5-1/>
    <building-broadband-service-manager-5-2/>
    <building-broadband-service-manager-hotspot-version-1-0/>
    <building-broadband-service-manager-5-3/>
    <subscriber-registration-center-device-provisioning-registrar-release-2-0/>
    <broadband-access-center-cable-2-0-1/>
    <broadband-access-center-cable-2-5/>
    <broadband-access-center-cable-2-0-3/>
    <broadband-access-center-cable-2-0/>
    <broadband-access-center-cable-2-6/>
    <broadband-access-center-cable-2-6-1/>
    <broadband-access-center-cable-2-7/>
    <broadband-access-center-3-0/>
    <network-registrar-3-5/>
    <network-registrar-6-1/>
    <network-registrar-6-2/>
    <network-registrar-6-3/>
    <network-registrar-7-0/>
    <network-registrar-7-1/>
    <network-registrar-7-2/>
    <cns-address-name-registrar-2-0/>
    <cns-address-name-registrar-2-0-1/>
    <secure-access-control-server/>
    <secure-access-control-server-express/>
    <secure-access-control-server-view/>
    <prime-network-registrar-8-0/>
    <prime-network-registrar-8-1/>
    <network-registrar-jumpstart-7-2/>
    <prime-network-registrar-jumpstart-8-0/>
    <prime-network-registrar-jumpstart-8-1/>
    <access-registrar-jumpstart-5-1/>
    <prime-access-registrar-jumpstart-6-0/>
    <prime-diameter-signaling-controller-6-0/>
    <prime-access-registrar-6-0/>
    <cns-access-registrar-hlr-proxy-server/>
    <cns-access-registrar-identity-cache-engine/>
    <provisioning-center-4-0/>
    <provisioning-center-4-0-4/>
    <provisioning-center-4-1/>
    <provisioning-center-3-0/>
    <provisioning-center-4-2/>
    <wan-access-performance-management-system-1-0/>
    <wan-access-performance-management-system-2-0/>
    <wan-access-performance-management-system-2-1/>
    <catalyst-6500-series-network-analysis-module-software-2-1/>
    <catalyst-6500-series-network-analysis-module-software-2-2/>
    <catalyst-6500-series-network-analysis-module-software-3-1/>
    <network-analysis-module-software-3-2/>
    <network-analysis-module-software-3-3/>
    <network-analysis-module-software-3-4/>
    <network-analysis-module-software-3-5/>
    <network-analysis-module-software-3-6/>
    <network-analysis-module-software-4-0/>
    <network-analysis-module-software-4-1/>
    <network-analysis-module-software-4-2/>
    <prime-network-analysis-module-software-5-0/>
    <prime-network-analysis-module-software-5-1/>
    <nam-2000-series-appliances/>
    <prime-network-analysis-module-nam-waas-virtual-blade-vb/>
    <trafficdirector/>
    <ngenius-real-time-monitor/>
    <ciscoworks-service-level-manager/>
    <ciscoworks-inventory-services-cd-two/>
    <ciscoworks-cd-one/>
    <management-engine-1100-series/>
    <ciscoworks-blue-maps/>
    <ciscoworks-blue-sna-view/>
    <ciscoworks-windows/>
    <ciscoworks-blue-internetwork-status-monitor/>
    <ciscoworks-ethernet-subscriber-solution-engine/>
    <access-registrar-3-0/>
    <access-registrar-1-7/>
    <access-registrar-3-5/>
    <access-registrar-4-0/>
    <access-registrar-4-1/>
    <access-registrar-4-2/>
    <access-registrar-5-0/>
    <access-registrar-5-1/>
    <network-registrar-5-0/>
    <network-registrar-5-5/>
    <network-registrar-6-0/>
    <tidal-enterprise-adapter-sap-business-warehouse/>
    <tidal-enterprise-adapter-zlinux/>
    <tidal-enterprise-adapter-os-400/>
    <tidal-enterprise-adapter-jms/>
    <tidal-enterprise-adapters-agentless-scheduling/>
    <tidal-enterprise-adapter-jdbc/>
    <tidal-enterprise-adapter-amazon-web-services-aws/>
    <tidal-enterprise-adapter-hadoop/>
    <workplace-portal-cisco-tidal-enterprise-scheduler/>
    <tidal-enterprise-reporter-base-product/>
    <tidal-enterprise-transporter-base-product/>
    <application-visibility-management-traffic-collector/>
    <tidal-performance-automation-base-product/>
    <tidal-enterprise-orchestrator-adapter-windows-server/>
    <tidal-enterprise-orchestrator-adapter-content-pack-windows-server/>
    <ciscoview-device-manager-ipsec-vpn-service-module-1-1/>
    <ciscoview-device-manager-cisco-webvpn-services-module-1-1/>
    <ciscoview-device-manager-cisco-content-services-switch-1-0/>
    <ciscoworks-multi-wireless-solution-manager-1-0/>
    <ciscoworks-multi-wireless-solution-manager-1-2/>
    <ciscoworks-lms-portal-1-0/>
    <ciscoworks-lms-portal-1-1/>
    <ciscoworks-lms-portal-1-2/>
    <ciscoworks-assistant-1-0/>
    <ciscoworks-assistant-1-1/>
    <ciscoworks-assistant-1-2/>
    <prime-infrastructure-1-1/>
    <prime-infrastructure-1-2/>
    <prime-infrastructure-2-0/>
    <prime-infrastructure-2-1/>
    <prime-infrastructure-1-3/>
    <prime-infrastructure-1-4/>
    <prime-ip-next-generation-networks-1-0/>
    <prime-mobility-0-5/>
    <prime-data-center-0-5/>
    <ciscoworks-interface-configuration-manager-1-0/>
    <crs-1-ios-xr-device-management-3-5-2/>
    <crs-1-ios-xr-device-management-3-6/>
    <ana-carrier-ethernet-activation-1-0/>
    <ana-carrier-ethernet-activation-1-1/>
    <assurance-management-solution-1-0/>
    <assurance-management-solution-2-0/>
    <mpls-assurance-manager-1-0/>
    <mpls-assurance-manager-1-1/>
    <carrier-ethernet-assurance-manager-1-1/>
    <tidal-enterprise-adapter-sap/>
    <tidal-enterprise-adapter-cognos/>
    <tidal-enterprise-adapter-ftp-sftp-ftps/>
    <tidal-enterprise-adapter-hp-operations-center/>
    <tidal-enterprise-adapter-ibm-websphere-datastage/>
    <tidal-enterprise-adapter-informatica/>
    <tidal-enterprise-adapter-jd-edwards-enterpriseone-world/>
    <tidal-enterprise-adapter-jmx/>
    <tidal-enterprise-adapter-lawson/>
    <tidal-enterprise-adapter-microsoft-sql-server-db/>
    <tidal-enterprise-adapter-sap-businessobjects/>
    <tidal-enterprise-adapter-scom/>
    <tidal-enterprise-adapter-oracle-database/>
    <tidal-enterprise-adapter-peoplesoft-enterprise/>
    <tidal-enterprise-adapter-sas/>
    <tidal-enterprise-adapter-tivoli-storage-manager-tsm/>
    <tidal-enterprise-adapter-symantec-netbackup/>
    <tidal-enterprise-adapter-vmware/>
    <tidal-enterprise-adapter-web-services/>
    <tidal-enterprise-adapter-oracle-e-business-suite/>
    <tidal-enterprise-adapter-netezza/>
    <tidal-enterprise-scheduler-base-product/>
    <tidal-agent-windows/>
    <tidal-agent-unix/>
    <tidal-agent-ovms/>
    <tidal-agent-z-os/>
    <tidal-agent-mpe/>
    <tidal-enterprise-scheduler-z-os/>
    <ciscoworks-lan-management-solution-1-1/>
    <ciscoworks-lan-management-solution-1-2/>
    <ciscoworks-lan-management-solution-2-0/>
    <ciscoworks-lan-management-solution-2-1/>
    <ciscoworks-lan-management-solution-2-2/>
    <ciscoworks-lan-management-solution-2-5/>
    <ciscoworks-lan-management-solution-2-6/>
    <ciscoworks-lan-management-solution-3-0/>
    <ciscoworks-lan-management-solution-3-1/>
    <ciscoworks-lan-management-solution-3-2/>
    <ciscoworks-lan-management-solution-4-0-old/>
    <ciscoworks-campus-manager-3-2/>
    <ciscoworks-campus-manager-3-3/>
    <ciscoworks-campus-manager-4-0/>
    <ciscoworks-campus-manager-5-0/>
    <ciscoworks-campus-manager-5-1/>
    <ciscoworks-campus-manager-5-2/>
    <ciscoworks-resource-manager-essentials-3-3/>
    <ciscoworks-resource-manager-essentials-3-4/>
    <ciscoworks-resource-manager-essentials-3-5/>
    <ciscoworks-resource-manager-essentials-4-0/>
    <ciscoworks-resource-manager-essentials-4-1/>
    <ciscoworks-resource-manager-essentials-4-2/>
    <ciscoworks-resource-manager-essentials-4-3/>
    <ciscoworks-internetwork-performance-monitor-2-4/>
    <ciscoworks-internetwork-performance-monitor-2-5/>
    <ciscoworks-internetwork-performance-monitor-2-6/>
    <ciscoworks-internetwork-performance-monitor-4-0/>
    <ciscoworks-internetwork-performance-monitor-4-1/>
    <ciscoworks-internetwork-performance-monitor-4-2/>
    <ciscoworks-common-services-software-1-0/>
    <ciscoworks-common-services-software-2-2/>
    <ciscoworks-common-services-software-2-3/>
    <ciscoworks-common-services-software-3-0/>
    <ciscoworks-common-services-software-3-1/>
    <ciscoworks-common-services-software-3-2/>
    <ciscoworks-common-services-software-3-3/>
    <ciscoworks-ciscoview-5-3/>
    <ciscoworks-ciscoview-5-4/>
    <ciscoworks-ciscoview-5-5/>
    <ciscoworks-ciscoview-6-0/>
    <ciscoview-device-manager-cisco-catalyst-6500-series-switch-version-1-0/>
    <ciscoview-device-manager-cisco-content-switching-module-version-1-0/>
    <ciscoview-device-manager-cisco-catalyst-6500-series-ssl-services-module-version-1-0/>
    <ciscoworks-ciscoview-6-1/>
    <ciscoview-device-manager-cisco-catalyst-6500-series-switch-1-1/>
    <ciscoview-device-manager-cisco-content-switching-module-1-1/>
    <ciscoview-device-manager-cisco-catalyst-6500-series-ssl-services-module-1-1/>
    <ip-solution-center-traffic-engineering-management-5-0/>
    <ip-solution-center-traffic-engineering-management-5-1/>
    <ip-solution-center-traffic-engineering-management-5-2/>
    <ip-solution-center-traffic-engineering-management-6-0/>
    <mpls-diagnostics-expert-1-0/>
    <mpls-diagnostics-expert-1-1/>
    <mpls-diagnostics-expert-2-0/>
    <prime-fulfillment-6-1/>
    <prime-fulfillment-6-2/>
    <prime-fulfillment-provisioning-6-1/>
    <prime-fulfillment-provisioning-6-2/>
    <prime-provisioning-6-3/>
    <prime-provisioning-6-4/>
    <wan-manager-12-0/>
    <wan-manager-10-5/>
    <wan-manager-11-0/>
    <wan-manager-15-0/>
    <wan-manager-15-1/>
    <wan-manager-15-3/>
    <wan-manager-15-4/>
    <wan-manager-16-0/>
    <ciscoworks-routed-wan-management-solution-1-1/>
    <ciscoworks-routed-wan-management-solution-1-2/>
    <ciscoworks-routed-wan-management-solution-1-3/>
    <info-center-security-monitoring-3-5/>
    <info-center-security-monitoring-3-6/>
    <info-center-vpn-policy-manager-3-1/>
    <network-connectivity-monitor-1-0/>
    <network-connectivity-monitor-1-1/>
    <network-connectivity-center-1-0/>
    <network-connectivity-center-1-1/>
    <network-connectivity-center-business-impact-manager-1-0/>
    <network-connectivity-center-application-service-manager-1-0/>
    <network-connectivity-center-mpls-manager-1-0/>
    <network-connectivity-center-mpls-manager-1-1/>
    <network-connectivity-center-mpls-manager-1-2/>
    <network-connectivity-center-routing-protocol-services-manager-1-0/>
    <network-connectivity-center-routing-protocol-services-manager-1-1/>
    <network-connectivity-center-routing-protocol-services-1-1/>
    <network-connectivity-center-business-dashboard-1-0/>
    <route-manager-2-3/>
    <ciscoworks-device-fault-manager-1-1/>
    <ciscoworks-device-fault-manager-1-2/>
    <ciscoworks-device-fault-manager-2-0/>
    <ciscoworks-device-fault-manager-3-0/>
    <ciscoworks-device-fault-manager-3-1/>
    <ciscoworks-device-fault-manager-3-2/>
    <_x0036_400-service-connection-manager-2-2-3/>
    <_x0036_400-service-connection-manager-2-1/>
    <_x0036_400-service-connection-manager-2-2/>
    <_x0037_600-router-manager-3-0/>
    <_x0037_600-router-manager-3-1/>
    <_x0037_600-router-manager-3-2/>
    <catalyst-switch-manager-3-0/>
    <catalyst-switch-manager-3-1/>
    <catalyst-switch-manager-3-2/>
    <_x0037_000-series-manager-2-0/>
    <_x0037_000-series-manager-2-1/>
    <vpn-solution-center-2-0/>
    <vpn-solution-center-2-1/>
    <vpn-solution-center-2-2/>
    <vpn-solution-center-1-1/>
    <vpn-solution-center-1-2/>
    <vpn-solution-center-1-2-1/>
    <mpls-tunnel-builder-2-0/>
    <mpls-tunnel-builder-2-1/>
    <mpls-tunnel-builder-1-0/>
    <mpls-tunnel-builder-pro-2-0/>
    <mpls-tunnel-builder-pro-2-1/>
    <ip-solution-center-3-0/>
    <ip-solution-center-3-1/>
    <ip-solution-center-3-2/>
    <ip-solution-center-4-0/>
    <ip-solution-center-4-1/>
    <ip-solution-center-4-2/>
    <ip-solution-center-5-0/>
    <ip-solution-center-5-0-1/>
    <ip-solution-center-5-1/>
    <ip-solution-center-5-2/>
    <ip-solution-center-6-0/>
    <ip-solution-center-6-1/>
    <ip-solution-center-l2-vpn-management-3-0/>
    <ip-solution-center-l2-vpn-management-3-1/>
    <ip-solution-center-l2-vpn-management-4-0/>
    <ip-solution-center-l2-vpn-management-3-2/>
    <ip-solution-center-l2-vpn-management-4-1/>
    <ip-solution-center-l2-vpn-management-4-2/>
    <ip-solution-center-l2-vpn-management-5-1/>
    <ip-solution-center-l2-vpn-management-5-2/>
    <ip-solution-center-l2-vpn-management-6-0/>
    <ip-solution-center-mpls-vpn-management-3-0/>
    <ip-solution-center-mpls-vpn-management-3-1/>
    <ip-solution-center-mpls-vpn-management-3-2/>
    <ip-solution-center-mpls-vpn-management-4-0/>
    <ip-solution-center-mpls-vpn-management-4-1/>
    <ip-solution-center-mpls-vpn-management-4-2/>
    <ip-solution-center-mpls-vpn-management-5-0/>
    <ip-solution-center-mpls-vpn-management-5-1/>
    <ip-solution-center-mpls-vpn-management-5-2/>
    <ip-solution-center-mpls-vpn-management-6-0/>
    <ip-solution-center-security-management-3-0/>
    <ip-solution-center-security-management-3-1/>
    <ip-solution-center-security-management-3-2/>
    <ip-solution-center-security-management-5-0/>
    <ip-solution-center-traffic-engineering-management-4-0/>
    <ip-solution-center-traffic-engineering-management-4-1/>
    <ip-solution-center-traffic-engineering-management-4-2/>
    <unified-service-monitor-8-6/>
    <prime-unified-service-monitor-8-7/>
    <prime-unified-service-monitor-9-0/>
    <unified-provisioning-manager-1-0/>
    <unified-provisioning-manager-1-1/>
    <unified-provisioning-manager-1-2/>
    <unified-provisioning-manager-1-3/>
    <unified-provisioning-manager-2-1/>
    <unified-provisioning-manager-2-0/>
    <unified-provisioning-manager-2-2/>
    <unified-provisioning-manager-8-5/>
    <unified-provisioning-manager-8-6/>
    <prime-unified-provisioning-manager-8-7/>
    <prime-unified-provisioning-manager-9-0/>
    <netmanager-unified-communications-1-0/>
    <netmanager-unified-communications-1-1/>
    <unified-service-statistics-manager-1-0/>
    <unified-service-statistics-manager-1-1/>
    <unified-service-statistics-manager-1-2/>
    <unified-service-statistics-manager-1-3/>
    <unified-service-statistics-manager-8-5/>
    <unified-service-statistics-manager-8-6/>
    <unified-service-statistics-manager-8-7/>
    <unified-service-statistics-manager-9-0/>
    <netmanager-ip-infrastructure-1-0/>
    <netmanager-ip-infrastructure-1-1/>
    <telepresence-readiness-assessment-manager-1-0/>
    <prime-collaboration-manager-1-0/>
    <prime-collaboration-manager-1-1/>
    <prime-collaboration-manager-1-2/>
    <element-manager-system-2-1-4/>
    <element-manager-system-3-0/>
    <element-manager-system-3-1/>
    <element-manager-system-3-2/>
    <_x0036_500-7600-manager-2-1/>
    <_x0031_2000-10720-router-manager-2-2/>
    <_x0031_2000-10720-router-manager-2-1/>
    <_x0031_2000-10720-router-manager-3-0/>
    <_x0031_2000-10720-router-manager-3-1/>
    <_x0031_2000-10720-router-manager-3-1-1-1/>
    <_x0031_2000-10720-router-manager-3-1-2/>
    <_x0031_2000-10720-router-manager-3-2/>
    <access-router-manager-1-0/>
    <access-router-manager-1-1/>
    <_x0031_0000-manager-1-0/>
    <_x0037_200-7400-series-manager-1-0/>
    <_x0037_200-7400-series-manager-1-1/>
    <_x0037_200-7400-series-manager-1-2/>
    <catalyst-8500-manager-1-0/>
    <_x0036_400-service-connection-manager-1-3/>
    <_x0036_400-service-connection-manager-2-2-1/>
    <_x0036_400-service-connection-manager-2-0/>
    <_x0036_400-service-connection-manager-2-0-1/>
    <_x0036_400-service-connection-manager-2-1-1/>
    <_x0036_400-service-connection-manager-2-2-2/>
    <voice-services-provisioning-tool-2-7/>
    <packet-telephony-center-virtual-switch-2-0/>
    <packet-telephony-center-virtual-switch-2-1/>
    <packet-telephony-center-virtual-switch-2-1-1/>
    <packet-telephony-center-virtual-switch-3-0/>
    <packet-telephony-center-virtual-switch-3-1/>
    <voice-routing-center-1-1/>
    <voice-routing-center-1-2-1/>
    <packet-telephony-center-monitoring-troubleshooting-1-0/>
    <packet-telephony-center-monitoring-troubleshooting-1-1/>
    <universal-gateway-call-analyzer-1-0/>
    <extensible-provisioning-operations-manager-1-5/>
    <extensible-provisioning-operations-manager-2-1/>
    <extensible-provisioning-operations-manager-4-2/>
    <extensible-provisioning-operations-manager-4-4/>
    <extensible-provisioning-operations-manager-4-3/>
    <extensible-provisioning-operations-manager-4-5/>
    <ciscoworks-voice-health-monitor-1-0/>
    <ciscoworks-voice-health-monitor-1-1/>
    <ciscoworks-voice-health-monitor-1-2/>
    <ciscoworks-ip-telephony-environment-monitor-1-3/>
    <ciscoworks-ip-telephony-environment-monitor-1-4/>
    <ciscoworks-ip-telephony-environment-monitor-2-0/>
    <ciscoworks-ip-phone-help-desk-utility-1-0/>
    <ciscoworks-ip-phone-help-desk-utility-2-0/>
    <ciscoworks-ip-phone-information-utility-1-0/>
    <ciscoworks-ip-phone-information-utility-2-0/>
    <ciscoworks-fault-history-1-0/>
    <ciscoworks-fault-history-1-1/>
    <ciscoworks-gateway-statistics-utility-1-0/>
    <ciscoworks-gateway-statistics-utility-2-0/>
    <ciscoworks-ip-telephony-monitor-2-0/>
    <ciscoworks-wan-performance-utility-2-0/>
    <ciscoworks-voice-manager-2-1/>
    <ciscoworks-voice-manager-2-2/>
    <ciscoworks-voice-manager-2-3/>
    <ciscoworks-voice-manager-3-0/>
    <ciscoworks-voice-manager-3-1/>
    <ciscoworks-voice-manager-3-2/>
    <ciscoworks-ip-communications-operations-manager-1-0/>
    <unified-operations-manager-1-1/>
    <unified-operations-manager-2-0/>
    <unified-operations-manager-2-1/>
    <unified-operations-manager-2-2/>
    <unified-operations-manager-2-3/>
    <unified-operations-manager-8-0/>
    <unified-operations-manager-8-5/>
    <unified-operations-manager-8-6/>
    <prime-unified-operations-manager-8-7/>
    <prime-unified-operations-manager-9-0/>
    <ciscoworks-ip-communications-service-monitor-1-0/>
    <unified-service-monitor-1-1/>
    <unified-service-monitor-2-0/>
    <unified-service-monitor-2-1/>
    <unified-service-monitor-2-2/>
    <unified-service-monitor-2-3/>
    <unified-service-monitor-8-0/>
    <unified-service-monitor-8-5/>
    <cable-manager-2-0/>
    <cable-manager-2-1/>
    <cable-manager-2-2/>
    <cable-manager-2-3/>
    <dsl-manager-3-0/>
    <dsl-manager-3-4/>
    <dsl-manager-3-2/>
    <dsl-manager-3-3/>
    <dsl-manager-3-3-2/>
    <dsl-manager-3-3-3/>
    <broadband-access-center-convergent-network-subscriber-provisioning-2-0/>
    <broadband-access-center-broadband-aggregation-2-5/>
    <broadband-access-center-broadband-aggregation-2-5-1/>
    <broadband-access-center-broadband-aggregation-2-6/>
    <broadband-access-center-ettx-1-0/>
    <mobile-wireless-fault-mediator-2-0/>
    <mobile-wireless-fault-mediator-2-1/>
    <mobile-wireless-fault-mediator-2-2/>
    <mobile-wireless-fault-mediator-3-0/>
    <mobile-wireless-fault-mediator-3-3/>
    <mobile-wireless-fault-mediator-4-1/>
    <content-services-gateway-service-manager-2-2/>
    <content-services-gateway-service-manager-4-0/>
    <content-services-gateway-service-manager-4-1/>
    <gprs-gateway-support-node-service-manager-4-0/>
    <gprs-gateway-support-node-service-manager-4-1/>
    <home-agent-service-manager-4-0/>
    <home-agent-service-manager-4-1/>
    <packet-data-serving-node-service-manager-4-0/>
    <packet-data-serving-node-service-manager-4-1/>
    <ciscoworks-1030-wireless-lan-solution-engine/>
    <ciscoworks-wireless-lan-solution-engine-express-2-11/>
    <ciscoworks-wireless-lan-solution-engine-express-2-12/>
    <ciscoworks-wireless-lan-solution-engine-express-2-13/>
    <ciscoworks-wireless-lan-solution-engine-express-2-15/>
    <media-gateway-control-node-manager-1-5/>
    <media-gateway-control-node-manager-2-1/>
    <media-gateway-control-node-manager-2-4-1/>
    <media-gateway-control-node-manager-2-5-2/>
    <media-gateway-control-node-manager-2-3/>
    <media-gateway-control-node-manager-2-5/>
    <media-gateway-control-node-manager-2-4/>
    <media-gateway-control-node-manager-2-6/>
    <media-gateway-control-node-manager-2-7/>
    <media-gateway-controller-node-manager-2-8-1/>
    <media-gateway-manager-3-0/>
    <media-gateway-manager-5-0/>
    <media-gateway-manager-2-0/>
    <universal-gateway-manager-1-0/>
    <universal-gateway-manager-2-0/>
    <universal-gateway-manager-2-1/>
    <voice-services-provisioning-tool-2-1/>
    <voice-services-provisioning-tool-1-6/>
    <voice-services-provisioning-tool-2-2/>
    <voice-services-provisioning-tool-2-3/>
    <voice-services-provisioning-tool-2-4/>
    <voice-services-provisioning-tool-2-5/>
    <voice-services-provisioning-tool-2-6/>
    <trafficdirector-release-5-8-2/>
    <trafficdirector-release-5-8/>
    <trafficdirector-release-5-8-0a/>
    <trafficdirector-release-5-8-1/>
    <trafficdirector-release-5-8-1a/>
    <trafficdirector-release-5-8-3/>
    <ngenius-real-time-monitor-1-4/>
    <ciscoworks-service-level-manager-2-0/>
    <ciscoworks-inventory-services-cd-two-edition-three/>
    <ciscoworks-cd-one-edition-4/>
    <ciscoworks-cd-one-edition-5/>
    <ciscoworks-blue-maps-3-0-software-module-update/>
    <ciscoworks-blue-maps-2-1-software-module-update/>
    <ciscoworks-blue-maps-2-0-software-module-update/>
    <sna-view-2-0-software-module-update/>
    <sna-view-2-1-software-module-update/>
    <sna-view-3-0-software-module-update/>
    <ciscoworks-windows-6-1/>
    <ciscoworks-windows-6-0/>
    <ciscoworks-blue-internetwork-status-monitor-1-3-software-module-update/>
    <ciscoworks-blue-internetwork-status-monitor-2-0-software-module-update/>
    <_x0031_105-ethernet-subscriber-engine-software-1-0/>
    <_x0031_105-ethernet-subscriber-engine-software-1-1/>
    <_x0031_105-ethernet-subscriber-solution-engine/>
    <secure-access-control-server-express-5-0/>
    <secure-access-control-server-view-4-0/>
    <secure-access-control-server-view-4-0-1/>
    <cns-access-registrar-hlr-proxy-server-3-1/>
    <cns-access-registrar-identity-cache-engine-3-2/>
    <nam-2204-appliance/>
    <nam-2220-appliance/>
    <prime-nam-2304-appliance/>
    <prime-nam-2320-appliance/>
    <waas-network-analysis-module-nam-virtual-blade-4-1/>
    <waas-network-analysis-module-nam-virtual-blade-4-2/>
    <waas-network-analysis-module-virtual-blade-5-0/>
    <prime-network-analysis-module-waas-virtual-blade-vb-5-1/>
    <prime-network-analysis-module-5-1-nexus-1010/>
    <prime-network-analysis-module-nam-isr-g2-sre-5-1/>
    <prime-virtual-network-analysis-module-6-0/>
    <prime-analytics-1-0/>
    <prime-provisioning-6-5/>
    <prime-network-4-0/>
    <software-activation-on-integrated-services-routers-isr/>
    <sp-wi-fi-service-manager-prime/>
    <bng-service-manager-prime/>
    <prime-network-services-controller/>
    <intelligent-automation-cloud-3-0/>
    <prime-network-services-controller-2-1/>
    <prime-network-services-controller-3-0/>
    <prime-data-center-assurance/>
    <process-orchestrator-2-x/>
    <prime-data-center-assurance-0-5/>
    <prime-network-analysis-module-software-6-0/>
    <data-center-automation/>
    <eos-eol-policy/>
    <servicegrid/>
    <prime-access-registrar-6-1/>
    <process-orchestrator-3-0/>
    <intelligent-automation-cloud-2-0/>
    <intelligent-automation-sap-2-2/>
    <intelligent-automation-sap-2-3/>
    <prime-infrastructure-2-0-1/>
    <prime-collaboration-10-0/>
    <agent-openflow/>
    <intelligent-automation-cloud-4-0/>
    <intelligent-automation-cloud-3-1/>
    <connected-grid-design-suite-substation-workbench-release-1-5/>
    <opendaylight-project/>
    <prime-performance-manager-1-5/>
    <prime-cable-provisioning-5-1/>
    <prime-optical-10-0/>
    <prime-network-4-1/>
    <prime-central-1-3/>
    <prime-provisioning-6-6/>
    <eos-eol-listing/>
    <application-policy-infrastructure-controller-apic/>
    <prime-fulfillment-multivendor-service-orchestration/>
    <benefits/>
    <tech/>
    <prime/>
    <prime-service-catalog-10-0/>
    <intelligent-automation-sap-3-0/>
    <prime-central-hcs-assurance-10-0-1/>
    <extensible-network-controller-xnc/>
    <configuration-engine-3-5-4/>
    <prime-network-registrar-jumpstart-8-2/>
    <prime-fulfillment-multivendor-service-orchestration-1-0/>
    <extensible-network-controller-xnc-version-1-5/>
    <modeling-labs/>
    <application-policy-infrastructure-controller-enterprise-module/>
    <data-virtualization/>
    <networking_solutions_products_genericcontent0900aecd8060cdee/>
    <accelerators/>
    <sp/>
    <smb/>
    <enterprise/>
    <network-analysis-module-nam/>
    <prime-analytics-1-1/>
    <prime-ip-express/>
    <tidal-enterprise-adapter-hp-operations-manager/>
    <prime-ip-express-8-2/>
    <prime-infrastructure-2-2/>
    <prime-network-services-controller-3-2/>
    <prime-service-catalog-10-1/>
    <prime-network-registrar-8-2/>
    <prime-collaboration-10-5/>
    <prime-access-registrar-jumpstart-6-1/>
    <prime-network-services-controller-3-3/>
    <smart-plus-connected-spaces/>
    <smart-plus-connected-spaces-v2-2/>
    <prime-license-manager-10-5/>
    <prime-ip-express-jumpstart/>
    <prime-ip-express-jumpstart-8-2/>
    <tidal-enterprise-scheduler-6-2/>
    <prime-order-fulfillment/>
    <smart-plus-connected-city-infrastructure-management/>
    <tidal-enterprise-adapter-ucs-manager/>
    <smart-plus-connected-city-parking/>
    <dynamic-fabric-automation/>
    <prime-network-services-controller-adaptor-dynamic-fabric-automation/>
    <prime-network-analysis-module-software-6-1/>
    <openstack-dynamic-fabric-automation/>
    <prime-virtual-network-analysis-module-vnam-6-1/>
    <prime-access-registrar-7-0/>
    <prime-collaboration-10-6/>
    <nexus-data-broker/>
    <intercloud-fabric/>
    <multicast-manager-3-4/>
    <connected-analytics-network-deployments/>
    <connected-analytics-collaboration/>
    <connected-analytics-contact-center/>
    <big-data-warehouse-expansion/>
    <connected-analytics-network-deployment/>
    <intelligent-automation-cloud-4-1/>
    <data-analytics/>
    <data-analytics0/>
    <application-platforms/>
    <integration-platform/>
    <service-exchange-platform/>
    <application-centric-infrastructure-simulator/>
    <evolved-programmable-network-epn-manager/>
    <broadband-access-center-telco-wireless-3-9/>
    <connected-analytics-service-providers/>
    <network-services-orchestrator/>
    <prime-provisioning-6-7/>
    <prime-performance-manager-1-6/>
    <prime-optical-10-3/>
    <prime-central-1-4/>
    <prime-network-4-2/>
    <connected-analytics-retail/>
    <virtual-topology-system/>
    <network-services-orchestrator-4-0/>
    <virtual-topology-system-1-0/>
    <prime-network-services-controller-3-4/>
    <connected-analytics-events/>
    <connected-analytics-mobility/>
    <open-sdn-controller/>
    <process-orchestrator-3-1/>
    <elastic-services-controller-esc/>
    <elastic-services-controller-esc-1-0/>
    <prime-network-registrar-8-3/>
    <openstack-private-cloud/>
    <prime-network-registrar-jumpstart-8-3/>
    <smart-connected-spaces-v2-5/>
    <smart-plus-connected-spaces-v2-5/>
    <prime-cable-provisioning-5-2/>
    <virtual-topology-system-1-5/>
    <evolved-programmable-network-epn-manager-1-1/>
    <prime-infrastructure-3-0/>
    <smart-software-manager-satellite/>
    <open-sdn-controller-1-0/>
    <collaborative-knowledge/>
    <prime-ip-express-jumpstart-8-3/>
    <prime-ip-express-8-3/>
    <prime-service-catalog-11-0/>
    <intercloud-fabric-providers/>
    <intercloud-fabric-business/>
    <prime-network-4-3/>
    <broadband-access-center-telco-wireless-3-10/>
    <industrial-operations-kit/>
    <intelligent-automation-cloud-4-2/>
    <prime-access-registrar-jumpstart-7-0/>
    <prime-home-6-4/>
    <prime-optical-10-5/>
    <prime-collaboration-11-0/>
    <prime-central-1-5/>
    <prime-virtual-network-analysis-module-vnam-6-2/>
    <data-warehouse-optimization/>
    <prime-network-analysis-module-software-6-2/>
    <prime-network-4-2-1/>
    <prime-network-4-2-2/>
    <prime-nam-2420-appliance/>
    <prime-nam-2440-appliance/>
    <netflow-generation-appliance-nga-3340/>
    <open-sdn-controller-1-1/>
    <data-preparation/>
    <prime-network-analysis-module-6-2-nexus-1100-series/>
    <prime-license-manager-11-0/>
    <configuration-engine-3-5-5/>
    <fog-data-services/>
    <iot-field-network-director/>
    <prime-performance-manager-1-7/>
    <connected-analytics-retail-release-1-0/>
    <network-services-orchestrator-network-element-driver/>
    <virtual-managed-services-1-02/>
    <prime-collaboration-provisioning-11-0/>
    <prime-collaboration-assurance-11-0/>
    <evolved-programmable-network-manager-1-2/>
    <index/>
    <benefit/>
    <technology/>
    <product-listing/>
    <service-listing/>
    <solution-listing/>
    <partner/>
    <partner-sales-and-marketing/>
    <open-sdn-controller-1-2/>
    <partner-training-and-specialization/>
    <virtual-managed-services-2-0/>
    <elastic-services-controller-esc-1-1/>
    <open-sdn-controller-2-0/>
    <elastic-services-controller-2-0/>
    <virtual-topology-system-2-0/>
    <automation-integration-platform/>
    <prime-home-5-2/>
    <virtual-internet-routing-lab/>
    <network-services-orchestrator-4-1/>
    <fog-director/>
    <prime-data-center-network-manager-7-2/>
    <metapod/>
    <network-optimization-service/>
    <prime-service-catalog-11-1/>
    <process-orchestrator-3-2/>
    <index-responsive/>
    <virtual-managed-services/>
    <process-platforms/>
    <experience-platforms/>
    <prime-virtual-network-analysis-module-vnam-6-3/>
    <prime-network-analysis-module-software-6-3/>
    <prime-network-4-2-3/>
    <prime-fulfillment-multivendor-service-orchestration-1-1/>
    <cloud-network-automation-provisioner/>
    <prime-active-catalog-6-4/>
    <prime-order-fulfillment-6-4/>
    <prime-infrastructure-3-1/>
</jcr:root>
