<?xml version="1.0" encoding="UTF-8"?>
<jcr:root xmlns:cq="http://www.day.com/jcr/cq/1.0" xmlns:jcr="http://www.jcp.org/jcr/1.0"
    jcr:primaryType="cq:Page">
    <jcr:content/>
    <umg9800-series-digital-video-networking/>
    <media-origination-system/>
    <compact-gan-egc-segmentable-node-a90201/>
    <videoscape-epg-advertising/>
    <videoscape-control-suite-foundation/>
    <videoscape-offer-management/>
    <videoscape-catalog-management/>
    <videoscape-policy-resource-management/>
    <videoscape-advertising-management/>
    <videoscape-endpoint-management/>
    <videoscape-multi-ca-drm-management/>
    <videoscape-identity-management/>
    <videoscape-cdvr-tstv-management/>
    <videoscape-open-api-cloud/>
    <videoscape-open-api-client/>
    <videoscape-open-api-network/>
    <videoscape-unified-gateway-1000-series/>
    <videoscape-ad-decision-manager/>
    <extended-care-1-0/>
    <d9859-advanced-receiver-transcoder/>
    <digital-service-access-node-dsan-8210xhpf/>
    <digital-service-access-node-dsan-8200/>
    <eos-eol-listing/>
    <content-delivery-engine-470/>
    <videoscape-software-solutions-on-rdk/>
    <e300-digital-media-player/>
    <content-delivery-systems/>
    <index-old/>
    <product-listing-old/>
    <service-listing-old/>
    <solution-listing-old/>
    <comparison/>
    <purchase-considerations/>
    <customer-case-study/>
    <additional-resources/>
    <buyers-guide/>
    <featured-products-old/>
    <benefit-old/>
    <partner-ordering-resources/>
    <partner-sales-and-marketing/>
    <partner-training-and-specialization/>
    <technology-old/>
    <redundancy-manager/>
    <unit-manager/>
    <vn-2900-series-video-networking-systems/>
    <vn-5900-series-video-networking-systems/>
    <unified-videoconferencing-3500-series/>
    <unified-video-advantage/>
    <video-networking-solutions/>
    <unified-videoconferencing-manager/>
    <unified-conferencing-telepresence/>
    <unified-videoconferencing-5200-series/>
    <unified-videoconferencing-5100-series/>
    <iptv-set-tops/>
    <transport-stream-monitoring/>
    <pointer-network-monitoring-status-application/>
    <retriever/>
    <automated-backup/>
    <disaster-recovery/>
    <sdv-operational-support-applications/>
    <digital-media-manager/>
    <digital-media-encoders/>
    <digital-media-players/>
    <lcd-professional-series-displays/>
    <interactive-experience-clients/>
    <interactive-experience-manager/>
    <edge-300-series-digital-media-player/>
    <e340-series-digital-media-player/>
    <_x0036_900-series-multiplexers/>
    <rf-gateway-series/>
    <hospitality-qam-transcryptor-solution/>
    <healthpresence/>
    <mxe-3000-series-media-experience-engines/>
    <mxe-5000-series-media-experience-engines/>
    <mxe-3500-series-media-experience-engines/>
    <focalpoint/>
    <flippro-camcorders-accessories/>
    <media-delivery-engine-1100/>
    <media-delivery-engine-3100/>
    <media-delivery-engine-wvb/>
    <media-delivery-engine-ivb/>
    <media-delivery-engine-xvb/>
    <media-delivery-engine-3125-series/>
    <media-delivery-engine-1125-series/>
    <media-delivery-engines/>
    <videoscape-set-top-boxes/>
    <videoscape-media-gateways/>
    <videoscape-soft-client/>
    <videoscape-media-suite/>
    <linear-stream-manager/>
    <transcode-manager/>
    <conductor/>
    <videoscape-quickstart/>
    <media-encapsulator/>
    <stadiumvision/>
    <videoscape-distribution-suite-service-broker/>
    <videoscape-distribution-suite-video-recording/>
    <conductor-video-control-plane/>
    <videoscape-multiscreen-gateway-9800-series/>
    <stadiumvision-director/>
    <stadiumvision-mobile-streamer/>
    <stadiumvision-mobile-reporter/>
    <stadiumvision-mobile/>
    <digital-media-encoder-2200/>
    <digital-media-player-4305g/>
    <digital-media-player-4300g/>
    <digital-media-player-4400g/>
    <digital-media-player-4310g/>
    <professional-series-40-inch-lcd/>
    <professional-series-52-inch-lcd/>
    <professional-series-32-inch-lcd/>
    <professional-series-42-inch-lcd/>
    <professional-series-47-inch-lcd/>
    <professional-series-55-inch-lcd/>
    <interactive-experience-client-4610/>
    <interactive-experience-client-4632/>
    <_x0036_920-ratemux-advanced-mpeg-2-multiplexer/>
    <rf-gateway-1/>
    <rf-gateway-10/>
    <healthpresence-version-2-0/>
    <healthpresence-version-2-1/>
    <healthpresence-version-2-5/>
    <mxe-3000-media-experience-engine/>
    <mxe-5600-media-experience-engine/>
    <pulse-connect/>
    <pulse-collect/>
    <telepresence-content-server-model/>
    <mxe-3500-media-experience-engine/>
    <flip-minopro-camcorder/>
    <flip-ultrapro-camcorder/>
    <media-delivery-engine-1100-model/>
    <media-delivery-engine-3100-model/>
    <media-delivery-engine-50wvb/>
    <media-delivery-engine-50ivb/>
    <media-delivery-engine-10xvb/>
    <media-delivery-engine-3125/>
    <media-delivery-engine-1125/>
    <videoscape-media-suite-cms/>
    <videoscape-media-suite-entitlement/>
    <videoscape-media-suite-publisher/>
    <videoscape-media-suite-streaming-player/>
    <transcode-manager-server/>
    <transcode-manager-client/>
    <transcode-manager-encode-node/>
    <transcode-manager-post-encode-node/>
    <transcode-manager-analysis-node/>
    <as5100-series-media-processor/>
    <as7100-series-media-processor/>
    <as8100-series-media-processor/>
    <as6000-series-media-processor/>
    <as80-series-audio-processor/>
    <as3005-series-media-processor/>
    <as8100-series-media-processor-plus-ip/>
    <as-series-media-processor-software/>
    <as5300-media-processor/>
    <as6300-media-processor/>
    <as8300-media-processor/>
    <as9300-media-processor/>
    <content-delivery-engine-series/>
    <videoscape-distribution-suite-internet-streaming/>
    <videoscape-distribution-suite-service-manager/>
    <cdn-provisioning-manager/>
    <videoscape-distribution-suite-transparent-caching/>
    <videoscape-distribution-suite-television/>
    <videoscape-distribution-suite-optimization-engine/>
    <videoscape-distribution-suite-origin-server/>
    <retriever-marketing-warehouse-1-2-0/>
    <retriever-collector-1-2-0/>
    <retriever-client-1-1-1/>
    <anms-scramblers/>
    <anms-system-manager/>
    <digital-encoders/>
    <mpeg-4-encoders/>
    <mpeg-2-mpeg-4-receivers-decoders-removing/>
    <digital-receivers-decoders/>
    <audio-codecs/>
    <general-headend/>
    <ip-streamer-old/>
    <qam-modulators-broadcast-old/>
    <edge-qam-modulators/>
    <rf-signal-management/>
    <switched-digital-video/>
    <transcoders/>
    <headend-digital-equipment/>
    <headend-system-releases/>
    <digital-network-control-system-dncs/>
    <dta-control-system-dtacs/>
    <remote-conditional-access-server-rcas/>
    <common-download-server-cdls/>
    <digital-broadband-delivery-system-dbds-utilities/>
    <digital-broadband-delivery-system-dbds-alarm-manager/>
    <dbds-alarm-manager/>
    <dbds-utilities/>
    <transaction-encryption-devices-ted/>
    <powerkey-content-encryption-devices/>
    <davic-devices/>
    <davic-qpsk-devices/>
    <iptv-services-delivery-system-isds/>
    <powerkey-encryption-servers-pkes/>
    <ibds-hardware-platforms/>
    <stb-image-download-server-dls/>
    <powerkey-cas-gateways-pcg/>
    <dcm-series-d9900/>
    <dcm-series-d9901/>
    <dcm-series-d9902/>
    <dcm-cards/>
    <digital-content-manager-dcm-software/>
    <rosa-network-video-service-management/>
    <rosa-hardware/>
    <powervu-enhanced-applications/>
    <powervu-network-centre-management/>
    <analog-modulators/>
    <demodulators/>
    <galaxy-content-acquisition-transmission-system/>
    <digital-modulators-transmodulators/>
    <multiplexers/>
    <up-down-converters/>
    <vision-1000-analog-headend-system/>
    <video-network-adapters/>
    <video-gateway/>
    <continuum-dvp-d9600-advanced-headend-processor/>
    <digital-media-encoder-2000/>
    <digital-media-encoder-1000/>
    <digital-media-encoder-1100/>
    <Prisma_x0020_DT_x0020_Products/>
    <ilynx-multimedia-super-highway/>
    <digistar-ethernet-over-coax-eoc-homeplug-av-system/>
    <digistar-ethernet-over-coax-eoc-hpna-system/>
    <prisma-ii/>
    <laser-link-iii-modular/>
    <prisma-strand-mounted-optical-amplifier/>
    <prisma-high-density-receiver/>
    <optostar-optical/>
    <other-optoelectronic/>
    <fiber-management/>
    <optical-passive-components/>
    <lumin-dense-platform-optical-system/>
    <lumin-optical-transmission-platform/>
    <prisma-d-pon/>
    <optostar-ii-optical/>
    <media-converters/>
    <broadlan-transport-systems/>
    <compact-nodes/>
    <compact-nodes-international/>
    <model-6940-nodes/>
    <node-accessories/>
    <model-6942-nodes/>
    <model-6944-nodes/>
    <gainmaker-nodes/>
    <gs7000-node/>
    <gainstar-nodes/>
    <analog-reverse-transmitters/>
    <digital-reverse/>
    <gs7000-optical-hub-hub-node/>
    <digital-service-access-node-dsan/>
    <enhanced-digital-return/>
    <_x0034_0-52-mhz-split/>
    <_x0034_2-54-mhz-split/>
    <_x0035_5-70-mhz-split/>
    <_x0036_5-86-mhz-split/>
    <_x0038_70-mhz-system-amplifiers/>
    <_x0037_50-mhz-system-amplifiers/>
    <rf-accessories/>
    <gainmaker-amplifiers/>
    <legacy-system-amplifiers-line-extenders/>
    <gainstar-amplifiers/>
    <compact-amplifiers/>
    <compact-mini-amplifiers-international/>
    <traditional-size-taps/>
    <traditional-size-tap-power-passing-accessories/>
    <stretch-wide-taps/>
    <stretch-tap-plug-ins-accessories/>
    <splitters-directional-couplers-power-inserters/>
    <compact-passives/>
    <line-equalizers/>
    <drop-house-amplifiers/>
    <single-wire-return-devices/>
    <filters/>
    <transponders/>
    <hybrid-fiber-coax-configuration-tools/>
    <pointer-network-monitoring-status-application-1-3-6/>
    <videoscape-multiscreen-video-gateway-9800-series/>
    <rng-series-digital-cable-set-tops/>
    <chs-series-digital-set-tops/>
    <remote-controls-keyboards/>
    <cables-modules/>
    <cablecards/>
    <cva120-series-cable-voice-adapters/>
    <ubr900-series-cable-access-routers/>
    <linksys-wcm300-channel-bonded-cable-modems/>
    <cable-modems-high-speed-data/>
    <cable-modems-digital-voice-emta-edva/>
    <residential-gateways-data-only/>
    <home-networking-adapter-series/>
    <ip-services-gateways/>
    <residential-gateways-digital-voice/>
    <ntsc-advanced-analog-cable-set-tops/>
    <ntsc-addressable-analog-cable-set-tops/>
    <ntsc-non-addressable-analog-cable-set-tops/>
    <pal-b-g-analog-cable-set-tops/>
    <pal-d1-analog-cable-set-tops/>
    <pal-m-analog-cable-set-tops/>
    <residential-gateway-xdsl-modem-series/>
    <iptv-set-tops-americas-asia-pacific-eastern-europe-middle-east/>
    <iptv-set-tops-western-europe/>
    <uma-access-points-terminal-adapters/>
    <mobile-broadband-routers/>
    <xdsl-gateways/>
    <fttx-gateways/>
    <home-routers/>
    <cis-ipn430-isdp-set-top/>
    <cis-ipn330-isdp-set-top/>
    <cis2000-isdp-set-top/>
    <ipn603-isdp-set-top/>
    <blue-sd-downloadable-rtn-theme/>
    <videoscape-voyager-vantage/>
    <explorer-set-top-software/>
    <explorer-dvr-set-top-software/>
    <verizon-client-software-vcs/>
    <sara-dualcak-dual-conditional-access-kernel-set-top-software/>
    <multi-stream-cablecard-mcard-software/>
    <powertv-operating-system-software-development-kit/>
    <cable-set-top-applications/>
    <digital-transport-adapter-software/>
    <axiom-oht-tru2way-middleware/>
    <axiom-ac-tru2way-middleware/>
    <axiom-oht-1-6-x-ocap-middleware/>
    <axiom-oht-1-7-x-ocap-middleware/>
    <axiom-oht-5-0-x-ocap-middleware/>
    <axiom-ac-2-0-x-ocap-middleware/>
    <axiom-oht-2-0-x-ocap-middleware/>
    <axiom-oht-3-0-x-ocap-middleware/>
    <axiom-oht-3-1-x-ocap-middleware/>
    <axiom-oht-4-0-x-ocap-middleware/>
    <axiom-ac-3-0-x-ocap-middleware/>
    <ubr7200-series-universal-broadband-routers/>
    <ubr10000-series-universal-broadband-routers/>
    <ubr7100-series-universal-broadband-routers/>
    <rf-switches/>
    <ubr7225vxr-universal-broadband-routers/>
    <prisma-ip-multiservice-platform/>
    <ip-vc-3510-multipoint-control-unit/>
    <ip-vc-3520-videoconferencing-gateway/>
    <ip-vc-3525-videoconferencing-gateway/>
    <ip-videoconferencing-ip-vc-3540-system/>
    <ip-videoconferencing-ip-vc-3521-bri-gateway/>
    <ip-videoconferencing-ip-vc-3526-pri-gateway/>
    <ip-videoconferencing-ip-vc-3511-mcu/>
    <unified-videoconferencing-3515-mcu/>
    <unified-videoconferencing-3522-bri-gateway/>
    <unified-videoconferencing-3527-pri-gateway/>
    <unified-videoconferencing-3545-system/>
    <vn-2900-video-networking-system/>
    <vn-5900-video-networking-system/>
    <vn-5902-video-networking-system/>
    <umg9850-qam-module/>
    <unified-videoconferencing-5230-mcu/>
    <unified-videoconferencing-5100-series-mcu/>
    <series-8000-digital-cable-set-tops/>
    <series-4000-digital-cable-set-tops/>
    <series-3000-digital-cable-set-tops/>
    <series-2000-digital-cable-set-tops/>
    <series-1000-digital-cable-set-tops/>
    <series-900-digital-cable-set-tops/>
    <pds-set-tops/>
    <explorer-8600hdc-high-definition-dvr-set-top-box-series/>
    <explorer-4600hdc-high-definition-digital-interactive-set-top-box-series/>
    <explorer-1640hdc-high-definition-digital-only-interactive-set-top-box-series/>
    <explorer-1540c-digital-only-interactive-set-top-box-series/>
    <series-dvb-digital-cable-set-tops-developed-markets/>
    <series-dvb-digital-cable-set-tops-emerging-markets/>
    <digital-transport-adapters/>
    <dvb-set-tops-asia-latin-america-eastern-europe/>
    <dvb-set-tops-western-europe/>
    <switched-digital-adapters/>
    <pulsar-mkii-tv-modulator-dk-pal/>
    <pulsar-mkii-tv-modulator-mn-pal/>
    <continuum-dvp-models-d6238-d6239-8vsb-demodulators-ntsc/>
    <marco-polo-mkii-universal-tv-demodulator-ntsc-pal/>
    <model-6275-frequency-agile-demodulator-ntsc/>
    <atlas-mkii-digital-terrestrial-receiver-pal/>
    <galaxy-modular-rack-system-pal/>
    <indus-mkii-transport-stream-descrambler-pal/>
    <orbiter-transport-stream-monitoring-pal/>
    <redus-mkii-source-selector-pal/>
    <spectra-qam-demodulator-pal/>
    <titan-s2-dvb-s2-digital-satellite-receiver/>
    <quantum-rf-qam-modulator-ntsc-pal/>
    <cetus-cygnus-digistar-headend-products-pal/>
    <quantum-rf-qam-modulator-pal/>
    <powervu-model-d9752-d9390-advanced-modulator-ntsc-pal/>
    <continuum-dvp-model-d9640-advanced-transmodulator-ntsc-pal/>
    <continuum-dvp-model-d9644-advanced-transmodulator-optional-built-scrambler-ntsc-pal/>
    <powervu-model-d9140-advanced-multiplexer-ntsc-pal/>
    <sirius-up-converter-ntsc-pal/>
    <d965x-ip-streamer/>
    <d963x-advanced-qam-modulator/>
    <as5100-media-processor-model/>
    <as7100-media-processor-model/>
    <as8100-media-processor-model/>
    <as6000-media-processor-model/>
    <as80-audio-processor-model/>
    <as3005-media-processor-model/>
    <as-series-media-processor-software-6-0/>
    <as5300-media-processor-model/>
    <as6300-media-processor-model/>
    <as8300-media-processor-model/>
    <as9300-media-processor-model/>
    <content-delivery-engine-100/>
    <content-delivery-engine-200/>
    <content-delivery-engine-300/>
    <content-delivery-engine-400/>
    <content-delivery-engine-302/>
    <content-delivery-engine-402/>
    <content-delivery-engine-110/>
    <content-delivery-engine-220/>
    <content-delivery-engine-420/>
    <content-delivery-engine-250/>
    <content-delivery-engine-460/>
    <content-delivery-system-manager/>
    <internet-streamer-application/>
    <service-router-application/>
    <content-acquirer-application/>
    <tv-streamer-application/>
    <vault-application/>
    <tv-playout-application/>
    <integrated-streamer-vault-application/>
    <video-navigator-application/>
    <visual-quality-experience-application/>
    <visual-quality-experience-vqe-channel-provisioning-tools/>
    <personalization-advertising-transaction-hub/>
    <content-delivery-system-manager-television/>
    <videoscape-distribution-suite-mpeg-recorder/>
    <dncs-system-release-4-3-2/>
    <dncs-system-release-2-8-3-8-4-3/>
    <dncs-system-release-2-8-1-3-8-1-4-3-1/>
    <dncs-system-release-5-0/>
    <dncs-system-release-5-1/>
    <dncs-system-release-6-0/>
    <dta-control-system-dtacs-1-2/>
    <dta-control-system-dtacs-3-0/>
    <remote-conditional-access-server-rcas-1-0/>
    <common-download-server-cdls-1-6/>
    <dbds-alarm-manager-1-0/>
    <dbds-utilities-5-1/>
    <transaction-encryption-device-ted-iii/>
    <transaction-encryption-device-ted-fx/>
    <transaction-encryption-device-ted-iv/>
    <model-d9477-mqam-modulator/>
    <model-d9476-16-64-128-256-qam-modulator/>
    <model-d9479-gigabit-qam-modulator/>
    <netcrypt-bulk-encryptor/>
    <model-d9482-davic-qpsk-modulator/>
    <model-d9492-davic-qpsk-demodulator/>
    <model-d9485-davic-qpsk-mod-demod/>
    <model-d9494-davic-qpsk-demodulator/>
    <ibds-system-release-isr-1-3-1/>
    <ibds-system-release-isr-1-4-0/>
    <ibds-system-release-isr-1-5-0/>
    <powerkey-encryption-server-pkes-1-0/>
    <powerkey-encryption-server-pkes-1-1/>
    <powerkey-encryption-server-pkes-1-2/>
    <ibds-sun-oracle-t5440-platform/>
    <ibds-sun-oracle-t5220-platform/>
    <ibds-sun-oracle-v445-platform/>
    <ibds-sun-oracle-v245-platform/>
    <ibds-intel-tigh2u-platform/>
    <stb-image-download-server-dls-1-0/>
    <powerkey-cas-gateway-pcg-2-3/>
    <d9900-dcm-video-processor/>
    <d9901-dcm-video-processor/>
    <d9901-dcm-video-gateway/>
    <d9902-dcm-video-processor/>
    <rosa-element-manager/>
    <rosa-extensions/>
    <rosa-video-service-manager/>
    <rosa-network-management-system/>
    <rosa-si-manager/>
    <phoenix-hfc-network-monitoring-gateway/>
    <rosa-server-mkvi/>
    <lm-860-rf-channel-supervisor/>
    <orbiter-transport-stream-monitoring/>
    <hermes-element-management-galaxy/>
    <rosa-si-server/>
    <tncs-element-management-system/>
    <cue-triggering-ntsc-pal/>
    <metromux-software-applications-ntsc-pal/>
    <video-subtitling-ntsc-pal/>
    <powervu-d9190-conditional-access-manager/>
    <powervu-network-centre/>
    <live-event-controller/>
    <inband-control-computer/>
    <continuum-headend-system-model-9811-9814-controllers-model-9801-9802-rear-interface-modules-ntsc/>
    <continuum-model-9800-9806-chassis-ntsc/>
    <model-9825m-ntsc-modulator-50-870-mhz-model-9825s-ntsc-modulator-50-870mhz-integrated-stereo-encoder-model-9815-rear-interface-module-rim-ntsc/>
    <pulsar-mkii-tv-modulator-bg-pal/>
    <powervu-originator-d9150-encoder/>
    <powervu-originator-d9155-encoder/>
    <d9034-encoder/>
    <d9034-s-encoder/>
    <d9054-hdtv-encoder/>
    <modular-encoding-platform-d9036/>
    <continuum-d9030-dvp-encoder/>
    <d9093-sd-hd-avc-contribution-codec/>
    <d9094-sd-hd-avc-contribution-codec/>
    <d9094se-sd-hd-avc-contribution-encoder/>
    <d9096-4-2-2-10-bit-avc-encoder/>
    <d9896-4-2-2-10-bit-avc-decoder/>
    <d9887a-hdtv-modular-receiver/>
    <continuum-dvp-decoder-d9010/>
    <model-9660-video-receiver-integrated-descrambling/>
    <d9844-commercial-decoder/>
    <d9846-professional-decoder/>
    <powervu-model-d9828-multiple-decryption-receiver/>
    <powervu-model-d9834-satellite-receiver/>
    <powervu-model-d9835-satellite-receiver/>
    <powervu-model-d9850-program-receiver/>
    <powervu-model-d9852-dual-decrypt-program-receiver/>
    <d9854-advanced-program-receiver/>
    <d9858-advanced-receiver-transcoder/>
    <d9865-satellite-receiver/>
    <d9824-advanced-multi-decryption-receiver/>
    <d9804-multiple-transport-receiver/>
    <d9815-multi-program-dense-transport-stream-descrambler-nds-videoguard/>
    <d9887b-hdtv-modular-receiver/>
    <d9894-sd-hd-avc-contribution-decoder/>
    <capella-audio-codec-ntsc-pal/>
    <model-6109-6-mhz-off-air-reference-ntsc/>
    <model-6385-btsc-stereo-encoder-ntsc/>
    <continuum-dvp-dense-qam-array-video-on-demand-delivery-ntsc-pal/>
    <continuum-dvp-extra-dense-qam-array-xdqa-video-on-demand-delivery-ntsc-pal/>
    <continuum-dvp-extra-dense-qam-array-24-xdqa24-video-on-demand-delivery-ntsc-pal/>
    <rf-link-rf-integrator-actives-ntsc/>
    <rf-link-rf-integrator-passives-ntsc/>
    <series-9900-rf-signal-manager-active-products-ntsc/>
    <series-9900-rf-signal-manager-modules-ntsc/>
    <model-d9500-switched-digital-video-server-ntsc-pal/>
    <model-d-pcg1000-powerkey-cas-gateway/>
    <headend-service-pack-2-sr-2-2-3-2/>
    <headend-system-release-2-5/>
    <headend-system-release-2-7/>
    <headend-system-release-3-2/>
    <headend-system-release-3-5/>
    <headend-system-release-3-7/>
    <headend-system-release-i4-3/>
    <headend-digital-broadband-delivery-system/>
    <dncs-system-release-2-2-3-2/>
    <dncs-system-release-2-5-3-5-4-0/>
    <dncs-system-release-2-7-3-7-4-2/>
    <_x0038_62-mhz-gainstar-amplifier/>
    <compact-outdoor-amplifier-model-93412/>
    <compact-egc-amplifier-model-93250/>
    <compact-broadband-amplifier-93212/>
    <compact-broadband-amplifier-93218-93228/>
    <compact-broadband-amplifier-93211-93221/>
    <compact-egc-single-output-amplifier-a93280/>
    <compact-egc-mini-amplifier-a93230-a93240/>
    <compact-egc-dual-output-amplifier-a93270/>
    <compact-mini-amplifier-a93191/>
    <compact-mini-amplifier-a93188/>
    <compact-advanced-mini-amplifier-93189-93199/>
    <reverse-amplifier-module-a93146/>
    <flexible-solutions-taps/>
    <_x0031_-ghz-surge-gap-taps-standard-full-profile/>
    <_x0031_-ghz-surge-gap-reverse-window-taps/>
    <_x0031_-ghz-two-way-four-way-eight-way-taps/>
    <power-distribution-unit/>
    <surge-gap-stretch-taps/>
    <single-tier-addressable-stretch-tap/>
    <dual-tier-addressable-stretch-tap/>
    <multimedia-stretch-taps/>
    <multimedia-stretch-tap-technician-access/>
    <addressable-multimedia-stretch-tap/>
    <model-8653-su-addressable-transmitter/>
    <multimedia-stretch-tap-directional-coupler-equalizer/>
    <multimedia-stretch-tap-directional-coupler-reverse-window/>
    <multimedia-stretch-tap-twisted-pair-module/>
    <surge-gap-passives/>
    <_x0031_-ghz-passives/>
    <compact-power-passing-passives/>
    <in-line-equalizers/>
    <_x0037_50-mhz-line-equalizer/>
    <multimedia-line-equalizer-reverse-conditioner-750-mhz-42-51-mhz-split/>
    <multimedia-line-equalizer-reverse-conditioner-870-mhz-42-51-split/>
    <multimedia-line-equalizer-reverse-conditioner-1-ghz-40-52-split/>
    <multimedia-line-equalizer-reverse-conditioner-1-ghz-42-54-split/>
    <surge-gap-drop-amplifier-42-54-mhz-split/>
    <surge-gap-drop-amplifier-65-86-mhz-split/>
    <single-wire-return-device/>
    <transponder-hms-9106x-compact-amplifiers-nodes/>
    <transponder-9105x-compact-amplifiers-nodes/>
    <transponder-gainmaker-optical-node/>
    <transponder-model-6920-optical-node/>
    <transponder-saii-saiii-amplifiers/>
    <transponder-configuration-cable-kit/>
    <transponder-prisma-model-6940-6944-optical-node/>
    <transponder-gainmaker-amplifiers/>
    <docsis-eurodocsis-transponder-gainmaker-nodes/>
    <docsis-eurodocsis-transponder-compact-amplifiers-nodes/>
    <cicso-docsis-transponder-gs7000-node/>
    <docsis-eurodocsis-transponder-gainstar-nodes-amplifiers/>
    <handheld-programmer-terminal-model-91200/>
    <model-8656-ssb-seb-pal-b-g-scrambler/>
    <model-8656-xeu-am-scrambler/>
    <model-8686-xeu-amc-scrambler/>
    <system-manager-30/>
    <system-manager-software/>
    <continuum-d9020-dvp-encoder/>
    <d9032-mpeg-2-encoder/>
    <d9050-hd-encoder/>
    <d9022-mpeg-2-encoder/>
    <d9040-encoder/>
    <powervu-d9150-advanced-encoder/>
    <model-gs7000-4-port-node-1-ghz-55-70-split/>
    <model-gs7000-4-port-node-1-ghz-65-86-split/>
    <_x0031_-ghz-gainstar-node/>
    <analog-reverse-optical-transmitters-thermal-compensation-scientific-atlanta-nodes/>
    <_x0031_310-nm-1550-nm-cwdm-analog-reverse-txs-model-6940-6944-gm-node/>
    <prisma-1310-nm-dfb-reverse-transmitter-model-6920-node/>
    <prisma-ii-bdr-digital-reverse-4-1-multiplexing-system/>
    <model-6944-6942-6940-node-bdr-digital-reverse-4-1-multiplexing-system-designed-prisma-ii-platform/>
    <prisma-ii-bdr-digital-reverse-2-1-dual-multiplexing-system-high-density-installations/>
    <model-6944-6940-node-bdr-digital-reverse-2-1-multiplexing-system-designed-prisma-ii-platform/>
    <optical-hub-hub-node/>
    <digital-service-access-node-dsan-8210/>
    <digital-service-access-node-dsan-8211/>
    <compact-edr-transmitters/>
    <gainmaker-edr-transmitters/>
    <gs7000-edr-transmitters/>
    <gainmaker-high-gain-dual-system-amplifier-1-ghz-40-52-mhz-split/>
    <gainmaker-low-gain-dual-system-amplifier-1ghz-40-52-mhz-split/>
    <gainmaker-high-gain-balanced-triple-amplifier-1-ghz-40-52-mhz-split/>
    <gainmaker-unbalanced-triple-system-amplifier-1ghz-40-52-mhz-split/>
    <gainmaker-line-extender-1-ghz-40-52-mhz-split/>
    <gainmaker-high-gain-dual-system-amplifier-1-ghz-42-54-mhz-split/>
    <gainmaker-low-gain-dual-system-amplifier-1-ghz-42-54-mhz-split/>
    <gainmaker-high-gain-balanced-triple-amplifier-1ghz-42-54-mhz-split/>
    <gainmaker-unbalanced-triple-system-amplifier-1-ghz-42-54-mhz-split/>
    <gainmaker-line-extender-1-ghz-42-54-mhz-split/>
    <gainmaker-line-extender-1-ghz-55-70-mhz-split/>
    <gainmaker-high-gain-dual-system-amplifier-1-ghz-55-70-mhz-split/>
    <gainmaker-low-gain-dual-system-amplifier-1-ghz-55-70-mhz-split/>
    <gainmaker-high-gain-balanced-triple-amplifier-1-ghz-55-70-mhz-split/>
    <gainmaker-unbalanced-triple-system-amplifier-1-ghz-55-70-mhz-split/>
    <gainmaker-line-extender-1-ghz-65-86-mhz-split/>
    <gainmaker-high-gain-dual-system-amplifier-1-ghz-65-86-mhz-split/>
    <gainmaker-low-gain-dual-system-amplifier-1-ghz-65-86-mhz-split/>
    <gainmaker-high-gain-balanced-triple-amplifier-1-ghz-65-86-mhz-split/>
    <gainmaker-unbalanced-triple-system-amplifier-1-ghz-65-86-mhz-split/>
    <compact-mini-amplifier-models-93191-93198-862-mhz-42-54-mhz-split/>
    <sa-iii-high-gain-dual-40-51-mhz-split/>
    <sa-iii-low-gain-dual-40-52-mhz-split/>
    <sa-iii-high-gain-dual-rc-40-52-mhz-split/>
    <sa-iii-unbalanced-triple-rc-40-52-mhz-split/>
    <sa-iii-type-1a-unbalanced-triple-40-52-mhz-split-linear-tilt/>
    <sa-iii-type-1a-unbalanced-triple-40-52-mhz-split-cable-tilt/>
    <sa-iii-type-2a-2-2-output-high-gain-dual-40-52-mhz-split-linear-tilt/>
    <sa-iii-type-2a-2-2-output-high-gain-dual-40-52-mhz-split-cable-tilt/>
    <sa-iii-type-2a-3-3-output-high-gain-dual-40-52-mhz-split-linear-tilt/>
    <sa-iii-type-2a-3-3-output-high-gain-dual-40-52-mhz-split-cable-tilt/>
    <sa-iii-type-2a-2-2-output-high-gain-dual-55-70-mhz-split-linear-tilt/>
    <rf-amplifier-accessories/>
    <automatic-gain-control-modules/>
    <interstage-equalizers/>
    <interstage-trim-networks/>
    <plug-in-pads-forward-reverse-equalizers/>
    <thermal-level-control-modules/>
    <_x0031_-ghz-gainmaker-amplifier/>
    <_x0038_70-mhz-gainmaker-amplifiers/>
    <legacy-system-amplifiers/>
    <le-iii-40-52-mhz-split-phd-cable-tilt/>
    <legacy-rf-accessories/>
    <legacy-line-extenders/>
    <le-iii-type-4-40-52-mhz-split-linear-tilt/>
    <le-iii-type-3-55-70-mhz-split-linear-tilt/>
    <_x0031_-ghz-gainstar-amplifier/>
    <lanlinxs-wall-mount-fiber-distribution-enclosures/>
    <wall-mount-fiber-splice-vault/>
    <fiber-optic-service-cables/>
    <prisma-fiber-optic-jumpers/>
    <cwdm-passives-16-channel-cwdm-hfc-architectures/>
    <prisma-cwdm-filters/>
    <prisma-bwdm-filters/>
    <prisma-dispersion-compensation-module/>
    <prisma-dwdm-passives/>
    <optical-module-mounting-bracket/>
    <prisma-optical-networks-1310-1550-nm-fixed-optical-attenuators/>
    <prisma-optical-networks-singlemode-multiband-couplers-splitters/>
    <lumin-dlc-optical-chassis/>
    <optostar-ii-1310nm-transmitter/>
    <optostar-ii-icim/>
    <optostar-ii-reverse-receivers/>
    <optostar-ii-1550nm-transmitter/>
    <optostar-ii-1550nm-edfa/>
    <optostar-ii-rf-switch/>
    <optostar-ii-optical-switch/>
    <optostar-ii-driver-amplifier/>
    <prisma-mediacenter-6-20-slot-modular-managed-chassis/>
    <prisma-mediacpe-chassis/>
    <prisma-industrial-ethernet-10-100-switching-mini-media-converters/>
    <prisma-gigabit-1310-1550-fiberlinx-modules/>
    <prisma-fiberlinx-modules-cwdm-gigabit/>
    <prisma-fiberlinx-modules-1310-1550-nm/>
    <prisma-fiberlinx-modules-cwdm/>
    <prisma-etherlinx-4-module/>
    <prisma-gigabit-ethernet-media-converter/>
    <prisma-ds3-e3-sts-1-converter-remote-management/>
    <prisma-e1-t1-j1-telco-converter-module/>
    <prisma-mediacenter-2-8-slot-chassis/>
    <broadlan-transport-system/>
    <compact-egc-segmentable-node-a90200/>
    <compact-outdoor-node-model-90275/>
    <compact-single-output-node-model-90093/>
    <compact-dual-output-node-a90075/>
    <compact-reverse-transmitters-9008x-fp-dfb-or-cwdm-lasers/>
    <compact-reverse-transmitter-housing-90049/>
    <compact-fiber-deep-node-90090/>
    <compact-egc-fiber-deep-node-a90100-a90300/>
    <compact-nodes-90070-90071/>
    <model-6940-four-port-optoelectronic-node-870-mhz/>
    <model-6940-four-port-optoelectronic-node-870-mhz-65-86-mhz-split/>
    <model-6940-four-port-optoelectronic-node-870-mhz-55-70-mhz-split/>
    <model-6940-collector-terminator-three-port-unbalanced-optoelectronic-node-870-mhz-42-54-mhz-split/>
    <model-6940-collector-terminator-three-port-unbalanced-optoelectronic-node-870-mhz-65-86-mhz-split/>
    <model-6940-6942-6944-optoelectronic-node-accessories/>
    <model-6942-four-port-optoelectronic-node-870-mhz-42-54-mhz-split/>
    <model-6942-four-port-optoelectronic-node-870-mhz-55-70-mhz-split/>
    <model-6942-four-port-optoelectronic-node-870-mhz-65-86-mhz-split/>
    <model-6944-four-port-optoelectronic-node-870-mhz-42-54-mhz-split/>
    <model-6944-four-port-optoelectronic-node-870-mhz-55-70-mhz-split/>
    <model-6944-four-port-optoelectronic-node-870-mhz-65-86-mhz-split/>
    <gainmaker-optoelectronic-node-1-ghz-40-52-mhz-split/>
    <gainmaker-reverse-segmentable-node-1ghz-40-52-mhz-split/>
    <gainmaker-optoelectronic-node-1-ghz-42-54-mhz-split/>
    <gainmaker-optoelectronic-node-1-ghz-55-70-mhz-split/>
    <gainmaker-optoelectronic-node-1-ghz-65-86-mhz-split/>
    <gainmaker-optoelectronic-node-1-ghz-40-52-mhz-split-rf-redundancy/>
    <model-gs7000-4-port-node-1-ghz-40-52-split/>
    <model-gs7000-4-port-node-1-ghz-42-54-split/>
    <prisma-dt-models-2550-2551-2560-2561-baseband-video-encoders-decoders/>
    <prisma-dt-models-2552-2562-intermediate-frequency-if-encoder-decoders/>
    <prisma-dt-model-2564-256-qam-if-decoder/>
    <prisma-dt-model-2553-2563-mpeg-2-dvb-asi-encoder-decoder/>
    <prisma-dt-model-2557-2567-mpeg-2-quad-dvb-asi-encoder-decoder/>
    <prisma-dt-model-2558-2568-8mhz-composite-pal-if-qam-64-256-encoder-decoder/>
    <prisma-dt-model-2570-2571-stm-1-7-8mhz-qam-if-encoders-decoders/>
    <ilynx-gigabit-ethernet/>
    <ilynx-sdi-dpcm-encoder-decoder-tributaries/>
    <_x0036_ru-ilynx-rack-stm-16-oc-48-interface-rack/>
    <_x0034_ru-ilynx-rack-dual-stm-4-oc-12-interface-rack/>
    <_x0031_ru-ilynx-rack-stm-1-oc-3-service-adapter/>
    <ilynx-audio-lynx-audio-interface/>
    <ilynx-baseband-baseband-encoder-decoder-tributaries/>
    <ilynx-ethernet-ethernet-tributary/>
    <ilynx-if-if-encoder-decoder-tributaries-bg-mn-l/>
    <ilynx-if-if-encoder-decoder-tributaries-dk/>
    <ilynx-sdi-sdi-encoder-decoder-tributaries/>
    <ilynx-stm-1-ilynx-stm-1-oc-3-interface/>
    <ilynx-ts-ts-encoder-decoder-tributaries/>
    <ilynx-stm-16-oc-48-regenerator/>
    <digistar-eoc-aggregation-point-ap/>
    <digistar-eoc-end-point-ep/>
    <digistar-eoc-element-management-ecem/>
    <prisma-ii-platform/>
    <prisma-ii-1310-nm-transmitters/>
    <prisma-ii-1310-nm-hdtx-transmitters/>
    <prisma-ii-1550-nm-transmitters/>
    <prisma-ii-1-ghz-1550-nm-transmitters/>
    <prisma-ii-1550-nm-optical-amplifiers/>
    <prisma-ii-forward-optical-receivers/>
    <prisma-ii-reverse-optical-receivers/>
    <prisma-ii-ancillary-modules/>
    <prisma-ii-redundancy-interface-panel/>
    <prisma-ii-icim/>
    <prisma-ii-icim-2/>
    <prisma-ii-edr-receiver/>
    <laser-link-1310-nm-transmitters/>
    <laser-link-1550-nm-transmitters/>
    <laser-link-1550-nm-optical-amplifier/>
    <laser-link-receivers/>
    <laser-link-ancillary-modules/>
    <laser-link-mainframes/>
    <laser-link-return-digital-receiver-ethernet/>
    <proteus-node-return-digital-transmitter-ethernet/>
    <laser-link-proteus-scaleable-node/>
    <prisma-1550-nm-strand-mounted-optical-amplifier-smoa/>
    <prisma-hdrx-reverse-optical-receiver-platform-power-supply-system/>
    <optostar-modular-optical-platform/>
    <optical-receivers/>
    <prisma-i-model-6478-communications-interface-module-cim/>
    <prisma-model-6453-46-750-mhz-headend-driver-amplifier/>
    <model-6453-ff-46-750-mhz-feedforward-headend-driver-amplifier/>
    <model-6455-46-1000-mhz-headend-driver-amplifier/>
    <model-6451-46-550-mhz-feedforward-headend-driver-amplifier/>
    <model-6454-860-mhz-phd-headend-driver-amplifier/>
    <model-6456-5-200-mhz-reverse-headend-driver-amplifier/>
    <laser-link-optical-switches-llos/>
    <advanced-distribution-frame/>
    <network-frame-open-bay-relay-rack/>
    <wavetrax-cable-management-system/>
    <datalinxs-rack-mount-fiber-optic-enclosures/>
    <e-series-fiber-optic-distribution-system/>
    <prisma-fiber-slack-storage-tray/>
    <multi-stream-cablecard-software-os-4-0-1/>
    <multi-stream-cablecard-software-os-1-5-2/>
    <powertv-operating-system-software-development-kit-s25-1-0/>
    <powertv-operating-system-software-development-kit-s25-2-0/>
    <powertv-operating-system-software-development-kit-s25-3-0/>
    <sd-digital-transport-adapter-dta-software/>
    <hd-digital-transport-adapter-hda-software/>
    <axiom-oht-1-6-4-ocap-middleware/>
    <axiom-oht-1-6-5-ocap-middleware/>
    <axiom-oht-1-6-6-ocap-middleware/>
    <axiom-oht-1-6-8-ocap-middleware/>
    <axiom-oht-1-6-9-ocap-middleware/>
    <axiom-oht-1-7-ocap-middleware/>
    <axiom-oht-2-0-ocap-middleware/>
    <axiom-oht-3-0-ocap-middleware/>
    <axiom-oht-3-1-ocap-middleware/>
    <axiom-oht-4-0-ocap-middleware/>
    <axiom-oht-5-0-ocap-middleware/>
    <axiom-oht-1-7-5-ocap-software/>
    <axiom-ac-2-0-ocap-middleware/>
    <axiom-ac-3-0-ocap-software/>
    <ubr7223-universal-broadband-router/>
    <ubr7246-universal-broadband-router/>
    <ubr7246vxr-universal-broadband-router/>
    <ubr10012-universal-broadband-router/>
    <ubr7100-universal-broadband-router/>
    <ubr7114-universal-broadband-router/>
    <ubr7114e-universal-broadband-router/>
    <ubr7111-universal-broadband-router/>
    <ubr7111e-universal-broadband-router/>
    <ubr-3x10-rf-switch/>
    <ubr-advanced-rf-switch/>
    <ubr7225vxr-universal-broadband-router/>
    <prisma-ip-hd-sd-sdi-video-transport-cards/>
    <prisma-ip-edfa/>
    <prisma-ip-optical-switch-card/>
    <prisma-ip-ds3-m13-tdm-i-o-card/>
    <prisma-ip-e-series-e500-metro-optical-access-platform/>
    <prisma-ip-e100-series-packet-ring-access-platform/>
    <prisma-ip-rpr-over-sonet-sdh-ring-interface-card/>
    <prisma-ip-10-gbe-vod-line-card/>
    <prisma-ip-express-optical-transport-cards-serial-digital-video-smpte-259-c/>
    <prisma-ip-point-to-point-vod-delivery-system-micro-node-chassis/>
    <prisma-ip-subtending-ring-card-set-multi-ring-flexibility-resilient-packet-ring-metro-networks/>
    <prisma-ip-point-to-point-gigabit-ethernet-mpeg-2-asi-c-transport-cards/>
    <prisma-ip-48-v-dc-rectifier-system/>
    <prisma-ip-wavelength-selected-rpt-ring-interface-cards-itu-dwdm-cwdm-optical-networks/>
    <prisma-ip-optical-transport-eight-channel-dvb-asi-encoder-decoder-cardsets/>
    <prisma-ip-optical-transport-four-cahnnel-intermediate-frequency-if-encoder-decoder-cardsets/>
    <prisma-ip-element-management-system/>
    <prisma-ip-c-series-metro-optical-access-platform-customer-premise/>
    <prisma-ip-m-series-metro-optical-access-platform/>
    <prisma-ip-gigabit-ethernet-line-card-optical-interface-ethernet-services/>
    <prisma-ip-ethernet-10-100-line-card-metro-optical-access-interface-ethernet-services/>
    <prisma-ip-t1-e1-tdm-line-card-packet-transport-legacy-private-line-services/>
    <prisma-ip-ds3-tdm-line-card-packet-transport-legacy-private-line-services/>
    <prisma-dt-digital-transport-system/>
    <prisma-dt-models-2512-2521-high-speed-optical-interfaces/>
    <prisma-dt-model-2531-ethernet-switch-unit/>
    <prisma-dt-model-2532-7-port-dsi-interface/>
    <prisma-dt-model-2533-triple-ds-3-interface-module/>
    <prisma-dt-model-2534-oc-3-stm-1-interface-module/>
    <prisma-dt-model-2540-oc-3-stm-1-service-adapter/>
    <cable-modem-digital-voice-model-dpc3208-epc3208/>
    <cable-modem-digital-voice-model-dpc3212-epc3212/>
    <cable-modem-digital-voice-model-dpq3212/>
    <cable-modem-digital-voice-model-epc3202/>
    <cable-modem-digital-voice-model-dpc3208g-epc3208g/>
    <model-dpc2434-wireless-home-gateway-americas/>
    <model-dpr2320-cable-modem-gateway-americas/>
    <residential-gateway-model-dpc3827/>
    <residential-gateway-model-dpc2325-epc2325/>
    <residential-gateway-model-dpr2320-epr2320/>
    <residential-gateway-model-dpc3825-epc3825/>
    <residential-gateway-model-dpr2325-epr2325/>
    <residential-gateway-model-dpc2320-epc2320/>
    <residential-gateway-model-dpc2325r2-epc2325r2/>
    <residential-gateway-model-dpc3828-epc3828/>
    <model-dpw900-wireless-lan-adapter-pc-card-americas/>
    <model-dpw939-wireless-network-adapter-americas/>
    <model-dpw941-ethernet-wireless-lan-adapter-americas/>
    <model-dpw939-wireless-network-adapter-international/>
    <model-epc2434-dpc2434-wireless-home-gateway-international/>
    <residential-gateway-model-dpc3925/>
    <residential-gateway-digital-voice-model-dpq3925/>
    <residential-gateway-digital-voice-model-dpc2420/>
    <residential-gateway-digital-voice-model-dpc2425/>
    <residential-gateway-digital-voice-model-dpq2425/>
    <residential-gateway-digital-voice-model-dpc3925-epc3925/>
    <residential-gateway-digital-voice-model-dpc2420-epc2420/>
    <residential-gateway-digital-voice-model-dpc2425-epc2425/>
    <residential-gateway-model-dpc2434-epc2434/>
    <residential-gateway-digital-voice-model-dpc2420r2-epc2420r2/>
    <residential-gateway-digital-voice-model-dpc2425r2-epc2425r2/>
    <residential-gateway-digital-voice-model-dpc3928-epc3928/>
    <model-8710x-home-communications-terminal/>
    <accessories-8600x-home-communications-terminals/>
    <model-8610-addressable-home-terminal-on-screen-display/>
    <model-8650-eo-remote-control-unit/>
    <accessories-addressable-home-terminals/>
    <model-8511-set-top-terminal/>
    <model-8633-pal-b-g-addressable-home-terminal-on-screen-display/>
    <rf-bypass-model-8633-pal-b-g-international-home-terminals/>
    <_x0038_634-pal-d1-addressable-set-top-terminal-on-screen-display/>
    <model-8616-addressable-home-terminal-on-screen-display/>
    <videoscape-voyager-vantage-3-0/>
    <videoscape-voyager-vantage-4-0/>
    <videoscape-voyager-vantage-software-development-kit-sdk/>
    <videoscape-voyager-vantage-3-1/>
    <videoscape-voyager-vantage-3-2/>
    <videoscape-voyager-vantage-3-3/>
    <videoscape-voyager-vantage-4-1/>
    <explorer-set-top-software-version-2-1/>
    <explorer-set-top-software-version-2-2/>
    <explorer-open-media-security-software-1-0/>
    <explorer-set-top-software-version-2-3/>
    <explorer-dvr-set-top-software-version-1-8/>
    <explorer-dvr-set-top-software-version-1-9/>
    <explorer-dvr-set-top-software-version-1-10/>
    <verizon-client-software-vcs-1-0/>
    <verizon-client-software-vcs-1-2/>
    <verizon-client-software-vcs-1-3/>
    <dual-conditional-access-kernel-5-4/>
    <digital-transport-adapter-30-sd/>
    <digital-transport-adapter-50-sd/>
    <digital-transport-adapter-150-hd/>
    <digital-transport-adapter-130-hd/>
    <digital-transport-adapter-170-hd/>
    <videoscape-multiscreen-video-gateway-9845hd-hdc/>
    <videoscape-multiscreen-video-gateway-9865hd-hdc/>
    <rng-200-digital-cable-set-top/>
    <rng-200n-digital-cable-set-top/>
    <rng-150-digital-cable-set-top/>
    <rng-150n-digital-cable-set-top/>
    <rng-100-digital-cable-set-top/>
    <at8560-alltouch-universal-remote-control/>
    <at8400-universal-remote-control/>
    <model-er1-3-function-remote-control/>
    <deluxe-model-at2000-all-touch-universal-remote-control/>
    <model-at8430-alltouch-universal-remote-control/>
    <at8450-universal-remote-control/>
    <model-at8420-alltouch-universal-remote-control/>
    <model-at2400-alltouch-universal-remote-control/>
    <model-at8550-alltouch-universal-remote-control/>
    <model-at2300-3-function-remote-control/>
    <model-kb4200-ir-keyboard/>
    <ir-blaster-vcr-commander-service/>
    <high-definition-multimedia-interface-hdmi-cable/>
    <dvi-to-hdmi-cable/>
    <explorer-2000-3000-set-top-vcr-commander-module/>
    <rf-bypass-module/>
    <ir-extender/>
    <passive-splitter-isolation-module/>
    <passive-isolation-module/>
    <multi-stream-cablecard-module/>
    <powerkey-cablecard-module/>
    <powerkey-cablecard-module-800/>
    <powerkey-cablecard-module-801/>
    <powerkey-cablecard-module-802/>
    <powerkey-cablecard-module-803/>
    <powerkey-cablecard-module-805/>
    <cva122-cable-voice-adapter/>
    <cva122e-cable-voice-adapter/>
    <ubr904-cable-access-router/>
    <ubr905-cable-access-router/>
    <ubr910-cable-data-service-unit/>
    <ubr914-cable-data-service-unit/>
    <ubr924-cable-access-router/>
    <ubr925-cable-access-router/>
    <model-dcp2100-cable-modem-americas/>
    <model-dpc2505-channel-bonded-cable-modem-americas/>
    <model-epc2100-dcp2100-cable-modem-international/>
    <model-epc2505-dpc2505-channel-bonded-cable-international/>
    <cable-modem-model-dpc3008-epc3008/>
    <cable-modem-model-dpc3000-epc3000/>
    <cable-modem-model-dpc3010-epc3010/>
    <cable-modem-model-dpc2100-epc2100/>
    <cable-modem-model-dpx2100-epx2100/>
    <cable-modem-model-dpq2160-epq2160/>
    <cable-modem-model-dpc2505-epc2505/>
    <dpx2203-cable-modem-embedded-mta-americas/>
    <cable-modem-digital-voice-model-dpq2202/>
    <cable-modem-digital-voice-model-dpx2213-epx2213/>
    <cable-modem-digital-voice-model-dpx2203-epx2203/>
    <cable-modem-digital-voice-model-dpc2203-epc2203/>
    <cable-modem-digital-voice-model-dpc2202-epc2202/>
    <cable-modem-digital-voice-model-dpc2607-epc2607/>
    <explorer-8300c-8300hdc-dvr-m-card-interface/>
    <explorer-8300-series-digital-video-recorders/>
    <explorer-8240c-8240hdc-digital-only-dvr/>
    <explorer-8240-digital-only-dvr-standard-hd-multi-room-capabilities/>
    <explorer-8000hd-home-entertainment-server/>
    <explorer-8000-home-entertainment-server/>
    <explorer-8600hdc-high-definition-dvr-set-top-box/>
    <explorer-8600hd-high-definition-dvr-set-top-box/>
    <explorer-8700hdc-high-definition-dvr-set-top-box/>
    <explorer-4250c-4250hdc-digital-interactive-set-top-multi-stream-cablecard-interface/>
    <explorer-4250hd-home-gateway/>
    <explorer-4250-home-gateway/>
    <explorer-4240c-4240hdc-digital-only-interactive-set-top-multi-stream-cablecard-interface/>
    <explorer-4200hd-home-gateway/>
    <explorer-4200-home-gateway/>
    <explorer-4645hdj-hd-digital-interactive-set-top-box/>
    <explorer-4600hdc-hd-digital-interactive-set-top-box/>
    <explorer-4600hd-hd-digital-interactive-set-top-box/>
    <explorer-4700hdc-hd-digital-interactive-set-top-box/>
    <explorer-3340-digital-interactive-set-top/>
    <explorer-3240hd-digital-only-set-top/>
    <explorer-3250hd-high-definition-interactive-set-top/>
    <explorer-3250-digital-interactive-set-top/>
    <explorer-3200-digital-interactive-set-top/>
    <explorer-3100hd-high-definition-dhct/>
    <explorer-3100-digital-home-communications-terminal/>
    <explorer-2200-digital-interactive-set-top/>
    <explorer-2100-digital-home-communications-terminal/>
    <explorer-1850-digital-interactive-set-top/>
    <explorer-1840-digital-only-interactive-set-top/>
    <explorer-1800-digital-only-interactive-set-top/>
    <explorer-1540c-digital-only-interactive-set-top-box/>
    <explorer-1600hdc-hd-digital-interactive-set-top-box/>
    <explorer-1700hdc-hd-digital-interactive-set-top-box/>
    <explorer-940-compact-digital-only-interactive-set-top/>
    <explorer-z60dvb-digital-broadcast-set-top/>
    <explorer-z70dvb-digital-broadcast-set-top/>
    <explorer-8450dvb-hd-set-top-ip-media-server/>
    <explorer-8300dvb-set-top-modem/>
    <explorer-4000dvb-digital-home-communications-terminal/>
    <videoscape-media-suite-epg/>
    <videoscape-mediasuite-cms/>
    <videoscape-mediasuite-entitlement/>
    <videoscape-mediasuite-publisher/>
    <videoscape-mediasuite-streaming-player/>
    <videoguard-smart-card/>
    <videoguard-server/>
    <videoguard-drm/>
    <dcm-anyres/>
    <videoscape-anyres-live/>
    <videoscape-anyres-vod/>
    <videoscape-audience-measurement/>
    <videoscape-addressable-tv-advertising/>
    <videoscape-multiscreen-advertising/>
    <videoscape-anyres-packager/>
    <mediahighway/>
    <videoscape-openrg/>
    <videoscape-service-application-framework/>
    <videoscape-unified-gateway-software/>
    <videoscape-snowflake/>
    <videoscape-design-studio-service/>
    <anyres-vod-server/>
    <anyres-vod-client/>
    <anyres-vod-encode-node/>
    <anyres-vod-post-encode-node/>
    <anyres-vod-analysis-node/>
    <videoscape-tv-addressable-advertising/>
    <digital-media-suite/>
    <enterprise-content-delivery-system-ecds/>
    <media-transformation/>
    <operations-support-systems-applications/>
    <eos-eol-policy/>
    <optostar-ii-platform/>
    <optostar-ii-receiver/>
    <optostar-ii-forward-transmitters/>
    <videoscape-open-ux-snowflake/>
    <edge-340-digital-media-player/>
    <multimedia-line-equalizer-reverse-conditioner-1-ghz-65-86-split/>
    <multimedia-line-equalizer-reverse-conditioner-1-ghz-85-105-split/>
    <networking_solutions_products_genericcontent0900aecd806ef69e/>
    <prosumer-video/>
    <model-dpc3939-wireless-residential-gateway-digital-voice/>
    <gainmaker-low-gain-dual-system-amplifier-1-ghz-40-52-mhz-split/>
    <gainmaker-unbalanced-triple-system-amplifier-1-ghz-40-52-mhz-split/>
    <gainmaker-high-gain-balanced-triple-amplifier-1-ghz-42-54-mhz-split/>
    <gainmaker-reverse-segmentable-node-1-ghz-40-52-mhz-split/>
    <edge-300-digital-media-player/>
    <coaxial-media-converter/>
    <_x0031_6x4-coaxial-media-converter/>
    <prisma-dt/>
    <prisma-iwdm-passives/>
    <epc3940-wireless-residential-gateway-digital-voice/>
    <dpc3829-wireless-residential-gateway/>
    <dpc3929-wireless-residential-gateway-digital-voice/>
    <extended-care/>
    <videoscape-headend-solutions/>
    <_x0039_800-series-set-tops/>
    <ven-series/>
    <ven501/>
    <itv7900-series-set-tops/>
    <explorer-4600-series-set-tops/>
    <explorer-8600-series-set-tops/>
    <connected-life-gateways/>
    <cbr-series-converged-broadband-routers/>
    <dpc3941-wireless-residential-gateway-digital-voice/>
    <cbr-8-converged-broadband-router/>
    <cloud-object-storage/>
    <anyres-live-9400/>
    <anyres-live-9500/>
    <anyres-live-8400/>
    <anyres-live-6400/>
    <anyres-5300he/>
    <dpc3848-wireless-residential-gateway/>
    <dpc3216-cable-modem-digital-voice/>
    <patient-connect/>
    <extended-care-1-1/>
    <interactive-experience-client-4650/>
    <patient-connect-1-2/>
    <patient-connect-1-3/>
    <compact-broadband-amplifier-cba1202/>
    <compact-broadband-node-cbn1224/>
    <open-media-distribution/>
    <index/>
    <product-listing/>
    <virtual-digital-content-manager/>
    <solution-listing/>
    <featured-products/>
    <benefit/>
    <technology/>
    <patient-connect-1-4/>
    <service-listing/>
</jcr:root>
