<?xml version="1.0" encoding="UTF-8"?>
<jcr:root xmlns:sling="http://sling.apache.org/jcr/sling/1.0" xmlns:cq="http://www.day.com/jcr/cq/1.0" xmlns:jcr="http://www.jcp.org/jcr/1.0"
    cq:lastReplicated="{Date}2014-11-15T10:47:06.447-08:00"
    cq:lastReplicatedBy="wempublishadm.gen"
    cq:lastReplicationAction="Activate"
    jcr:mixinTypes="[cq:ReplicationStatus]"
    jcr:primaryType="cq:Tag"
    jcr:title="Design Zone for Data Centers"
    sling:resourceType="cq/tagging/components/tag"
    autoPageCreation="true"
    category="Networking Solutions"
    conceptId="1429547"
    externalLaunchDate="2007-03-09 00:00:00 PST"
    folderPath="content/en/us/solutions/enterprise/design-zone-data-centers"
    lastModifiedDate="2013-06-09 10:52:20 PST"
    lifeCycle="active"
    mdfId="281047892"
    metaClass="Solution Class"
    name="Design Zone for Data Centers">
    <Data_x0020_Center_x0020_Designs_x0025_3A_x0020_Storage_x0020_Network/>
    <Data_x0020_Center_x0020_Designs_x0025_3A_x0020_Server_x0020_Networking/>
    <Data_x0020_Center_x0020_Designs_x0025_3A_x0020_Cloud_x0020_Computing/>
    <Design_x0020_Zone_x0020_for_x0020_Unified_x0020_Computing/>
    <Data_x0020_Center_x0020_Designs_x0025_3A_x0020_Data_x0020_Center_x0020_Networking/>
    <Data_x0020_Center_x0020_Designs_x0025_3A_x0020_Virtualization/>
    <Data_x0020_Center_x0020_Designs_x0025_3A_x0020_Service_x0020_Providers/>
    <Data_x0020_Center_x0020_Assurance_x0020_Program/>
    <Data_x0020_Center_x0020_Designs_x0025_3A_x0020_Data_x0020_Center_x0020_Security/>
    <Data_x0020_Center_x0020_Designs_x0025_3A_x0020_Applications/>
    <Data_x0020_Center_x0020_Designs_x0025_3A_x0020_Converged_x0020_Infrastructure/>
</jcr:root>
