<?xml version="1.0" encoding="UTF-8"?>
<jcr:root xmlns:sling="http://sling.apache.org/jcr/sling/1.0" xmlns:cq="http://www.day.com/jcr/cq/1.0" xmlns:jcr="http://www.jcp.org/jcr/1.0"
    cq:lastReplicated="{Date}2014-11-15T10:36:03.769-08:00"
    cq:lastReplicatedBy="wempublishadm.gen"
    cq:lastReplicationAction="Activate"
    jcr:mixinTypes="[cq:ReplicationStatus]"
    jcr:primaryType="cq:Tag"
    jcr:title="Solutions"
    sling:resourceType="cq/tagging/components/tag"
    category="Networking Solutions"
    conceptHasHub="TBD"
    conceptId="1427870"
    externalLaunchDate="1969-12-31 00:00:00 PST"
    lastModifiedDate="2013-06-09 10:51:14 PST"
    lifeCycle="active"
    mdfId="268439901"
    metaClass="Solution Root"
    name="Networking Solutions">
    <Data_x0020_Center_x0020_and_x0020_Virtualization/>
    <Service_x0020_Programs/>
    <The_x0020_Intelligent_x0020_Information_x0020_Network/>
    <Places_x0020_in_x0020_the_x0020_Network/>
    <Data_x0020_Center_x0020_Solution/>
    <Cisco_x0020_Networking_x0020_Architectures/>
    <Industry_x0020_Solutions/>
    <Enterprise/>
    <Executive_x0020_Perspectives/>
    <Business_x0020_Video/>
    <Service_x0020_Provider/>
    <Collaboration/>
    <Small_x0020_Business/>
    <Consumer/>
    <Networking_x0020_Solutions_x0020_Categories/>
    <Solutions/>
    <Enterprise_x0020_Networks/>
    <TBD/>
</jcr:root>
