<?xml version="1.0" encoding="UTF-8"?>
<jcr:root xmlns:sling="http://sling.apache.org/jcr/sling/1.0" xmlns:cq="http://www.day.com/jcr/cq/1.0" xmlns:jcr="http://www.jcp.org/jcr/1.0"
    cq:lastReplicated="{Date}2014-11-15T08:40:47.307-08:00"
    cq:lastReplicatedBy="wempublishadm.gen"
    cq:lastReplicationAction="Activate"
    jcr:mixinTypes="[cq:ReplicationStatus]"
    jcr:primaryType="cq:Tag"
    jcr:title="Grow Your Business"
    sling:resourceType="cq/tagging/components/tag"
    acronymn="[SMB]"
    autoPageCreation="true"
    category="Networking Solutions"
    conceptId="1428075"
    externalLaunchDate="2003-07-10 00:00:00 PST"
    folderPath="content/en/us/solutions/enterprise/grow-your-business"
    lastModifiedDate="2013-06-09 10:51:22 PST"
    lifeCycle="active"
    mdfId="278416736"
    metaClass="Solution Technology Segment"
    name="Grow Your Business"
    synonym="[Small/Medium-sized Businesses,Small &amp; Medium Business,medium business,small and medium business,small business,SMB]">
    <Events_x0020_and_x0020_Seminars_x0020_for_x0020_Small_x0020__x0026__x0020_Medium_x0020_Business/>
    <Financing_x0020_and_x0020_Promotions/>
    <Business_x0020_Strategy/>
    <Integrated_x0020_Technologies/>
    <Products_x0020_and_x0020_Support/>
    <Learning_x0020_Resources/>
    <Programs/>
    <Starting_x0020_with_x0020_the_x0020_Right_x0020_Basics/>
    <Expand_x0020_Your_x0020_Network/>
    <Cisco_x0020_Certified_x0020_Partners_x002c__x0020_Service_x0020_Providers_x0020_and_x0020_Strategic_x0020_Partners/>
</jcr:root>
