<?xml version="1.0" encoding="UTF-8"?>
<jcr:root xmlns:cq="http://www.day.com/jcr/cq/1.0" xmlns:jcr="http://www.jcp.org/jcr/1.0"
    jcr:primaryType="cq:Page">
    <jcr:content/>
    <partner-announcement/>
    <composable-infrastructure/>
    <test2/>
    <test1/>
    <webcasts/>
    <kl-gates/>
    <ucs-certified-sap-on-linux/>
    <broad-institute/>
    <ucs-integrated-infrastructure/>
    <microsoft-windows-server-2003-migration-on-cisco-ucs/>
    <dc-partner-f5-networks/>
    <dc-partner-f5/>
    <index/>
    <storage-area-network-solutions/>
    <data-center-virtualization/>
    <unified-fabric/>
    <unified-computing/>
    <data-center-technologies/>
    <data-center-partners/>
    <data-center-tools-resources/>
    <unified-network-services-uns/>
    <integrated-systems/>
    <data-center-applications/>
    <unified-management/>
    <cloud-infrastructure/>
    <consolidation-virtualization/>
    <desktop-virtualization/>
    <ucs-smartplays-solution-paks/>
    <storage-networking-solution/>
    <san-consolidation-solution/>
    <data-disaster-recovery-business-continuance/>
    <advanced-san-security/>
    <simplified-san-management/>
    <intelligent-fabric-applications/>
    <cloud-computing/>
    <high-performance-computing/>
    <ieee-802-1-data-center-bridging/>
    <fibre-channel-over-ethernet-fcoe/>
    <fabric-extender-technology-fex-technology/>
    <fabricpath/>
    <nexus-7000-series-switches-lisp/>
    <overlay-transport-virtualization-otv/>
    <iscsi/>
    <fibre-channel/>
    <programmable-infrastructure/>
    <unified-model-based-management/>
    <data-center-networking/>
    <application-networking-solutions/>
    <business-continuance-networking/>
    <data-center-switching/>
    <storage-area-networks/>
    <dc-partner-vmware/>
    <dc-partner-emc/>
    <dc-partner-microsoft/>
    <dc-partner-oracle/>
    <dc-partner-bmc/>
    <dc-partner-netapp/>
    <dc-partner-panduit/>
    <dc-partner-accenture/>
    <dc-partner-intel/>
    <dc-partner-novell/>
    <dc-partner-red-hat/>
    <dc-partner-sap/>
    <dc-partner-ibm/>
    <dc-partner-data-domain/>
    <dc-partner-isilon/>
    <dc-partner-netqos/>
    <dc-partner-apc/>
    <dc-partner-citrix/>
    <dc-partner-wyse/>
    <dc-partner-ca-technologies/>
    <data-center-multimedia-library/>
    <storage-enterprise-assurance-lab/>
    <containerized-data-center/>
    <flexpod/>
    <vblock-systems/>
    <solutions-hitachi-ucp-select/>
    <solutions-vspex/>
    <expresspod/>
    <microsoft-applications-on-cisco-ucs/>
    <oracle-applications-on-cisco-ucs/>
    <sap-applications-on-cisco-ucs/>
    <big-data/>
    <private-cloud/>
    <risc-unix-migration/>
    <server-virtualization/>
    <data-center-convergence/>
    <desktop-virtualization-solutions/>
    <san-migration/>
    <storage-virtualization/>
    <santap/>
    <nasb/>
    <hpc-industry-solutions/>
    <adapter-fabric-extender-adapter-fex/>
    <data-center-virtual-machine-fabric-extender-vm-fex/>
    <data-center-interconnect/>
    <_x0031_0-gigabit-ethernet-technologies/>
    <data-mobility/>
    <san-security/>
    <business-continuance-disaster-recovery/>
    <san-consolidation/>
    <storage-san-virtualization/>
    <ethernet-storage-networking/>
    <data-center-podcasts/>
    <data-center-video-data-sheets/>
    <data-center-demos/>
    <data-center-videos-webcasts/>
    <flexpod-sap/>
    <vblock-solutions-sap/>
    <bridge-to-sap-hana-appliance/>
    <enterprise-resource-planning/>
    <high-performance-analytic-appliance/>
    <greenplum-mr-on-cisco-ucs/>
    <cloud-management/>
    <cloud-ready-networks/>
    <server-virtualization-microsoft/>
    <server-virtualization-red-hat/>
    <server-virtualization-vmware/>
    <server-virtualization-citrix/>
    <desktop-virtualization-solutions-citrix-xendesktop/>
    <desktop-virtualization-solutions-vmware-horizon-view/>
    <data-center-interconnect-using-catalyst-6500-switches/>
    <intelligent-automation-cloud/>
    <cloud-management-bmc/>
    <benefit/>
    <ecosystem/>
    <partner/>
    <partner-sales-and-marketing/>
    <partner-training-and-specialization/>
    <product-listing/>
    <service-listing/>
    <solution-listing/>
    <architecture/>
    <desktop-as-a-service-solution/>
    <unifiedcomputing_promo/>
    <dc_cStudies/>
    <eco_vmware/>
    <case_study_ingborderles/>
    <ips_video_external_case_study_fnl_11_08_12/>
    <cs_tatts/>
    <dc_case_studies/>
    <data_center_video_data_sheets/>
    <eco_accenture/>
    <nexus_family_generic_page/>
    <data_center_value_zone/>
    <eco_bmc/>
    <eco_partner_intro/>
    <case_study_ciscooncisco/>
    <eco_novell/>
    <eco_redhat/>
    <eco_intel/>
    <networking_solutions_products_genericcontent0900aecd806e269a/>
    <cs_acs/>
    <ing_australia/>
    <gts_central_europe/>
    <eco_netapp/>
    <eco_microsoft/>
    <eco_emc/>
    <cs_ucs_nttdata/>
    <cs_logicalis/>
    <eot_tech_world_rpt/>
    <eco_oracle/>
    <dc_library/>
    <customer_conversation_series/>
    <seal_program/>
    <networking_solutions_products_genericcontent0900aecd806e2716/>
    <networking_solutions_products_genericcontent0900aecd806e26ff/>
    <networking_solutions_products_genericcontent0900aecd806e26e3/>
    <networking_solutions_products_genericcontent0900aecd806f53aa/>
    <networking_solutions_products_genericcontent0900aecd806e26c4/>
    <networking_solutions_products_generic_dc_arch_seminar/>
    <networking_solutions_products_generic_future_of_ethernet_vid_seminar/>
    <networking_solutions_products_generic_dc_cons_dm_seminar/>
    <networking_solutions_products_generic_dc_networking/>
    <sinopec/>
    <unified_datacenter_webcast/>
    <cs_savvis/>
    <networking_solutions_products_genericcontent0900aecd8071177e/>
    <networking_solutions_products_genericcontent0900aecd806fd64f/>
    <networking_solutions_products_generic_cat_6500_seminar/>
    <networking_solutions_products_genericcontent0900aecd80525e07/>
    <nttd_cs/>
    <ucs-solution-paks/>
    <cisco_enecom1024/>
    <case_study_c36_647446/>
    <net_implementation_white_paper0900aecd805fbdfd/>
    <application-centric-infrastructure/>
    <ucs-solution-paks-desktop-virtualization/>
    <ucs-solution-paks-big-data/>
    <dc-partner-suse/>
    <desktop-virtualization-on-premises/>
    <desktop-as-a-service-cloud-based/>
    <analyst_reports/>
    <remote-integrated-services-engine/>
    <wood_group/>
    <mds-9000-ficon-solutions/>
    <skyscape/>
    <puppet-enterprise-on-cisco-solutions/>
    <versastack-solution-cisco-ibm/>
    <electricity-authority-cyprus/>
    <smartstack-solution/>
    <openstack-at-cisco/>
    <dc-partner-a10/>
    <one-enterprise-suite/>
    <dc-partner-radware/>
    <tapjoy/>
    <ooyala/>
    <virtual-topology-system/>
    <intelligent-traffic-director/>
    <foundation-smart-solutions/>
</jcr:root>
