<?xml version="1.0" encoding="UTF-8"?>
<jcr:root xmlns:cq="http://www.day.com/jcr/cq/1.0" xmlns:jcr="http://www.jcp.org/jcr/1.0" xmlns:rep="internal"
    jcr:mixinTypes="[rep:AccessControllable]"
    jcr:primaryType="cq:Page">
    <jcr:content/>
    <index-old/>
    <product-listing-old/>
    <service-listing-old/>
    <comparison/>
    <purchase-considerations/>
    <customer-case-study/>
    <additional-resources/>
    <buyers-guide/>
    <benefit-old/>
    <partner-old/>
    <partner-sales-and-marketing-old/>
    <partner-training-and-specialization-old/>
    <technology-old/>
    <mds-9000-series-multilayer-switches/>
    <mds-9100-series-multilayer-fabric-switches/>
    <mds-9200-series-multiservice-switches/>
    <mds-9500-series-multilayer-directors/>
    <mds-9000-port-analyzer-adapters/>
    <mds-9000-nx-os-san-os-software/>
    <mds-9000-intelligent-fabric-applications/>
    <mds-9000-software-licensing/>
    <mds-9000-san-management/>
    <mds-9000-fabricware-software/>
    <mds-9020-series-fabric-switch/>
    <mds-blade-switch-series/>
    <mds-9000-previous-releases-prior-to-3-3-1c/>
    <mds-9000-services-oriented-sans/>
    <mds-9000-utilities/>
    <mds-9700-series-multilayer-directors/>
    <sn-5400-series-storage-routers/>
    <fs-5500-series-integrated-nas/>
    <fs-5700-series-integrated-nas/>
    <small-business-continuous-data-protection/>
    <small-business-network-storage-systems/>
    <small-business-nss300-series-smart-storage/>
    <mds-9000-san-os-software-release-2-x/>
    <mds-9000-san-os-software-release-1-3/>
    <mds-9000-san-os-software-release-1-2/>
    <mds-9000-san-os-software-release-1-1/>
    <mds-9000-san-os-software-release-1-0/>
    <mds-9000-san-os-software-release-2-1/>
    <mds-9000-san-os-software-release-3-x/>
    <mds-9000-san-os-software-release-3-1/>
    <mds-9000-san-os-software-release-3-2/>
    <mds-9000-san-os-software-release-3-3/>
    <mds-9000-san-os-software-release-3-4/>
    <mds-9000-nx-os-software-release-4-1/>
    <mds-9000-nx-os-software-release-4-2/>
    <mds-9000-nx-os-software-release-5-0/>
    <mds-9000-nx-os-software-release-5-2/>
    <mds-9000-nx-os-software-release-6-2/>
    <storage-media-encryption/>
    <mds-9000-xrc-acceleration/>
    <mds-9000-fabricware-software-release-2-1/>
    <mds-9000-fabricware-software-release-3-0/>
    <mds-9020-fabric-switch/>
    <mds-ibm-blade-switch/>
    <mds-9124e-4g-fc-hp-blade-switch/>
    <mds-8g-fc-hp-blade-switch/>
    <data-mobility-manager/>
    <mds-9000-i-o-accelerator/>
    <mds-9000-santap/>
    <mds-9000-secure-erase/>
    <mds-9710-multilayer-director/>
    <sn-5420-storage-router/>
    <sn-5428-storage-router/>
    <sn-5428-2-storage-router/>
    <lbacdp-continuous-data-protection-files/>
    <nss2000-2-bay-gigabit-storage-system-chassis/>
    <nss2050-2-bay-gigabit-storage-system-500gb-raid/>
    <nss6000-4-bay-advanced-gigabit-storage-system-chassis/>
    <nss6100-4-bay-advanced-gigabit-storage-system-1-0tb-raid/>
    <nss4000-4-bay-gigabit-storage-system-chassis/>
    <nss4100-4-bay-gigabit-storage-system-1-0tb-raid/>
    <hdt-network-storage-hard-drive-trays/>
    <nss3000-4-bay-gigabit-storage-system-chassis/>
    <nss3100-4-bay-gigabit-storage-system-1-0tb-raid/>
    <efg120-etherfast-network-attached-storage-v-1-0/>
    <efg120-etherfast-network-attached-storage-v-2-0/>
    <efg250-etherfast-network-attached-storage-v-2-0/>
    <nss322-2-bay-smart-storage/>
    <nss324-4-bay-smart-storage/>
    <nss326-6-bay-smart-storage/>
    <smart-storage-hard-drive-trays/>
    <hdt-021-hard-drive-tray-1tb-drive/>
    <hdt-022-hard-drive-tray-2tb-drive/>
    <nss030-smart-storage-external-power-adapter/>
    <nss034-smart-storage-redundant-power-adapter/>
    <nss324r-4-bay-rackmount-smart-storage/>
    <mds-9100-multilayer-fabric-switch/>
    <mds-9120-20-port-multilayer-fabric-switch/>
    <mds-9140-40-port-multilayer-fabric-switch/>
    <mds-9124-multilayer-fabric-switch/>
    <mds-9134-multilayer-fabric-switch/>
    <mds-9148-multilayer-fabric-switch/>
    <mds-9216-9216a-multilayer-fabric-switch/>
    <mds-9216a-multilayer-fabric-switch/>
    <mds-9216i-multilayer-fabric-switch/>
    <mds-9222i-multiservice-modular-switch/>
    <mds-9250i-multiservice-fabric-switch/>
    <mds-9509-multilayer-director/>
    <mds-9506-multilayer-director/>
    <mds-9513-multilayer-director/>
    <mds-9000-port-analyzer-adapter/>
    <mds-port-analyzer-adapter-2/>
    <eos-eol-policy/>
    <eos-eol-listing/>
    <why_choose_mds9000/>
    <business_continuance/>
    <ficon_tech/>
    <article_local_switching/>
    <mds-9148s-16g-multilayer-fabric-switch/>
    <mds-9706-multilayer-director/>
    <mds-cloud-integration/>
    <mds-9300-series-multilayer-fabric-switches/>
    <mds-9396s-16g-multilayer-fabric-switch/>
    <mds-9718-multilayer-director/>
    <index/>
    <product-listing/>
    <service-listing/>
    <solution-listing/>
    <benefit/>
    <technology/>
    <partner/>
    <partner-sales-and-marketing/>
    <partner-training-and-specialization/>
    <solution-listing-old/>
    <mds-9000-nx-os-software-release-7-3/>
    <rep:policy/>
</jcr:root>
