<?xml version="1.0" encoding="UTF-8"?>
<jcr:root xmlns:sling="http://sling.apache.org/jcr/sling/1.0" xmlns:cq="http://www.day.com/jcr/cq/1.0" xmlns:jcr="http://www.jcp.org/jcr/1.0"
    cq:lastReplicated="{Date}2014-11-15T10:36:29.371-08:00"
    cq:lastReplicatedBy="wempublishadm.gen"
    cq:lastReplicationAction="Activate"
    jcr:mixinTypes="[cq:ReplicationStatus]"
    jcr:primaryType="cq:Tag"
    jcr:title="Network Management Systems for Enterprise"
    sling:resourceType="cq/tagging/components/tag"
    autoPageCreation="true"
    category="Networking Solutions"
    conceptId="1428323"
    externalLaunchDate="1969-12-31 00:00:00 PST"
    folderPath="content/en/us/solutions/enterprise/network-management-systems-enterprise"
    lastModifiedDate="2013-06-09 10:51:31 PST"
    lifeCycle="active"
    mdfId="275618358"
    metaClass="Solution Class"
    name="Network Management Systems for Enterprise"
    netsolHasNetsol="[1428007,1428847,1428717,1428013,1428329,1428847,1428717,1428837,1428733,1427953]"
    netsolHasService="[1442704,1432916,1442710,1432920]"
    prodHasNetsol="[1448002,1455416,1447068,1441278,1447256,1447202,1447158,1441276,1447434,1447162,1449338,1447160,1441620,1441268,1447260,1455972,1447058,1441656,1447512,1441666,1447204,1447262,1447436,1446890]"
    synonym="[Network Management Solutions for Large Enterprise,Network Management Solutions,Network Management Systems for Large Enterprise]">
    <Embedded_x0020_Device_x0020_Management_x0020_Solution/>
    <Optical_x0020_Network_x0020_Management_x0020_Solution/>
    <Managing_x0020_the_x0020_Enterprise_x0020_Branch_x0020_Architecture/>
    <Wireless_x0020_Management_x0020_Solution/>
    <Systems_x0020_Testing_x0020_Solution/>
    <Cisco_x0020_Network_x0020_Application_x0020_Performance_x0020_Analysis_x0020_Solution/>
    <Managing_x0020_the_x0020_Enterprise_x0020_Campus_x0020_Architecture/>
    <Content_x0020_Networking_x0020_Management/>
    <Policy_x0020_Networking_x0020_Solution/>
    <Routing_x0020_and_x0020_Switching_x0020_Management_x0020_Solution/>
    <Security_x0020_and_x0020_VPN_x0020_Management_x0020_Solution/>
    <IP_x0020_Telephony_x0020_Management/>
</jcr:root>
